"","Population","Max.Pred.value","Obs.n"
"1","Pop1",3,2
"2","Pop1",1,2
"3","Pop1",3,2
"4","Pop1",1,2
"5","Pop1",1,2
"6","Pop1",3,2
"7","Pop1",1,2
"8","Pop1",1,2
"9","Pop1",1,2
"10","Pop1",3,2
"11","Pop1",3,2
"12","Pop1",3,2
"13","Pop1",1,2
"14","Pop1",3,2
"15","Pop1",1,2
"16","Pop1",1,2
"17","Pop1",3,2
"18","Pop1",3,2
"19","Pop1",3,2
"20","Pop1",1,2
"21","Pop1",1,2
"22","Pop1",3,2
"23","Pop1",1,2
"24","Pop1",1,2
"25","Pop1",1,2
"26","Pop1",3,2
"27","Pop1",3,2
"28","Pop1",1,2
"29","Pop1",1,2
"30","Pop1",1,2
"31","Pop1",1,2
"32","Pop1",3,2
"33","Pop1",1,2
"34","Pop1",3,2
"35","Pop1",3,2
"36","Pop1",3,2
"37","Pop1",3,2
"38","Pop1",1,2
"39","Pop1",1,2
"40","Pop1",1,2
"41","Pop1",1,2
"42","Pop1",1,2
"43","Pop1",3,2
"44","Pop1",3,2
"45","Pop1",3,2
"46","Pop1",1,2
"47","Pop1",1,2
"48","Pop1",3,2
"49","Pop1",3,2
"50","Pop1",1,2
"51","Pop1",1,2
"52","Pop1",1,2
"53","Pop1",1,2
"54","Pop1",3,2
"55","Pop1",3,2
"56","Pop1",3,2
"57","Pop1",3,2
"58","Pop1",1,2
"59","Pop1",3,2
"60","Pop1",1,2
"61","Pop1",1,2
"62","Pop1",1,2
"63","Pop1",1,2
"64","Pop1",1,2
"65","Pop1",3,2
"66","Pop1",3,2
"67","Pop1",3,2
"68","Pop1",1,2
"69","Pop1",1,2
"70","Pop1",1,2
"71","Pop1",3,2
"72","Pop1",1,2
"73","Pop1",1,2
"74","Pop1",3,2
"75","Pop1",3,2
"76","Pop1",1,2
"77","Pop1",3,2
"78","Pop1",3,2
"79","Pop1",1,2
"80","Pop1",1,2
"81","Pop1",3,2
"82","Pop1",1,2
"83","Pop1",3,2
"84","Pop1",1,2
"85","Pop1",3,2
"86","Pop1",3,2
"87","Pop1",3,2
"88","Pop1",3,2
"89","Pop1",3,2
"90","Pop1",3,2
"91","Pop1",1,2
"92","Pop1",1,2
"93","Pop1",3,2
"94","Pop1",1,2
"95","Pop1",1,2
"96","Pop1",1,2
"97","Pop1",3,2
"98","Pop1",3,2
"99","Pop1",1,2
"100","Pop1",1,2
"101","Pop1",6,4
"102","Pop1",3,4
"103","Pop1",6,4
"104","Pop1",6,4
"105","Pop1",3,4
"106","Pop1",3,4
"107","Pop1",1,4
"108","Pop1",3,4
"109","Pop1",6,4
"110","Pop1",3,4
"111","Pop1",6,4
"112","Pop1",3,4
"113","Pop1",9,4
"114","Pop1",6,4
"115","Pop1",3,4
"116","Pop1",3,4
"117","Pop1",6,4
"118","Pop1",3,4
"119","Pop1",1,4
"120","Pop1",3,4
"121","Pop1",3,4
"122","Pop1",6,4
"123","Pop1",6,4
"124","Pop1",6,4
"125","Pop1",1,4
"126","Pop1",3,4
"127","Pop1",3,4
"128","Pop1",3,4
"129","Pop1",1,4
"130","Pop1",6,4
"131","Pop1",6,4
"132","Pop1",1,4
"133","Pop1",3,4
"134","Pop1",1,4
"135","Pop1",3,4
"136","Pop1",3,4
"137","Pop1",3,4
"138","Pop1",1,4
"139","Pop1",3,4
"140","Pop1",6,4
"141","Pop1",3,4
"142","Pop1",6,4
"143","Pop1",1,4
"144","Pop1",1,4
"145","Pop1",3,4
"146","Pop1",3,4
"147","Pop1",3,4
"148","Pop1",6,4
"149","Pop1",3,4
"150","Pop1",3,4
"151","Pop1",3,4
"152","Pop1",6,4
"153","Pop1",1,4
"154","Pop1",6,4
"155","Pop1",3,4
"156","Pop1",1,4
"157","Pop1",6,4
"158","Pop1",3,4
"159","Pop1",3,4
"160","Pop1",1,4
"161","Pop1",3,4
"162","Pop1",3,4
"163","Pop1",3,4
"164","Pop1",6,4
"165","Pop1",3,4
"166","Pop1",3,4
"167","Pop1",1,4
"168","Pop1",6,4
"169","Pop1",6,4
"170","Pop1",1,4
"171","Pop1",6,4
"172","Pop1",6,4
"173","Pop1",1,4
"174","Pop1",1,4
"175","Pop1",1,4
"176","Pop1",3,4
"177","Pop1",3,4
"178","Pop1",1,4
"179","Pop1",1,4
"180","Pop1",3,4
"181","Pop1",3,4
"182","Pop1",6,4
"183","Pop1",3,4
"184","Pop1",3,4
"185","Pop1",3,4
"186","Pop1",3,4
"187","Pop1",1,4
"188","Pop1",3,4
"189","Pop1",3,4
"190","Pop1",9,4
"191","Pop1",6,4
"192","Pop1",3,4
"193","Pop1",3,4
"194","Pop1",1,4
"195","Pop1",6,4
"196","Pop1",1,4
"197","Pop1",3,4
"198","Pop1",6,4
"199","Pop1",6,4
"200","Pop1",6,4
"201","Pop1",6,8
"202","Pop1",3,8
"203","Pop1",3,8
"204","Pop1",9,8
"205","Pop1",12,8
"206","Pop1",6,8
"207","Pop1",9,8
"208","Pop1",12,8
"209","Pop1",3,8
"210","Pop1",6,8
"211","Pop1",6,8
"212","Pop1",9,8
"213","Pop1",6,8
"214","Pop1",1,8
"215","Pop1",6,8
"216","Pop1",1,8
"217","Pop1",9,8
"218","Pop1",9,8
"219","Pop1",9,8
"220","Pop1",1,8
"221","Pop1",3,8
"222","Pop1",6,8
"223","Pop1",3,8
"224","Pop1",6,8
"225","Pop1",6,8
"226","Pop1",6,8
"227","Pop1",3,8
"228","Pop1",3,8
"229","Pop1",9,8
"230","Pop1",3,8
"231","Pop1",3,8
"232","Pop1",6,8
"233","Pop1",6,8
"234","Pop1",3,8
"235","Pop1",6,8
"236","Pop1",9,8
"237","Pop1",3,8
"238","Pop1",3,8
"239","Pop1",6,8
"240","Pop1",3,8
"241","Pop1",3,8
"242","Pop1",6,8
"243","Pop1",6,8
"244","Pop1",6,8
"245","Pop1",12,8
"246","Pop1",9,8
"247","Pop1",3,8
"248","Pop1",6,8
"249","Pop1",6,8
"250","Pop1",9,8
"251","Pop1",9,8
"252","Pop1",6,8
"253","Pop1",6,8
"254","Pop1",9,8
"255","Pop1",9,8
"256","Pop1",6,8
"257","Pop1",6,8
"258","Pop1",3,8
"259","Pop1",3,8
"260","Pop1",9,8
"261","Pop1",6,8
"262","Pop1",3,8
"263","Pop1",6,8
"264","Pop1",6,8
"265","Pop1",6,8
"266","Pop1",3,8
"267","Pop1",6,8
"268","Pop1",6,8
"269","Pop1",6,8
"270","Pop1",6,8
"271","Pop1",3,8
"272","Pop1",9,8
"273","Pop1",6,8
"274","Pop1",3,8
"275","Pop1",9,8
"276","Pop1",6,8
"277","Pop1",9,8
"278","Pop1",6,8
"279","Pop1",6,8
"280","Pop1",6,8
"281","Pop1",6,8
"282","Pop1",1,8
"283","Pop1",3,8
"284","Pop1",1,8
"285","Pop1",9,8
"286","Pop1",6,8
"287","Pop1",6,8
"288","Pop1",6,8
"289","Pop1",9,8
"290","Pop1",6,8
"291","Pop1",6,8
"292","Pop1",6,8
"293","Pop1",6,8
"294","Pop1",9,8
"295","Pop1",6,8
"296","Pop1",3,8
"297","Pop1",6,8
"298","Pop1",6,8
"299","Pop1",9,8
"300","Pop1",3,8
"301","Pop1",6,16
"302","Pop1",6,16
"303","Pop1",9,16
"304","Pop1",6,16
"305","Pop1",6,16
"306","Pop1",9,16
"307","Pop1",12,16
"308","Pop1",9,16
"309","Pop1",3,16
"310","Pop1",9,16
"311","Pop1",6,16
"312","Pop1",12,16
"313","Pop1",9,16
"314","Pop1",6,16
"315","Pop1",6,16
"316","Pop1",12,16
"317","Pop1",9,16
"318","Pop1",9,16
"319","Pop1",9,16
"320","Pop1",9,16
"321","Pop1",3,16
"322","Pop1",12,16
"323","Pop1",9,16
"324","Pop1",12,16
"325","Pop1",6,16
"326","Pop1",9,16
"327","Pop1",12,16
"328","Pop1",6,16
"329","Pop1",12,16
"330","Pop1",9,16
"331","Pop1",9,16
"332","Pop1",3,16
"333","Pop1",9,16
"334","Pop1",9,16
"335","Pop1",6,16
"336","Pop1",9,16
"337","Pop1",6,16
"338","Pop1",9,16
"339","Pop1",6,16
"340","Pop1",9,16
"341","Pop1",9,16
"342","Pop1",9,16
"343","Pop1",12,16
"344","Pop1",9,16
"345","Pop1",6,16
"346","Pop1",6,16
"347","Pop1",6,16
"348","Pop1",3,16
"349","Pop1",12,16
"350","Pop1",9,16
"351","Pop1",9,16
"352","Pop1",6,16
"353","Pop1",9,16
"354","Pop1",12,16
"355","Pop1",9,16
"356","Pop1",12,16
"357","Pop1",15,16
"358","Pop1",9,16
"359","Pop1",12,16
"360","Pop1",3,16
"361","Pop1",9,16
"362","Pop1",9,16
"363","Pop1",9,16
"364","Pop1",9,16
"365","Pop1",6,16
"366","Pop1",9,16
"367","Pop1",15,16
"368","Pop1",12,16
"369","Pop1",9,16
"370","Pop1",9,16
"371","Pop1",9,16
"372","Pop1",9,16
"373","Pop1",12,16
"374","Pop1",6,16
"375","Pop1",9,16
"376","Pop1",12,16
"377","Pop1",9,16
"378","Pop1",9,16
"379","Pop1",9,16
"380","Pop1",9,16
"381","Pop1",12,16
"382","Pop1",9,16
"383","Pop1",6,16
"384","Pop1",6,16
"385","Pop1",6,16
"386","Pop1",6,16
"387","Pop1",6,16
"388","Pop1",6,16
"389","Pop1",6,16
"390","Pop1",9,16
"391","Pop1",9,16
"392","Pop1",17,16
"393","Pop1",9,16
"394","Pop1",9,16
"395","Pop1",6,16
"396","Pop1",9,16
"397","Pop1",12,16
"398","Pop1",9,16
"399","Pop1",6,16
"400","Pop1",12,16
"401","Pop1",9,32
"402","Pop1",12,32
"403","Pop1",12,32
"404","Pop1",9,32
"405","Pop1",6,32
"406","Pop1",9,32
"407","Pop1",9,32
"408","Pop1",15,32
"409","Pop1",9,32
"410","Pop1",9,32
"411","Pop1",12,32
"412","Pop1",6,32
"413","Pop1",9,32
"414","Pop1",15,32
"415","Pop1",6,32
"416","Pop1",12,32
"417","Pop1",9,32
"418","Pop1",15,32
"419","Pop1",15,32
"420","Pop1",12,32
"421","Pop1",9,32
"422","Pop1",9,32
"423","Pop1",9,32
"424","Pop1",9,32
"425","Pop1",12,32
"426","Pop1",12,32
"427","Pop1",9,32
"428","Pop1",9,32
"429","Pop1",12,32
"430","Pop1",12,32
"431","Pop1",12,32
"432","Pop1",9,32
"433","Pop1",12,32
"434","Pop1",9,32
"435","Pop1",6,32
"436","Pop1",15,32
"437","Pop1",6,32
"438","Pop1",6,32
"439","Pop1",12,32
"440","Pop1",15,32
"441","Pop1",15,32
"442","Pop1",12,32
"443","Pop1",12,32
"444","Pop1",12,32
"445","Pop1",12,32
"446","Pop1",12,32
"447","Pop1",6,32
"448","Pop1",12,32
"449","Pop1",12,32
"450","Pop1",12,32
"451","Pop1",12,32
"452","Pop1",12,32
"453","Pop1",9,32
"454","Pop1",12,32
"455","Pop1",12,32
"456","Pop1",12,32
"457","Pop1",6,32
"458","Pop1",12,32
"459","Pop1",9,32
"460","Pop1",15,32
"461","Pop1",15,32
"462","Pop1",15,32
"463","Pop1",12,32
"464","Pop1",12,32
"465","Pop1",12,32
"466","Pop1",9,32
"467","Pop1",15,32
"468","Pop1",12,32
"469","Pop1",12,32
"470","Pop1",9,32
"471","Pop1",9,32
"472","Pop1",12,32
"473","Pop1",12,32
"474","Pop1",17,32
"475","Pop1",9,32
"476","Pop1",15,32
"477","Pop1",9,32
"478","Pop1",12,32
"479","Pop1",17,32
"480","Pop1",12,32
"481","Pop1",9,32
"482","Pop1",15,32
"483","Pop1",9,32
"484","Pop1",15,32
"485","Pop1",9,32
"486","Pop1",9,32
"487","Pop1",12,32
"488","Pop1",12,32
"489","Pop1",15,32
"490","Pop1",9,32
"491","Pop1",12,32
"492","Pop1",12,32
"493","Pop1",12,32
"494","Pop1",12,32
"495","Pop1",9,32
"496","Pop1",9,32
"497","Pop1",12,32
"498","Pop1",12,32
"499","Pop1",12,32
"500","Pop1",15,32
"501","Pop1",17,64
"502","Pop1",9,64
"503","Pop1",15,64
"504","Pop1",17,64
"505","Pop1",15,64
"506","Pop1",12,64
"507","Pop1",15,64
"508","Pop1",15,64
"509","Pop1",15,64
"510","Pop1",15,64
"511","Pop1",12,64
"512","Pop1",12,64
"513","Pop1",15,64
"514","Pop1",17,64
"515","Pop1",12,64
"516","Pop1",12,64
"517","Pop1",12,64
"518","Pop1",9,64
"519","Pop1",12,64
"520","Pop1",15,64
"521","Pop1",15,64
"522","Pop1",15,64
"523","Pop1",15,64
"524","Pop1",17,64
"525","Pop1",17,64
"526","Pop1",9,64
"527","Pop1",15,64
"528","Pop1",12,64
"529","Pop1",17,64
"530","Pop1",17,64
"531","Pop1",12,64
"532","Pop1",17,64
"533","Pop1",12,64
"534","Pop1",17,64
"535","Pop1",15,64
"536","Pop1",12,64
"537","Pop1",17,64
"538","Pop1",17,64
"539","Pop1",15,64
"540","Pop1",15,64
"541","Pop1",12,64
"542","Pop1",15,64
"543","Pop1",17,64
"544","Pop1",12,64
"545","Pop1",17,64
"546","Pop1",15,64
"547","Pop1",15,64
"548","Pop1",17,64
"549","Pop1",15,64
"550","Pop1",17,64
"551","Pop1",17,64
"552","Pop1",12,64
"553","Pop1",15,64
"554","Pop1",12,64
"555","Pop1",12,64
"556","Pop1",17,64
"557","Pop1",20,64
"558","Pop1",12,64
"559","Pop1",12,64
"560","Pop1",17,64
"561","Pop1",12,64
"562","Pop1",20,64
"563","Pop1",12,64
"564","Pop1",12,64
"565","Pop1",12,64
"566","Pop1",12,64
"567","Pop1",15,64
"568","Pop1",17,64
"569","Pop1",15,64
"570","Pop1",17,64
"571","Pop1",12,64
"572","Pop1",15,64
"573","Pop1",12,64
"574","Pop1",15,64
"575","Pop1",15,64
"576","Pop1",15,64
"577","Pop1",15,64
"578","Pop1",15,64
"579","Pop1",15,64
"580","Pop1",15,64
"581","Pop1",12,64
"582","Pop1",17,64
"583","Pop1",12,64
"584","Pop1",12,64
"585","Pop1",12,64
"586","Pop1",15,64
"587","Pop1",12,64
"588","Pop1",15,64
"589","Pop1",15,64
"590","Pop1",9,64
"591","Pop1",17,64
"592","Pop1",15,64
"593","Pop1",12,64
"594","Pop1",12,64
"595","Pop1",15,64
"596","Pop1",12,64
"597","Pop1",15,64
"598","Pop1",12,64
"599","Pop1",17,64
"600","Pop1",17,64
"601","Pop1",17,128
"602","Pop1",23,128
"603","Pop1",17,128
"604","Pop1",20,128
"605","Pop1",12,128
"606","Pop1",15,128
"607","Pop1",20,128
"608","Pop1",20,128
"609","Pop1",15,128
"610","Pop1",15,128
"611","Pop1",15,128
"612","Pop1",17,128
"613","Pop1",23,128
"614","Pop1",17,128
"615","Pop1",15,128
"616","Pop1",15,128
"617","Pop1",12,128
"618","Pop1",17,128
"619","Pop1",17,128
"620","Pop1",20,128
"621","Pop1",17,128
"622","Pop1",15,128
"623","Pop1",17,128
"624","Pop1",12,128
"625","Pop1",17,128
"626","Pop1",23,128
"627","Pop1",15,128
"628","Pop1",15,128
"629","Pop1",15,128
"630","Pop1",12,128
"631","Pop1",15,128
"632","Pop1",23,128
"633","Pop1",15,128
"634","Pop1",15,128
"635","Pop1",17,128
"636","Pop1",12,128
"637","Pop1",20,128
"638","Pop1",23,128
"639","Pop1",17,128
"640","Pop1",20,128
"641","Pop1",17,128
"642","Pop1",17,128
"643","Pop1",17,128
"644","Pop1",15,128
"645","Pop1",15,128
"646","Pop1",17,128
"647","Pop1",17,128
"648","Pop1",17,128
"649","Pop1",20,128
"650","Pop1",15,128
"651","Pop1",12,128
"652","Pop1",15,128
"653","Pop1",15,128
"654","Pop1",15,128
"655","Pop1",12,128
"656","Pop1",15,128
"657","Pop1",17,128
"658","Pop1",20,128
"659","Pop1",12,128
"660","Pop1",15,128
"661","Pop1",15,128
"662","Pop1",15,128
"663","Pop1",20,128
"664","Pop1",15,128
"665","Pop1",17,128
"666","Pop1",23,128
"667","Pop1",20,128
"668","Pop1",20,128
"669","Pop1",17,128
"670","Pop1",17,128
"671","Pop1",23,128
"672","Pop1",15,128
"673","Pop1",17,128
"674","Pop1",15,128
"675","Pop1",15,128
"676","Pop1",17,128
"677","Pop1",12,128
"678","Pop1",17,128
"679","Pop1",15,128
"680","Pop1",17,128
"681","Pop1",17,128
"682","Pop1",17,128
"683","Pop1",15,128
"684","Pop1",15,128
"685","Pop1",12,128
"686","Pop1",15,128
"687","Pop1",17,128
"688","Pop1",23,128
"689","Pop1",15,128
"690","Pop1",12,128
"691","Pop1",12,128
"692","Pop1",20,128
"693","Pop1",17,128
"694","Pop1",12,128
"695","Pop1",15,128
"696","Pop1",17,128
"697","Pop1",15,128
"698","Pop1",17,128
"699","Pop1",15,128
"700","Pop1",12,128
"701","Pop2",3,2
"702","Pop2",1,2
"703","Pop2",1,2
"704","Pop2",1,2
"705","Pop2",1,2
"706","Pop2",3,2
"707","Pop2",1,2
"708","Pop2",1,2
"709","Pop2",1,2
"710","Pop2",3,2
"711","Pop2",3,2
"712","Pop2",1,2
"713","Pop2",1,2
"714","Pop2",3,2
"715","Pop2",1,2
"716","Pop2",1,2
"717","Pop2",3,2
"718","Pop2",3,2
"719","Pop2",1,2
"720","Pop2",3,2
"721","Pop2",3,2
"722","Pop2",1,2
"723","Pop2",3,2
"724","Pop2",1,2
"725","Pop2",3,2
"726","Pop2",1,2
"727","Pop2",3,2
"728","Pop2",1,2
"729","Pop2",3,2
"730","Pop2",3,2
"731","Pop2",3,2
"732","Pop2",1,2
"733","Pop2",3,2
"734","Pop2",1,2
"735","Pop2",1,2
"736","Pop2",1,2
"737","Pop2",1,2
"738","Pop2",1,2
"739","Pop2",3,2
"740","Pop2",1,2
"741","Pop2",1,2
"742","Pop2",1,2
"743","Pop2",1,2
"744","Pop2",1,2
"745","Pop2",1,2
"746","Pop2",3,2
"747","Pop2",3,2
"748","Pop2",3,2
"749","Pop2",3,2
"750","Pop2",1,2
"751","Pop2",1,2
"752","Pop2",3,2
"753","Pop2",1,2
"754","Pop2",1,2
"755","Pop2",1,2
"756","Pop2",3,2
"757","Pop2",1,2
"758","Pop2",1,2
"759","Pop2",1,2
"760","Pop2",1,2
"761","Pop2",1,2
"762","Pop2",3,2
"763","Pop2",1,2
"764","Pop2",3,2
"765","Pop2",1,2
"766","Pop2",3,2
"767","Pop2",3,2
"768","Pop2",1,2
"769","Pop2",1,2
"770","Pop2",1,2
"771","Pop2",1,2
"772","Pop2",3,2
"773","Pop2",3,2
"774","Pop2",1,2
"775","Pop2",1,2
"776","Pop2",3,2
"777","Pop2",1,2
"778","Pop2",1,2
"779","Pop2",1,2
"780","Pop2",1,2
"781","Pop2",3,2
"782","Pop2",1,2
"783","Pop2",3,2
"784","Pop2",3,2
"785","Pop2",1,2
"786","Pop2",1,2
"787","Pop2",3,2
"788","Pop2",3,2
"789","Pop2",1,2
"790","Pop2",1,2
"791","Pop2",3,2
"792","Pop2",1,2
"793","Pop2",1,2
"794","Pop2",3,2
"795","Pop2",3,2
"796","Pop2",3,2
"797","Pop2",3,2
"798","Pop2",1,2
"799","Pop2",1,2
"800","Pop2",1,2
"801","Pop2",3,4
"802","Pop2",3,4
"803","Pop2",3,4
"804","Pop2",6,4
"805","Pop2",1,4
"806","Pop2",1,4
"807","Pop2",1,4
"808","Pop2",3,4
"809","Pop2",1,4
"810","Pop2",1,4
"811","Pop2",1,4
"812","Pop2",1,4
"813","Pop2",1,4
"814","Pop2",1,4
"815","Pop2",3,4
"816","Pop2",1,4
"817","Pop2",1,4
"818","Pop2",1,4
"819","Pop2",3,4
"820","Pop2",1,4
"821","Pop2",3,4
"822","Pop2",1,4
"823","Pop2",1,4
"824","Pop2",3,4
"825","Pop2",3,4
"826","Pop2",6,4
"827","Pop2",1,4
"828","Pop2",1,4
"829","Pop2",3,4
"830","Pop2",1,4
"831","Pop2",3,4
"832","Pop2",6,4
"833","Pop2",3,4
"834","Pop2",6,4
"835","Pop2",3,4
"836","Pop2",3,4
"837","Pop2",3,4
"838","Pop2",3,4
"839","Pop2",1,4
"840","Pop2",1,4
"841","Pop2",1,4
"842","Pop2",1,4
"843","Pop2",6,4
"844","Pop2",3,4
"845","Pop2",3,4
"846","Pop2",3,4
"847","Pop2",6,4
"848","Pop2",1,4
"849","Pop2",1,4
"850","Pop2",3,4
"851","Pop2",1,4
"852","Pop2",3,4
"853","Pop2",3,4
"854","Pop2",3,4
"855","Pop2",3,4
"856","Pop2",3,4
"857","Pop2",3,4
"858","Pop2",1,4
"859","Pop2",3,4
"860","Pop2",1,4
"861","Pop2",1,4
"862","Pop2",6,4
"863","Pop2",1,4
"864","Pop2",3,4
"865","Pop2",1,4
"866","Pop2",3,4
"867","Pop2",1,4
"868","Pop2",3,4
"869","Pop2",6,4
"870","Pop2",1,4
"871","Pop2",1,4
"872","Pop2",3,4
"873","Pop2",3,4
"874","Pop2",3,4
"875","Pop2",3,4
"876","Pop2",1,4
"877","Pop2",6,4
"878","Pop2",6,4
"879","Pop2",3,4
"880","Pop2",3,4
"881","Pop2",1,4
"882","Pop2",3,4
"883","Pop2",3,4
"884","Pop2",1,4
"885","Pop2",3,4
"886","Pop2",1,4
"887","Pop2",3,4
"888","Pop2",3,4
"889","Pop2",3,4
"890","Pop2",6,4
"891","Pop2",3,4
"892","Pop2",1,4
"893","Pop2",1,4
"894","Pop2",1,4
"895","Pop2",3,4
"896","Pop2",1,4
"897","Pop2",3,4
"898","Pop2",1,4
"899","Pop2",6,4
"900","Pop2",1,4
"901","Pop2",3,8
"902","Pop2",9,8
"903","Pop2",1,8
"904","Pop2",1,8
"905","Pop2",3,8
"906","Pop2",1,8
"907","Pop2",1,8
"908","Pop2",9,8
"909","Pop2",9,8
"910","Pop2",3,8
"911","Pop2",3,8
"912","Pop2",1,8
"913","Pop2",3,8
"914","Pop2",6,8
"915","Pop2",3,8
"916","Pop2",6,8
"917","Pop2",6,8
"918","Pop2",3,8
"919","Pop2",9,8
"920","Pop2",3,8
"921","Pop2",3,8
"922","Pop2",1,8
"923","Pop2",6,8
"924","Pop2",1,8
"925","Pop2",6,8
"926","Pop2",3,8
"927","Pop2",6,8
"928","Pop2",3,8
"929","Pop2",6,8
"930","Pop2",6,8
"931","Pop2",1,8
"932","Pop2",9,8
"933","Pop2",3,8
"934","Pop2",9,8
"935","Pop2",1,8
"936","Pop2",6,8
"937","Pop2",1,8
"938","Pop2",3,8
"939","Pop2",1,8
"940","Pop2",9,8
"941","Pop2",1,8
"942","Pop2",3,8
"943","Pop2",3,8
"944","Pop2",6,8
"945","Pop2",1,8
"946","Pop2",6,8
"947","Pop2",1,8
"948","Pop2",1,8
"949","Pop2",6,8
"950","Pop2",9,8
"951","Pop2",1,8
"952","Pop2",6,8
"953","Pop2",6,8
"954","Pop2",3,8
"955","Pop2",3,8
"956","Pop2",3,8
"957","Pop2",1,8
"958","Pop2",1,8
"959","Pop2",6,8
"960","Pop2",3,8
"961","Pop2",3,8
"962","Pop2",6,8
"963","Pop2",6,8
"964","Pop2",9,8
"965","Pop2",3,8
"966","Pop2",3,8
"967","Pop2",3,8
"968","Pop2",1,8
"969","Pop2",1,8
"970","Pop2",3,8
"971","Pop2",6,8
"972","Pop2",3,8
"973","Pop2",3,8
"974","Pop2",3,8
"975","Pop2",3,8
"976","Pop2",6,8
"977","Pop2",3,8
"978","Pop2",3,8
"979","Pop2",3,8
"980","Pop2",3,8
"981","Pop2",6,8
"982","Pop2",3,8
"983","Pop2",3,8
"984","Pop2",6,8
"985","Pop2",3,8
"986","Pop2",6,8
"987","Pop2",3,8
"988","Pop2",9,8
"989","Pop2",3,8
"990","Pop2",3,8
"991","Pop2",1,8
"992","Pop2",3,8
"993","Pop2",1,8
"994","Pop2",1,8
"995","Pop2",3,8
"996","Pop2",3,8
"997","Pop2",3,8
"998","Pop2",6,8
"999","Pop2",1,8
"1000","Pop2",3,8
"1001","Pop2",6,16
"1002","Pop2",12,16
"1003","Pop2",6,16
"1004","Pop2",9,16
"1005","Pop2",6,16
"1006","Pop2",12,16
"1007","Pop2",12,16
"1008","Pop2",9,16
"1009","Pop2",6,16
"1010","Pop2",6,16
"1011","Pop2",3,16
"1012","Pop2",9,16
"1013","Pop2",12,16
"1014","Pop2",12,16
"1015","Pop2",12,16
"1016","Pop2",3,16
"1017","Pop2",9,16
"1018","Pop2",9,16
"1019","Pop2",9,16
"1020","Pop2",6,16
"1021","Pop2",9,16
"1022","Pop2",12,16
"1023","Pop2",3,16
"1024","Pop2",6,16
"1025","Pop2",9,16
"1026","Pop2",3,16
"1027","Pop2",12,16
"1028","Pop2",3,16
"1029","Pop2",6,16
"1030","Pop2",3,16
"1031","Pop2",6,16
"1032","Pop2",3,16
"1033","Pop2",6,16
"1034","Pop2",9,16
"1035","Pop2",6,16
"1036","Pop2",6,16
"1037","Pop2",6,16
"1038","Pop2",6,16
"1039","Pop2",9,16
"1040","Pop2",9,16
"1041","Pop2",6,16
"1042","Pop2",6,16
"1043","Pop2",6,16
"1044","Pop2",6,16
"1045","Pop2",3,16
"1046","Pop2",9,16
"1047","Pop2",12,16
"1048","Pop2",3,16
"1049","Pop2",9,16
"1050","Pop2",3,16
"1051","Pop2",6,16
"1052","Pop2",9,16
"1053","Pop2",3,16
"1054","Pop2",9,16
"1055","Pop2",9,16
"1056","Pop2",6,16
"1057","Pop2",9,16
"1058","Pop2",3,16
"1059","Pop2",3,16
"1060","Pop2",12,16
"1061","Pop2",6,16
"1062","Pop2",6,16
"1063","Pop2",9,16
"1064","Pop2",9,16
"1065","Pop2",6,16
"1066","Pop2",6,16
"1067","Pop2",6,16
"1068","Pop2",15,16
"1069","Pop2",9,16
"1070","Pop2",15,16
"1071","Pop2",9,16
"1072","Pop2",3,16
"1073","Pop2",6,16
"1074","Pop2",6,16
"1075","Pop2",6,16
"1076","Pop2",15,16
"1077","Pop2",15,16
"1078","Pop2",3,16
"1079","Pop2",12,16
"1080","Pop2",3,16
"1081","Pop2",1,16
"1082","Pop2",9,16
"1083","Pop2",9,16
"1084","Pop2",3,16
"1085","Pop2",6,16
"1086","Pop2",12,16
"1087","Pop2",12,16
"1088","Pop2",12,16
"1089","Pop2",6,16
"1090","Pop2",17,16
"1091","Pop2",9,16
"1092","Pop2",9,16
"1093","Pop2",6,16
"1094","Pop2",6,16
"1095","Pop2",6,16
"1096","Pop2",3,16
"1097","Pop2",12,16
"1098","Pop2",6,16
"1099","Pop2",6,16
"1100","Pop2",6,16
"1101","Pop2",9,32
"1102","Pop2",9,32
"1103","Pop2",12,32
"1104","Pop2",12,32
"1105","Pop2",12,32
"1106","Pop2",9,32
"1107","Pop2",9,32
"1108","Pop2",17,32
"1109","Pop2",6,32
"1110","Pop2",15,32
"1111","Pop2",12,32
"1112","Pop2",9,32
"1113","Pop2",12,32
"1114","Pop2",12,32
"1115","Pop2",9,32
"1116","Pop2",12,32
"1117","Pop2",15,32
"1118","Pop2",9,32
"1119","Pop2",15,32
"1120","Pop2",12,32
"1121","Pop2",6,32
"1122","Pop2",12,32
"1123","Pop2",12,32
"1124","Pop2",12,32
"1125","Pop2",12,32
"1126","Pop2",9,32
"1127","Pop2",20,32
"1128","Pop2",15,32
"1129","Pop2",9,32
"1130","Pop2",12,32
"1131","Pop2",9,32
"1132","Pop2",12,32
"1133","Pop2",6,32
"1134","Pop2",9,32
"1135","Pop2",17,32
"1136","Pop2",12,32
"1137","Pop2",9,32
"1138","Pop2",9,32
"1139","Pop2",15,32
"1140","Pop2",9,32
"1141","Pop2",12,32
"1142","Pop2",12,32
"1143","Pop2",15,32
"1144","Pop2",6,32
"1145","Pop2",15,32
"1146","Pop2",6,32
"1147","Pop2",12,32
"1148","Pop2",15,32
"1149","Pop2",9,32
"1150","Pop2",9,32
"1151","Pop2",6,32
"1152","Pop2",17,32
"1153","Pop2",6,32
"1154","Pop2",9,32
"1155","Pop2",12,32
"1156","Pop2",9,32
"1157","Pop2",15,32
"1158","Pop2",12,32
"1159","Pop2",12,32
"1160","Pop2",9,32
"1161","Pop2",9,32
"1162","Pop2",12,32
"1163","Pop2",6,32
"1164","Pop2",15,32
"1165","Pop2",12,32
"1166","Pop2",12,32
"1167","Pop2",12,32
"1168","Pop2",9,32
"1169","Pop2",9,32
"1170","Pop2",9,32
"1171","Pop2",15,32
"1172","Pop2",12,32
"1173","Pop2",6,32
"1174","Pop2",12,32
"1175","Pop2",9,32
"1176","Pop2",9,32
"1177","Pop2",12,32
"1178","Pop2",15,32
"1179","Pop2",9,32
"1180","Pop2",12,32
"1181","Pop2",12,32
"1182","Pop2",9,32
"1183","Pop2",12,32
"1184","Pop2",12,32
"1185","Pop2",9,32
"1186","Pop2",9,32
"1187","Pop2",15,32
"1188","Pop2",12,32
"1189","Pop2",15,32
"1190","Pop2",6,32
"1191","Pop2",12,32
"1192","Pop2",12,32
"1193","Pop2",17,32
"1194","Pop2",12,32
"1195","Pop2",17,32
"1196","Pop2",12,32
"1197","Pop2",3,32
"1198","Pop2",12,32
"1199","Pop2",6,32
"1200","Pop2",17,32
"1201","Pop2",15,64
"1202","Pop2",15,64
"1203","Pop2",17,64
"1204","Pop2",17,64
"1205","Pop2",15,64
"1206","Pop2",20,64
"1207","Pop2",17,64
"1208","Pop2",9,64
"1209","Pop2",17,64
"1210","Pop2",17,64
"1211","Pop2",12,64
"1212","Pop2",17,64
"1213","Pop2",15,64
"1214","Pop2",12,64
"1215","Pop2",15,64
"1216","Pop2",23,64
"1217","Pop2",15,64
"1218","Pop2",17,64
"1219","Pop2",17,64
"1220","Pop2",15,64
"1221","Pop2",20,64
"1222","Pop2",15,64
"1223","Pop2",15,64
"1224","Pop2",12,64
"1225","Pop2",12,64
"1226","Pop2",17,64
"1227","Pop2",23,64
"1228","Pop2",12,64
"1229","Pop2",20,64
"1230","Pop2",15,64
"1231","Pop2",20,64
"1232","Pop2",20,64
"1233","Pop2",15,64
"1234","Pop2",20,64
"1235","Pop2",20,64
"1236","Pop2",17,64
"1237","Pop2",9,64
"1238","Pop2",20,64
"1239","Pop2",12,64
"1240","Pop2",9,64
"1241","Pop2",15,64
"1242","Pop2",15,64
"1243","Pop2",17,64
"1244","Pop2",23,64
"1245","Pop2",20,64
"1246","Pop2",12,64
"1247","Pop2",15,64
"1248","Pop2",12,64
"1249","Pop2",9,64
"1250","Pop2",20,64
"1251","Pop2",20,64
"1252","Pop2",17,64
"1253","Pop2",12,64
"1254","Pop2",12,64
"1255","Pop2",15,64
"1256","Pop2",12,64
"1257","Pop2",20,64
"1258","Pop2",15,64
"1259","Pop2",17,64
"1260","Pop2",15,64
"1261","Pop2",15,64
"1262","Pop2",12,64
"1263","Pop2",12,64
"1264","Pop2",15,64
"1265","Pop2",20,64
"1266","Pop2",12,64
"1267","Pop2",15,64
"1268","Pop2",20,64
"1269","Pop2",17,64
"1270","Pop2",20,64
"1271","Pop2",15,64
"1272","Pop2",12,64
"1273","Pop2",20,64
"1274","Pop2",12,64
"1275","Pop2",20,64
"1276","Pop2",20,64
"1277","Pop2",9,64
"1278","Pop2",17,64
"1279","Pop2",15,64
"1280","Pop2",12,64
"1281","Pop2",12,64
"1282","Pop2",15,64
"1283","Pop2",20,64
"1284","Pop2",23,64
"1285","Pop2",17,64
"1286","Pop2",17,64
"1287","Pop2",15,64
"1288","Pop2",20,64
"1289","Pop2",20,64
"1290","Pop2",15,64
"1291","Pop2",20,64
"1292","Pop2",17,64
"1293","Pop2",12,64
"1294","Pop2",12,64
"1295","Pop2",20,64
"1296","Pop2",17,64
"1297","Pop2",23,64
"1298","Pop2",17,64
"1299","Pop2",17,64
"1300","Pop2",23,64
"1301","Pop2",26,128
"1302","Pop2",17,128
"1303","Pop2",17,128
"1304","Pop2",17,128
"1305","Pop2",26,128
"1306","Pop2",26,128
"1307","Pop2",20,128
"1308","Pop2",23,128
"1309","Pop2",17,128
"1310","Pop2",23,128
"1311","Pop2",29,128
"1312","Pop2",20,128
"1313","Pop2",20,128
"1314","Pop2",17,128
"1315","Pop2",23,128
"1316","Pop2",26,128
"1317","Pop2",23,128
"1318","Pop2",20,128
"1319","Pop2",23,128
"1320","Pop2",26,128
"1321","Pop2",23,128
"1322","Pop2",26,128
"1323","Pop2",20,128
"1324","Pop2",20,128
"1325","Pop2",26,128
"1326","Pop2",23,128
"1327","Pop2",23,128
"1328","Pop2",23,128
"1329","Pop2",20,128
"1330","Pop2",26,128
"1331","Pop2",20,128
"1332","Pop2",23,128
"1333","Pop2",23,128
"1334","Pop2",20,128
"1335","Pop2",23,128
"1336","Pop2",17,128
"1337","Pop2",26,128
"1338","Pop2",20,128
"1339","Pop2",23,128
"1340","Pop2",26,128
"1341","Pop2",23,128
"1342","Pop2",20,128
"1343","Pop2",20,128
"1344","Pop2",20,128
"1345","Pop2",23,128
"1346","Pop2",23,128
"1347","Pop2",29,128
"1348","Pop2",26,128
"1349","Pop2",23,128
"1350","Pop2",15,128
"1351","Pop2",20,128
"1352","Pop2",23,128
"1353","Pop2",23,128
"1354","Pop2",20,128
"1355","Pop2",23,128
"1356","Pop2",17,128
"1357","Pop2",23,128
"1358","Pop2",26,128
"1359","Pop2",23,128
"1360","Pop2",26,128
"1361","Pop2",26,128
"1362","Pop2",20,128
"1363","Pop2",26,128
"1364","Pop2",20,128
"1365","Pop2",20,128
"1366","Pop2",20,128
"1367","Pop2",26,128
"1368","Pop2",23,128
"1369","Pop2",23,128
"1370","Pop2",17,128
"1371","Pop2",20,128
"1372","Pop2",17,128
"1373","Pop2",20,128
"1374","Pop2",23,128
"1375","Pop2",20,128
"1376","Pop2",23,128
"1377","Pop2",23,128
"1378","Pop2",20,128
"1379","Pop2",17,128
"1380","Pop2",20,128
"1381","Pop2",20,128
"1382","Pop2",17,128
"1383","Pop2",26,128
"1384","Pop2",23,128
"1385","Pop2",23,128
"1386","Pop2",20,128
"1387","Pop2",20,128
"1388","Pop2",20,128
"1389","Pop2",23,128
"1390","Pop2",20,128
"1391","Pop2",17,128
"1392","Pop2",26,128
"1393","Pop2",20,128
"1394","Pop2",26,128
"1395","Pop2",15,128
"1396","Pop2",20,128
"1397","Pop2",20,128
"1398","Pop2",15,128
"1399","Pop2",23,128
"1400","Pop2",23,128
"1401","Pop3",3,2
"1402","Pop3",3,2
"1403","Pop3",3,2
"1404","Pop3",3,2
"1405","Pop3",3,2
"1406","Pop3",3,2
"1407","Pop3",3,2
"1408","Pop3",3,2
"1409","Pop3",3,2
"1410","Pop3",3,2
"1411","Pop3",1,2
"1412","Pop3",3,2
"1413","Pop3",3,2
"1414","Pop3",1,2
"1415","Pop3",3,2
"1416","Pop3",3,2
"1417","Pop3",3,2
"1418","Pop3",3,2
"1419","Pop3",3,2
"1420","Pop3",3,2
"1421","Pop3",3,2
"1422","Pop3",3,2
"1423","Pop3",3,2
"1424","Pop3",3,2
"1425","Pop3",3,2
"1426","Pop3",3,2
"1427","Pop3",3,2
"1428","Pop3",3,2
"1429","Pop3",3,2
"1430","Pop3",3,2
"1431","Pop3",3,2
"1432","Pop3",3,2
"1433","Pop3",3,2
"1434","Pop3",3,2
"1435","Pop3",3,2
"1436","Pop3",3,2
"1437","Pop3",3,2
"1438","Pop3",3,2
"1439","Pop3",3,2
"1440","Pop3",3,2
"1441","Pop3",3,2
"1442","Pop3",3,2
"1443","Pop3",1,2
"1444","Pop3",1,2
"1445","Pop3",3,2
"1446","Pop3",3,2
"1447","Pop3",3,2
"1448","Pop3",3,2
"1449","Pop3",3,2
"1450","Pop3",3,2
"1451","Pop3",3,2
"1452","Pop3",3,2
"1453","Pop3",3,2
"1454","Pop3",3,2
"1455","Pop3",3,2
"1456","Pop3",3,2
"1457","Pop3",3,2
"1458","Pop3",3,2
"1459","Pop3",3,2
"1460","Pop3",3,2
"1461","Pop3",3,2
"1462","Pop3",3,2
"1463","Pop3",3,2
"1464","Pop3",3,2
"1465","Pop3",3,2
"1466","Pop3",3,2
"1467","Pop3",3,2
"1468","Pop3",3,2
"1469","Pop3",3,2
"1470","Pop3",3,2
"1471","Pop3",3,2
"1472","Pop3",3,2
"1473","Pop3",3,2
"1474","Pop3",3,2
"1475","Pop3",3,2
"1476","Pop3",3,2
"1477","Pop3",3,2
"1478","Pop3",3,2
"1479","Pop3",3,2
"1480","Pop3",3,2
"1481","Pop3",1,2
"1482","Pop3",3,2
"1483","Pop3",3,2
"1484","Pop3",1,2
"1485","Pop3",3,2
"1486","Pop3",3,2
"1487","Pop3",1,2
"1488","Pop3",3,2
"1489","Pop3",3,2
"1490","Pop3",3,2
"1491","Pop3",3,2
"1492","Pop3",1,2
"1493","Pop3",3,2
"1494","Pop3",3,2
"1495","Pop3",3,2
"1496","Pop3",1,2
"1497","Pop3",3,2
"1498","Pop3",3,2
"1499","Pop3",1,2
"1500","Pop3",3,2
"1501","Pop3",6,4
"1502","Pop3",9,4
"1503","Pop3",9,4
"1504","Pop3",3,4
"1505","Pop3",9,4
"1506","Pop3",9,4
"1507","Pop3",9,4
"1508","Pop3",9,4
"1509","Pop3",9,4
"1510","Pop3",3,4
"1511","Pop3",6,4
"1512","Pop3",9,4
"1513","Pop3",6,4
"1514","Pop3",6,4
"1515","Pop3",6,4
"1516","Pop3",9,4
"1517","Pop3",9,4
"1518","Pop3",9,4
"1519","Pop3",9,4
"1520","Pop3",6,4
"1521","Pop3",6,4
"1522","Pop3",9,4
"1523","Pop3",9,4
"1524","Pop3",3,4
"1525","Pop3",6,4
"1526","Pop3",6,4
"1527","Pop3",3,4
"1528","Pop3",6,4
"1529","Pop3",9,4
"1530","Pop3",9,4
"1531","Pop3",9,4
"1532","Pop3",9,4
"1533","Pop3",6,4
"1534","Pop3",9,4
"1535","Pop3",6,4
"1536","Pop3",6,4
"1537","Pop3",6,4
"1538","Pop3",6,4
"1539","Pop3",6,4
"1540","Pop3",6,4
"1541","Pop3",9,4
"1542","Pop3",6,4
"1543","Pop3",9,4
"1544","Pop3",6,4
"1545","Pop3",9,4
"1546","Pop3",9,4
"1547","Pop3",9,4
"1548","Pop3",9,4
"1549","Pop3",3,4
"1550","Pop3",9,4
"1551","Pop3",9,4
"1552","Pop3",6,4
"1553","Pop3",6,4
"1554","Pop3",9,4
"1555","Pop3",9,4
"1556","Pop3",9,4
"1557","Pop3",9,4
"1558","Pop3",6,4
"1559","Pop3",6,4
"1560","Pop3",9,4
"1561","Pop3",3,4
"1562","Pop3",6,4
"1563","Pop3",9,4
"1564","Pop3",9,4
"1565","Pop3",3,4
"1566","Pop3",6,4
"1567","Pop3",9,4
"1568","Pop3",6,4
"1569","Pop3",9,4
"1570","Pop3",3,4
"1571","Pop3",6,4
"1572","Pop3",6,4
"1573","Pop3",6,4
"1574","Pop3",6,4
"1575","Pop3",9,4
"1576","Pop3",3,4
"1577","Pop3",6,4
"1578","Pop3",9,4
"1579","Pop3",9,4
"1580","Pop3",3,4
"1581","Pop3",9,4
"1582","Pop3",9,4
"1583","Pop3",9,4
"1584","Pop3",3,4
"1585","Pop3",9,4
"1586","Pop3",6,4
"1587","Pop3",6,4
"1588","Pop3",6,4
"1589","Pop3",9,4
"1590","Pop3",9,4
"1591","Pop3",6,4
"1592","Pop3",6,4
"1593","Pop3",9,4
"1594","Pop3",9,4
"1595","Pop3",6,4
"1596","Pop3",6,4
"1597","Pop3",6,4
"1598","Pop3",9,4
"1599","Pop3",9,4
"1600","Pop3",6,4
"1601","Pop3",15,8
"1602","Pop3",12,8
"1603","Pop3",15,8
"1604","Pop3",3,8
"1605","Pop3",20,8
"1606","Pop3",12,8
"1607","Pop3",12,8
"1608","Pop3",12,8
"1609","Pop3",12,8
"1610","Pop3",15,8
"1611","Pop3",17,8
"1612","Pop3",15,8
"1613","Pop3",17,8
"1614","Pop3",20,8
"1615","Pop3",15,8
"1616","Pop3",12,8
"1617","Pop3",17,8
"1618","Pop3",15,8
"1619","Pop3",15,8
"1620","Pop3",6,8
"1621","Pop3",17,8
"1622","Pop3",12,8
"1623","Pop3",12,8
"1624","Pop3",15,8
"1625","Pop3",6,8
"1626","Pop3",12,8
"1627","Pop3",12,8
"1628","Pop3",12,8
"1629","Pop3",15,8
"1630","Pop3",15,8
"1631","Pop3",15,8
"1632","Pop3",17,8
"1633","Pop3",15,8
"1634","Pop3",12,8
"1635","Pop3",12,8
"1636","Pop3",17,8
"1637","Pop3",15,8
"1638","Pop3",15,8
"1639","Pop3",15,8
"1640","Pop3",17,8
"1641","Pop3",17,8
"1642","Pop3",12,8
"1643","Pop3",17,8
"1644","Pop3",17,8
"1645","Pop3",15,8
"1646","Pop3",15,8
"1647","Pop3",15,8
"1648","Pop3",12,8
"1649","Pop3",12,8
"1650","Pop3",9,8
"1651","Pop3",12,8
"1652","Pop3",15,8
"1653","Pop3",15,8
"1654","Pop3",15,8
"1655","Pop3",17,8
"1656","Pop3",17,8
"1657","Pop3",12,8
"1658","Pop3",9,8
"1659","Pop3",12,8
"1660","Pop3",12,8
"1661","Pop3",9,8
"1662","Pop3",12,8
"1663","Pop3",15,8
"1664","Pop3",9,8
"1665","Pop3",15,8
"1666","Pop3",17,8
"1667","Pop3",17,8
"1668","Pop3",12,8
"1669","Pop3",15,8
"1670","Pop3",17,8
"1671","Pop3",15,8
"1672","Pop3",15,8
"1673","Pop3",17,8
"1674","Pop3",15,8
"1675","Pop3",12,8
"1676","Pop3",17,8
"1677","Pop3",9,8
"1678","Pop3",17,8
"1679","Pop3",9,8
"1680","Pop3",15,8
"1681","Pop3",17,8
"1682","Pop3",15,8
"1683","Pop3",15,8
"1684","Pop3",15,8
"1685","Pop3",17,8
"1686","Pop3",15,8
"1687","Pop3",15,8
"1688","Pop3",12,8
"1689","Pop3",9,8
"1690","Pop3",17,8
"1691","Pop3",15,8
"1692","Pop3",9,8
"1693","Pop3",12,8
"1694","Pop3",9,8
"1695","Pop3",15,8
"1696","Pop3",17,8
"1697","Pop3",12,8
"1698","Pop3",12,8
"1699","Pop3",15,8
"1700","Pop3",15,8
"1701","Pop3",20,16
"1702","Pop3",23,16
"1703","Pop3",20,16
"1704","Pop3",20,16
"1705","Pop3",23,16
"1706","Pop3",15,16
"1707","Pop3",20,16
"1708","Pop3",29,16
"1709","Pop3",17,16
"1710","Pop3",12,16
"1711","Pop3",15,16
"1712","Pop3",17,16
"1713","Pop3",23,16
"1714","Pop3",29,16
"1715","Pop3",20,16
"1716","Pop3",23,16
"1717","Pop3",29,16
"1718","Pop3",26,16
"1719","Pop3",31,16
"1720","Pop3",23,16
"1721","Pop3",23,16
"1722","Pop3",23,16
"1723","Pop3",17,16
"1724","Pop3",20,16
"1725","Pop3",23,16
"1726","Pop3",23,16
"1727","Pop3",26,16
"1728","Pop3",20,16
"1729","Pop3",29,16
"1730","Pop3",23,16
"1731","Pop3",26,16
"1732","Pop3",20,16
"1733","Pop3",15,16
"1734","Pop3",15,16
"1735","Pop3",23,16
"1736","Pop3",17,16
"1737","Pop3",23,16
"1738","Pop3",23,16
"1739","Pop3",23,16
"1740","Pop3",23,16
"1741","Pop3",29,16
"1742","Pop3",20,16
"1743","Pop3",29,16
"1744","Pop3",23,16
"1745","Pop3",23,16
"1746","Pop3",23,16
"1747","Pop3",12,16
"1748","Pop3",29,16
"1749","Pop3",23,16
"1750","Pop3",26,16
"1751","Pop3",23,16
"1752","Pop3",23,16
"1753","Pop3",26,16
"1754","Pop3",23,16
"1755","Pop3",15,16
"1756","Pop3",17,16
"1757","Pop3",23,16
"1758","Pop3",23,16
"1759","Pop3",23,16
"1760","Pop3",29,16
"1761","Pop3",23,16
"1762","Pop3",23,16
"1763","Pop3",20,16
"1764","Pop3",15,16
"1765","Pop3",26,16
"1766","Pop3",15,16
"1767","Pop3",23,16
"1768","Pop3",23,16
"1769","Pop3",20,16
"1770","Pop3",26,16
"1771","Pop3",26,16
"1772","Pop3",20,16
"1773","Pop3",20,16
"1774","Pop3",26,16
"1775","Pop3",29,16
"1776","Pop3",20,16
"1777","Pop3",20,16
"1778","Pop3",20,16
"1779","Pop3",20,16
"1780","Pop3",31,16
"1781","Pop3",20,16
"1782","Pop3",20,16
"1783","Pop3",29,16
"1784","Pop3",23,16
"1785","Pop3",17,16
"1786","Pop3",17,16
"1787","Pop3",23,16
"1788","Pop3",20,16
"1789","Pop3",31,16
"1790","Pop3",23,16
"1791","Pop3",26,16
"1792","Pop3",26,16
"1793","Pop3",23,16
"1794","Pop3",20,16
"1795","Pop3",15,16
"1796","Pop3",26,16
"1797","Pop3",17,16
"1798","Pop3",23,16
"1799","Pop3",26,16
"1800","Pop3",29,16
"1801","Pop3",34,32
"1802","Pop3",34,32
"1803","Pop3",31,32
"1804","Pop3",40,32
"1805","Pop3",23,32
"1806","Pop3",40,32
"1807","Pop3",34,32
"1808","Pop3",37,32
"1809","Pop3",29,32
"1810","Pop3",31,32
"1811","Pop3",26,32
"1812","Pop3",37,32
"1813","Pop3",34,32
"1814","Pop3",31,32
"1815","Pop3",31,32
"1816","Pop3",26,32
"1817","Pop3",40,32
"1818","Pop3",31,32
"1819","Pop3",29,32
"1820","Pop3",31,32
"1821","Pop3",34,32
"1822","Pop3",29,32
"1823","Pop3",26,32
"1824","Pop3",29,32
"1825","Pop3",37,32
"1826","Pop3",29,32
"1827","Pop3",31,32
"1828","Pop3",17,32
"1829","Pop3",26,32
"1830","Pop3",34,32
"1831","Pop3",26,32
"1832","Pop3",37,32
"1833","Pop3",37,32
"1834","Pop3",26,32
"1835","Pop3",34,32
"1836","Pop3",40,32
"1837","Pop3",29,32
"1838","Pop3",23,32
"1839","Pop3",29,32
"1840","Pop3",31,32
"1841","Pop3",29,32
"1842","Pop3",43,32
"1843","Pop3",31,32
"1844","Pop3",31,32
"1845","Pop3",34,32
"1846","Pop3",34,32
"1847","Pop3",29,32
"1848","Pop3",43,32
"1849","Pop3",37,32
"1850","Pop3",43,32
"1851","Pop3",29,32
"1852","Pop3",31,32
"1853","Pop3",40,32
"1854","Pop3",17,32
"1855","Pop3",20,32
"1856","Pop3",40,32
"1857","Pop3",31,32
"1858","Pop3",40,32
"1859","Pop3",31,32
"1860","Pop3",29,32
"1861","Pop3",31,32
"1862","Pop3",34,32
"1863","Pop3",43,32
"1864","Pop3",29,32
"1865","Pop3",34,32
"1866","Pop3",31,32
"1867","Pop3",23,32
"1868","Pop3",31,32
"1869","Pop3",26,32
"1870","Pop3",31,32
"1871","Pop3",23,32
"1872","Pop3",29,32
"1873","Pop3",31,32
"1874","Pop3",34,32
"1875","Pop3",23,32
"1876","Pop3",37,32
"1877","Pop3",37,32
"1878","Pop3",29,32
"1879","Pop3",37,32
"1880","Pop3",34,32
"1881","Pop3",34,32
"1882","Pop3",29,32
"1883","Pop3",26,32
"1884","Pop3",37,32
"1885","Pop3",23,32
"1886","Pop3",34,32
"1887","Pop3",31,32
"1888","Pop3",31,32
"1889","Pop3",34,32
"1890","Pop3",31,32
"1891","Pop3",26,32
"1892","Pop3",26,32
"1893","Pop3",29,32
"1894","Pop3",23,32
"1895","Pop3",34,32
"1896","Pop3",37,32
"1897","Pop3",26,32
"1898","Pop3",40,32
"1899","Pop3",40,32
"1900","Pop3",23,32
"1901","Pop3",46,64
"1902","Pop3",46,64
"1903","Pop3",31,64
"1904","Pop3",48,64
"1905","Pop3",48,64
"1906","Pop3",48,64
"1907","Pop3",37,64
"1908","Pop3",48,64
"1909","Pop3",48,64
"1910","Pop3",46,64
"1911","Pop3",46,64
"1912","Pop3",54,64
"1913","Pop3",40,64
"1914","Pop3",46,64
"1915","Pop3",48,64
"1916","Pop3",40,64
"1917","Pop3",51,64
"1918","Pop3",48,64
"1919","Pop3",43,64
"1920","Pop3",37,64
"1921","Pop3",37,64
"1922","Pop3",46,64
"1923","Pop3",51,64
"1924","Pop3",48,64
"1925","Pop3",54,64
"1926","Pop3",43,64
"1927","Pop3",48,64
"1928","Pop3",57,64
"1929","Pop3",40,64
"1930","Pop3",51,64
"1931","Pop3",48,64
"1932","Pop3",46,64
"1933","Pop3",48,64
"1934","Pop3",51,64
"1935","Pop3",48,64
"1936","Pop3",31,64
"1937","Pop3",40,64
"1938","Pop3",43,64
"1939","Pop3",48,64
"1940","Pop3",51,64
"1941","Pop3",46,64
"1942","Pop3",46,64
"1943","Pop3",43,64
"1944","Pop3",48,64
"1945","Pop3",40,64
"1946","Pop3",46,64
"1947","Pop3",40,64
"1948","Pop3",46,64
"1949","Pop3",48,64
"1950","Pop3",51,64
"1951","Pop3",48,64
"1952","Pop3",37,64
"1953","Pop3",43,64
"1954","Pop3",40,64
"1955","Pop3",48,64
"1956","Pop3",37,64
"1957","Pop3",46,64
"1958","Pop3",57,64
"1959","Pop3",43,64
"1960","Pop3",48,64
"1961","Pop3",57,64
"1962","Pop3",43,64
"1963","Pop3",51,64
"1964","Pop3",40,64
"1965","Pop3",46,64
"1966","Pop3",43,64
"1967","Pop3",46,64
"1968","Pop3",51,64
"1969","Pop3",54,64
"1970","Pop3",43,64
"1971","Pop3",43,64
"1972","Pop3",57,64
"1973","Pop3",40,64
"1974","Pop3",37,64
"1975","Pop3",46,64
"1976","Pop3",43,64
"1977","Pop3",48,64
"1978","Pop3",43,64
"1979","Pop3",48,64
"1980","Pop3",37,64
"1981","Pop3",54,64
"1982","Pop3",43,64
"1983","Pop3",43,64
"1984","Pop3",40,64
"1985","Pop3",40,64
"1986","Pop3",40,64
"1987","Pop3",43,64
"1988","Pop3",48,64
"1989","Pop3",37,64
"1990","Pop3",48,64
"1991","Pop3",57,64
"1992","Pop3",37,64
"1993","Pop3",48,64
"1994","Pop3",43,64
"1995","Pop3",51,64
"1996","Pop3",37,64
"1997","Pop3",43,64
"1998","Pop3",46,64
"1999","Pop3",48,64
"2000","Pop3",37,64
"2001","Pop3",57,128
"2002","Pop3",62,128
"2003","Pop3",57,128
"2004","Pop3",57,128
"2005","Pop3",68,128
"2006","Pop3",74,128
"2007","Pop3",68,128
"2008","Pop3",57,128
"2009","Pop3",62,128
"2010","Pop3",60,128
"2011","Pop3",71,128
"2012","Pop3",68,128
"2013","Pop3",65,128
"2014","Pop3",54,128
"2015","Pop3",62,128
"2016","Pop3",54,128
"2017","Pop3",60,128
"2018","Pop3",54,128
"2019","Pop3",60,128
"2020","Pop3",48,128
"2021","Pop3",54,128
"2022","Pop3",57,128
"2023","Pop3",60,128
"2024","Pop3",62,128
"2025","Pop3",62,128
"2026","Pop3",65,128
"2027","Pop3",54,128
"2028","Pop3",60,128
"2029","Pop3",51,128
"2030","Pop3",65,128
"2031","Pop3",60,128
"2032","Pop3",68,128
"2033","Pop3",62,128
"2034","Pop3",57,128
"2035","Pop3",57,128
"2036","Pop3",51,128
"2037","Pop3",62,128
"2038","Pop3",65,128
"2039","Pop3",51,128
"2040","Pop3",65,128
"2041","Pop3",60,128
"2042","Pop3",60,128
"2043","Pop3",54,128
"2044","Pop3",57,128
"2045","Pop3",62,128
"2046","Pop3",71,128
"2047","Pop3",60,128
"2048","Pop3",57,128
"2049","Pop3",65,128
"2050","Pop3",62,128
"2051","Pop3",51,128
"2052","Pop3",54,128
"2053","Pop3",60,128
"2054","Pop3",57,128
"2055","Pop3",62,128
"2056","Pop3",46,128
"2057","Pop3",60,128
"2058","Pop3",65,128
"2059","Pop3",51,128
"2060","Pop3",74,128
"2061","Pop3",60,128
"2062","Pop3",48,128
"2063","Pop3",60,128
"2064","Pop3",57,128
"2065","Pop3",65,128
"2066","Pop3",57,128
"2067","Pop3",60,128
"2068","Pop3",71,128
"2069","Pop3",60,128
"2070","Pop3",60,128
"2071","Pop3",68,128
"2072","Pop3",62,128
"2073","Pop3",48,128
"2074","Pop3",60,128
"2075","Pop3",74,128
"2076","Pop3",51,128
"2077","Pop3",57,128
"2078","Pop3",48,128
"2079","Pop3",60,128
"2080","Pop3",60,128
"2081","Pop3",65,128
"2082","Pop3",74,128
"2083","Pop3",62,128
"2084","Pop3",57,128
"2085","Pop3",57,128
"2086","Pop3",51,128
"2087","Pop3",57,128
"2088","Pop3",68,128
"2089","Pop3",65,128
"2090","Pop3",74,128
"2091","Pop3",54,128
"2092","Pop3",57,128
"2093","Pop3",68,128
"2094","Pop3",62,128
"2095","Pop3",65,128
"2096","Pop3",60,128
"2097","Pop3",60,128
"2098","Pop3",54,128
"2099","Pop3",51,128
"2100","Pop3",60,128
"2101","Pop4",3,2
"2102","Pop4",3,2
"2103","Pop4",3,2
"2104","Pop4",3,2
"2105","Pop4",3,2
"2106","Pop4",3,2
"2107","Pop4",3,2
"2108","Pop4",3,2
"2109","Pop4",3,2
"2110","Pop4",3,2
"2111","Pop4",3,2
"2112","Pop4",3,2
"2113","Pop4",3,2
"2114","Pop4",3,2
"2115","Pop4",3,2
"2116","Pop4",3,2
"2117","Pop4",3,2
"2118","Pop4",3,2
"2119","Pop4",3,2
"2120","Pop4",3,2
"2121","Pop4",3,2
"2122","Pop4",3,2
"2123","Pop4",3,2
"2124","Pop4",3,2
"2125","Pop4",3,2
"2126","Pop4",1,2
"2127","Pop4",3,2
"2128","Pop4",3,2
"2129","Pop4",3,2
"2130","Pop4",3,2
"2131","Pop4",3,2
"2132","Pop4",3,2
"2133","Pop4",3,2
"2134","Pop4",3,2
"2135","Pop4",3,2
"2136","Pop4",3,2
"2137","Pop4",1,2
"2138","Pop4",3,2
"2139","Pop4",3,2
"2140","Pop4",3,2
"2141","Pop4",3,2
"2142","Pop4",3,2
"2143","Pop4",3,2
"2144","Pop4",3,2
"2145","Pop4",3,2
"2146","Pop4",3,2
"2147","Pop4",3,2
"2148","Pop4",3,2
"2149","Pop4",3,2
"2150","Pop4",3,2
"2151","Pop4",3,2
"2152","Pop4",1,2
"2153","Pop4",3,2
"2154","Pop4",3,2
"2155","Pop4",3,2
"2156","Pop4",3,2
"2157","Pop4",3,2
"2158","Pop4",3,2
"2159","Pop4",3,2
"2160","Pop4",3,2
"2161","Pop4",3,2
"2162","Pop4",3,2
"2163","Pop4",3,2
"2164","Pop4",1,2
"2165","Pop4",1,2
"2166","Pop4",3,2
"2167","Pop4",3,2
"2168","Pop4",3,2
"2169","Pop4",3,2
"2170","Pop4",1,2
"2171","Pop4",3,2
"2172","Pop4",3,2
"2173","Pop4",3,2
"2174","Pop4",3,2
"2175","Pop4",3,2
"2176","Pop4",3,2
"2177","Pop4",3,2
"2178","Pop4",3,2
"2179","Pop4",3,2
"2180","Pop4",3,2
"2181","Pop4",3,2
"2182","Pop4",3,2
"2183","Pop4",3,2
"2184","Pop4",3,2
"2185","Pop4",3,2
"2186","Pop4",3,2
"2187","Pop4",1,2
"2188","Pop4",3,2
"2189","Pop4",3,2
"2190","Pop4",3,2
"2191","Pop4",3,2
"2192","Pop4",3,2
"2193","Pop4",3,2
"2194","Pop4",3,2
"2195","Pop4",1,2
"2196","Pop4",3,2
"2197","Pop4",3,2
"2198","Pop4",3,2
"2199","Pop4",3,2
"2200","Pop4",3,2
"2201","Pop4",9,4
"2202","Pop4",9,4
"2203","Pop4",6,4
"2204","Pop4",6,4
"2205","Pop4",9,4
"2206","Pop4",9,4
"2207","Pop4",9,4
"2208","Pop4",6,4
"2209","Pop4",9,4
"2210","Pop4",9,4
"2211","Pop4",6,4
"2212","Pop4",9,4
"2213","Pop4",9,4
"2214","Pop4",6,4
"2215","Pop4",6,4
"2216","Pop4",9,4
"2217","Pop4",3,4
"2218","Pop4",9,4
"2219","Pop4",3,4
"2220","Pop4",9,4
"2221","Pop4",6,4
"2222","Pop4",9,4
"2223","Pop4",9,4
"2224","Pop4",9,4
"2225","Pop4",9,4
"2226","Pop4",9,4
"2227","Pop4",6,4
"2228","Pop4",9,4
"2229","Pop4",6,4
"2230","Pop4",9,4
"2231","Pop4",9,4
"2232","Pop4",9,4
"2233","Pop4",9,4
"2234","Pop4",6,4
"2235","Pop4",6,4
"2236","Pop4",6,4
"2237","Pop4",6,4
"2238","Pop4",9,4
"2239","Pop4",6,4
"2240","Pop4",6,4
"2241","Pop4",9,4
"2242","Pop4",9,4
"2243","Pop4",9,4
"2244","Pop4",3,4
"2245","Pop4",9,4
"2246","Pop4",6,4
"2247","Pop4",9,4
"2248","Pop4",6,4
"2249","Pop4",6,4
"2250","Pop4",6,4
"2251","Pop4",9,4
"2252","Pop4",9,4
"2253","Pop4",9,4
"2254","Pop4",9,4
"2255","Pop4",6,4
"2256","Pop4",6,4
"2257","Pop4",9,4
"2258","Pop4",9,4
"2259","Pop4",9,4
"2260","Pop4",9,4
"2261","Pop4",9,4
"2262","Pop4",6,4
"2263","Pop4",9,4
"2264","Pop4",9,4
"2265","Pop4",6,4
"2266","Pop4",3,4
"2267","Pop4",9,4
"2268","Pop4",6,4
"2269","Pop4",9,4
"2270","Pop4",9,4
"2271","Pop4",6,4
"2272","Pop4",6,4
"2273","Pop4",9,4
"2274","Pop4",3,4
"2275","Pop4",6,4
"2276","Pop4",3,4
"2277","Pop4",9,4
"2278","Pop4",6,4
"2279","Pop4",9,4
"2280","Pop4",6,4
"2281","Pop4",9,4
"2282","Pop4",6,4
"2283","Pop4",9,4
"2284","Pop4",9,4
"2285","Pop4",9,4
"2286","Pop4",9,4
"2287","Pop4",6,4
"2288","Pop4",9,4
"2289","Pop4",6,4
"2290","Pop4",6,4
"2291","Pop4",9,4
"2292","Pop4",6,4
"2293","Pop4",9,4
"2294","Pop4",9,4
"2295","Pop4",9,4
"2296","Pop4",3,4
"2297","Pop4",9,4
"2298","Pop4",9,4
"2299","Pop4",9,4
"2300","Pop4",6,4
"2301","Pop4",17,8
"2302","Pop4",15,8
"2303","Pop4",12,8
"2304","Pop4",15,8
"2305","Pop4",17,8
"2306","Pop4",17,8
"2307","Pop4",12,8
"2308","Pop4",15,8
"2309","Pop4",20,8
"2310","Pop4",17,8
"2311","Pop4",17,8
"2312","Pop4",17,8
"2313","Pop4",15,8
"2314","Pop4",20,8
"2315","Pop4",12,8
"2316","Pop4",17,8
"2317","Pop4",15,8
"2318","Pop4",17,8
"2319","Pop4",15,8
"2320","Pop4",15,8
"2321","Pop4",15,8
"2322","Pop4",17,8
"2323","Pop4",15,8
"2324","Pop4",15,8
"2325","Pop4",9,8
"2326","Pop4",12,8
"2327","Pop4",17,8
"2328","Pop4",17,8
"2329","Pop4",12,8
"2330","Pop4",15,8
"2331","Pop4",17,8
"2332","Pop4",15,8
"2333","Pop4",12,8
"2334","Pop4",12,8
"2335","Pop4",17,8
"2336","Pop4",15,8
"2337","Pop4",15,8
"2338","Pop4",15,8
"2339","Pop4",12,8
"2340","Pop4",17,8
"2341","Pop4",20,8
"2342","Pop4",17,8
"2343","Pop4",20,8
"2344","Pop4",17,8
"2345","Pop4",20,8
"2346","Pop4",15,8
"2347","Pop4",17,8
"2348","Pop4",17,8
"2349","Pop4",15,8
"2350","Pop4",9,8
"2351","Pop4",15,8
"2352","Pop4",15,8
"2353","Pop4",15,8
"2354","Pop4",17,8
"2355","Pop4",15,8
"2356","Pop4",15,8
"2357","Pop4",17,8
"2358","Pop4",15,8
"2359","Pop4",20,8
"2360","Pop4",20,8
"2361","Pop4",15,8
"2362","Pop4",17,8
"2363","Pop4",15,8
"2364","Pop4",20,8
"2365","Pop4",15,8
"2366","Pop4",15,8
"2367","Pop4",20,8
"2368","Pop4",15,8
"2369","Pop4",15,8
"2370","Pop4",17,8
"2371","Pop4",17,8
"2372","Pop4",9,8
"2373","Pop4",12,8
"2374","Pop4",12,8
"2375","Pop4",15,8
"2376","Pop4",15,8
"2377","Pop4",17,8
"2378","Pop4",12,8
"2379","Pop4",17,8
"2380","Pop4",17,8
"2381","Pop4",20,8
"2382","Pop4",15,8
"2383","Pop4",15,8
"2384","Pop4",15,8
"2385","Pop4",15,8
"2386","Pop4",15,8
"2387","Pop4",17,8
"2388","Pop4",20,8
"2389","Pop4",17,8
"2390","Pop4",15,8
"2391","Pop4",15,8
"2392","Pop4",17,8
"2393","Pop4",12,8
"2394","Pop4",15,8
"2395","Pop4",15,8
"2396","Pop4",20,8
"2397","Pop4",12,8
"2398","Pop4",15,8
"2399","Pop4",9,8
"2400","Pop4",17,8
"2401","Pop4",26,16
"2402","Pop4",29,16
"2403","Pop4",15,16
"2404","Pop4",29,16
"2405","Pop4",26,16
"2406","Pop4",29,16
"2407","Pop4",23,16
"2408","Pop4",17,16
"2409","Pop4",17,16
"2410","Pop4",34,16
"2411","Pop4",23,16
"2412","Pop4",26,16
"2413","Pop4",26,16
"2414","Pop4",23,16
"2415","Pop4",26,16
"2416","Pop4",23,16
"2417","Pop4",29,16
"2418","Pop4",29,16
"2419","Pop4",26,16
"2420","Pop4",23,16
"2421","Pop4",26,16
"2422","Pop4",29,16
"2423","Pop4",26,16
"2424","Pop4",23,16
"2425","Pop4",34,16
"2426","Pop4",29,16
"2427","Pop4",26,16
"2428","Pop4",23,16
"2429","Pop4",29,16
"2430","Pop4",20,16
"2431","Pop4",29,16
"2432","Pop4",29,16
"2433","Pop4",29,16
"2434","Pop4",31,16
"2435","Pop4",31,16
"2436","Pop4",23,16
"2437","Pop4",23,16
"2438","Pop4",23,16
"2439","Pop4",26,16
"2440","Pop4",23,16
"2441","Pop4",26,16
"2442","Pop4",23,16
"2443","Pop4",26,16
"2444","Pop4",20,16
"2445","Pop4",31,16
"2446","Pop4",23,16
"2447","Pop4",23,16
"2448","Pop4",31,16
"2449","Pop4",20,16
"2450","Pop4",23,16
"2451","Pop4",23,16
"2452","Pop4",26,16
"2453","Pop4",20,16
"2454","Pop4",26,16
"2455","Pop4",31,16
"2456","Pop4",23,16
"2457","Pop4",20,16
"2458","Pop4",26,16
"2459","Pop4",31,16
"2460","Pop4",26,16
"2461","Pop4",23,16
"2462","Pop4",37,16
"2463","Pop4",29,16
"2464","Pop4",23,16
"2465","Pop4",31,16
"2466","Pop4",20,16
"2467","Pop4",31,16
"2468","Pop4",23,16
"2469","Pop4",23,16
"2470","Pop4",34,16
"2471","Pop4",15,16
"2472","Pop4",29,16
"2473","Pop4",26,16
"2474","Pop4",34,16
"2475","Pop4",26,16
"2476","Pop4",23,16
"2477","Pop4",23,16
"2478","Pop4",26,16
"2479","Pop4",23,16
"2480","Pop4",23,16
"2481","Pop4",34,16
"2482","Pop4",26,16
"2483","Pop4",31,16
"2484","Pop4",29,16
"2485","Pop4",23,16
"2486","Pop4",29,16
"2487","Pop4",31,16
"2488","Pop4",26,16
"2489","Pop4",26,16
"2490","Pop4",31,16
"2491","Pop4",29,16
"2492","Pop4",20,16
"2493","Pop4",26,16
"2494","Pop4",29,16
"2495","Pop4",20,16
"2496","Pop4",26,16
"2497","Pop4",29,16
"2498","Pop4",29,16
"2499","Pop4",29,16
"2500","Pop4",20,16
"2501","Pop4",34,32
"2502","Pop4",34,32
"2503","Pop4",37,32
"2504","Pop4",40,32
"2505","Pop4",29,32
"2506","Pop4",43,32
"2507","Pop4",40,32
"2508","Pop4",43,32
"2509","Pop4",43,32
"2510","Pop4",48,32
"2511","Pop4",43,32
"2512","Pop4",40,32
"2513","Pop4",46,32
"2514","Pop4",37,32
"2515","Pop4",43,32
"2516","Pop4",37,32
"2517","Pop4",34,32
"2518","Pop4",31,32
"2519","Pop4",40,32
"2520","Pop4",34,32
"2521","Pop4",37,32
"2522","Pop4",34,32
"2523","Pop4",34,32
"2524","Pop4",31,32
"2525","Pop4",43,32
"2526","Pop4",37,32
"2527","Pop4",34,32
"2528","Pop4",40,32
"2529","Pop4",40,32
"2530","Pop4",34,32
"2531","Pop4",31,32
"2532","Pop4",37,32
"2533","Pop4",40,32
"2534","Pop4",31,32
"2535","Pop4",40,32
"2536","Pop4",43,32
"2537","Pop4",37,32
"2538","Pop4",40,32
"2539","Pop4",37,32
"2540","Pop4",43,32
"2541","Pop4",37,32
"2542","Pop4",46,32
"2543","Pop4",31,32
"2544","Pop4",48,32
"2545","Pop4",51,32
"2546","Pop4",43,32
"2547","Pop4",31,32
"2548","Pop4",46,32
"2549","Pop4",37,32
"2550","Pop4",46,32
"2551","Pop4",40,32
"2552","Pop4",37,32
"2553","Pop4",31,32
"2554","Pop4",51,32
"2555","Pop4",48,32
"2556","Pop4",37,32
"2557","Pop4",43,32
"2558","Pop4",34,32
"2559","Pop4",40,32
"2560","Pop4",51,32
"2561","Pop4",37,32
"2562","Pop4",46,32
"2563","Pop4",37,32
"2564","Pop4",43,32
"2565","Pop4",31,32
"2566","Pop4",37,32
"2567","Pop4",48,32
"2568","Pop4",40,32
"2569","Pop4",54,32
"2570","Pop4",48,32
"2571","Pop4",37,32
"2572","Pop4",46,32
"2573","Pop4",43,32
"2574","Pop4",34,32
"2575","Pop4",40,32
"2576","Pop4",29,32
"2577","Pop4",29,32
"2578","Pop4",31,32
"2579","Pop4",40,32
"2580","Pop4",40,32
"2581","Pop4",37,32
"2582","Pop4",37,32
"2583","Pop4",31,32
"2584","Pop4",43,32
"2585","Pop4",40,32
"2586","Pop4",48,32
"2587","Pop4",40,32
"2588","Pop4",43,32
"2589","Pop4",31,32
"2590","Pop4",37,32
"2591","Pop4",43,32
"2592","Pop4",43,32
"2593","Pop4",43,32
"2594","Pop4",43,32
"2595","Pop4",34,32
"2596","Pop4",40,32
"2597","Pop4",46,32
"2598","Pop4",31,32
"2599","Pop4",40,32
"2600","Pop4",34,32
"2601","Pop4",62,64
"2602","Pop4",62,64
"2603","Pop4",62,64
"2604","Pop4",54,64
"2605","Pop4",48,64
"2606","Pop4",43,64
"2607","Pop4",62,64
"2608","Pop4",46,64
"2609","Pop4",60,64
"2610","Pop4",48,64
"2611","Pop4",62,64
"2612","Pop4",51,64
"2613","Pop4",60,64
"2614","Pop4",46,64
"2615","Pop4",57,64
"2616","Pop4",62,64
"2617","Pop4",51,64
"2618","Pop4",43,64
"2619","Pop4",48,64
"2620","Pop4",60,64
"2621","Pop4",68,64
"2622","Pop4",48,64
"2623","Pop4",60,64
"2624","Pop4",54,64
"2625","Pop4",65,64
"2626","Pop4",43,64
"2627","Pop4",57,64
"2628","Pop4",57,64
"2629","Pop4",57,64
"2630","Pop4",57,64
"2631","Pop4",68,64
"2632","Pop4",51,64
"2633","Pop4",60,64
"2634","Pop4",60,64
"2635","Pop4",51,64
"2636","Pop4",62,64
"2637","Pop4",57,64
"2638","Pop4",51,64
"2639","Pop4",51,64
"2640","Pop4",40,64
"2641","Pop4",62,64
"2642","Pop4",54,64
"2643","Pop4",60,64
"2644","Pop4",68,64
"2645","Pop4",60,64
"2646","Pop4",54,64
"2647","Pop4",51,64
"2648","Pop4",48,64
"2649","Pop4",54,64
"2650","Pop4",62,64
"2651","Pop4",57,64
"2652","Pop4",57,64
"2653","Pop4",51,64
"2654","Pop4",62,64
"2655","Pop4",57,64
"2656","Pop4",57,64
"2657","Pop4",57,64
"2658","Pop4",57,64
"2659","Pop4",57,64
"2660","Pop4",68,64
"2661","Pop4",60,64
"2662","Pop4",46,64
"2663","Pop4",43,64
"2664","Pop4",57,64
"2665","Pop4",62,64
"2666","Pop4",51,64
"2667","Pop4",54,64
"2668","Pop4",60,64
"2669","Pop4",60,64
"2670","Pop4",54,64
"2671","Pop4",68,64
"2672","Pop4",54,64
"2673","Pop4",60,64
"2674","Pop4",46,64
"2675","Pop4",57,64
"2676","Pop4",62,64
"2677","Pop4",60,64
"2678","Pop4",51,64
"2679","Pop4",48,64
"2680","Pop4",57,64
"2681","Pop4",40,64
"2682","Pop4",48,64
"2683","Pop4",51,64
"2684","Pop4",65,64
"2685","Pop4",54,64
"2686","Pop4",54,64
"2687","Pop4",54,64
"2688","Pop4",54,64
"2689","Pop4",48,64
"2690","Pop4",57,64
"2691","Pop4",57,64
"2692","Pop4",48,64
"2693","Pop4",54,64
"2694","Pop4",46,64
"2695","Pop4",46,64
"2696","Pop4",54,64
"2697","Pop4",54,64
"2698","Pop4",51,64
"2699","Pop4",60,64
"2700","Pop4",51,64
"2701","Pop4",82,128
"2702","Pop4",68,128
"2703","Pop4",71,128
"2704","Pop4",74,128
"2705","Pop4",71,128
"2706","Pop4",68,128
"2707","Pop4",60,128
"2708","Pop4",60,128
"2709","Pop4",74,128
"2710","Pop4",60,128
"2711","Pop4",77,128
"2712","Pop4",79,128
"2713","Pop4",77,128
"2714","Pop4",74,128
"2715","Pop4",71,128
"2716","Pop4",74,128
"2717","Pop4",79,128
"2718","Pop4",74,128
"2719","Pop4",74,128
"2720","Pop4",74,128
"2721","Pop4",62,128
"2722","Pop4",77,128
"2723","Pop4",82,128
"2724","Pop4",74,128
"2725","Pop4",74,128
"2726","Pop4",68,128
"2727","Pop4",77,128
"2728","Pop4",71,128
"2729","Pop4",68,128
"2730","Pop4",62,128
"2731","Pop4",85,128
"2732","Pop4",65,128
"2733","Pop4",71,128
"2734","Pop4",82,128
"2735","Pop4",79,128
"2736","Pop4",77,128
"2737","Pop4",74,128
"2738","Pop4",68,128
"2739","Pop4",71,128
"2740","Pop4",62,128
"2741","Pop4",79,128
"2742","Pop4",71,128
"2743","Pop4",71,128
"2744","Pop4",85,128
"2745","Pop4",68,128
"2746","Pop4",77,128
"2747","Pop4",88,128
"2748","Pop4",79,128
"2749","Pop4",65,128
"2750","Pop4",77,128
"2751","Pop4",68,128
"2752","Pop4",77,128
"2753","Pop4",79,128
"2754","Pop4",77,128
"2755","Pop4",65,128
"2756","Pop4",74,128
"2757","Pop4",85,128
"2758","Pop4",54,128
"2759","Pop4",65,128
"2760","Pop4",77,128
"2761","Pop4",68,128
"2762","Pop4",71,128
"2763","Pop4",88,128
"2764","Pop4",71,128
"2765","Pop4",68,128
"2766","Pop4",77,128
"2767","Pop4",68,128
"2768","Pop4",71,128
"2769","Pop4",71,128
"2770","Pop4",77,128
"2771","Pop4",71,128
"2772","Pop4",74,128
"2773","Pop4",65,128
"2774","Pop4",74,128
"2775","Pop4",82,128
"2776","Pop4",65,128
"2777","Pop4",65,128
"2778","Pop4",62,128
"2779","Pop4",68,128
"2780","Pop4",82,128
"2781","Pop4",65,128
"2782","Pop4",65,128
"2783","Pop4",71,128
"2784","Pop4",77,128
"2785","Pop4",74,128
"2786","Pop4",77,128
"2787","Pop4",68,128
"2788","Pop4",82,128
"2789","Pop4",65,128
"2790","Pop4",74,128
"2791","Pop4",74,128
"2792","Pop4",79,128
"2793","Pop4",65,128
"2794","Pop4",60,128
"2795","Pop4",68,128
"2796","Pop4",74,128
"2797","Pop4",62,128
"2798","Pop4",79,128
"2799","Pop4",68,128
"2800","Pop4",79,128
