Pop,Theta,samplingSize,n.seg.sites
1,two,2,0
1,two,2,3
1,two,2,0
1,two,2,0
1,two,2,0
1,two,2,2
1,two,2,1
1,two,2,0
1,two,2,0
1,two,2,2
1,two,2,2
1,two,2,1
1,two,2,2
1,two,2,2
1,two,2,0
1,two,2,0
1,two,2,2
1,two,2,2
1,two,2,0
1,two,2,2
1,two,2,2
1,two,2,2
1,two,2,1
1,two,2,0
1,two,2,0
1,two,2,1
1,two,2,2
1,two,2,0
1,two,2,0
1,two,2,0
1,two,2,4
1,two,2,0
1,two,2,0
1,two,2,2
1,two,2,2
1,two,2,0
1,two,2,2
1,two,2,2
1,two,2,0
1,two,2,2
1,two,2,0
1,two,2,0
1,two,2,0
1,two,2,2
1,two,2,0
1,two,2,0
1,two,2,0
1,two,2,0
1,two,2,1
1,two,2,0
1,two,2,0
1,two,2,0
1,two,2,0
1,two,2,0
1,two,2,0
1,two,2,0
1,two,2,0
1,two,2,3
1,two,2,0
1,two,2,0
1,two,2,0
1,two,2,0
1,two,2,0
1,two,2,2
1,two,2,2
1,two,2,0
1,two,2,0
1,two,2,0
1,two,2,0
1,two,2,1
1,two,2,0
1,two,2,4
1,two,2,0
1,two,2,0
1,two,2,0
1,two,2,3
1,two,2,0
1,two,2,2
1,two,2,0
1,two,2,1
1,two,2,0
1,two,2,0
1,two,2,0
1,two,2,0
1,two,2,0
1,two,2,2
1,two,2,0
1,two,2,0
1,two,2,1
1,two,2,0
1,two,2,1
1,two,2,0
1,two,2,2
1,two,2,2
1,two,2,0
1,two,2,2
1,two,2,2
1,two,2,0
1,two,2,0
1,two,2,0
1,two,4,0
1,two,4,2
1,two,4,2
1,two,4,0
1,two,4,1
1,two,4,0
1,two,4,1
1,two,4,0
1,two,4,1
1,two,4,2
1,two,4,1
1,two,4,2
1,two,4,0
1,two,4,1
1,two,4,3
1,two,4,0
1,two,4,2
1,two,4,0
1,two,4,0
1,two,4,0
1,two,4,1
1,two,4,3
1,two,4,2
1,two,4,2
1,two,4,0
1,two,4,0
1,two,4,0
1,two,4,0
1,two,4,0
1,two,4,2
1,two,4,0
1,two,4,0
1,two,4,0
1,two,4,1
1,two,4,1
1,two,4,2
1,two,4,2
1,two,4,1
1,two,4,0
1,two,4,0
1,two,4,1
1,two,4,2
1,two,4,0
1,two,4,2
1,two,4,0
1,two,4,2
1,two,4,0
1,two,4,2
1,two,4,0
1,two,4,0
1,two,4,0
1,two,4,2
1,two,4,1
1,two,4,3
1,two,4,4
1,two,4,0
1,two,4,1
1,two,4,1
1,two,4,2
1,two,4,3
1,two,4,0
1,two,4,2
1,two,4,1
1,two,4,0
1,two,4,3
1,two,4,0
1,two,4,2
1,two,4,0
1,two,4,0
1,two,4,2
1,two,4,2
1,two,4,3
1,two,4,0
1,two,4,3
1,two,4,0
1,two,4,2
1,two,4,3
1,two,4,0
1,two,4,1
1,two,4,2
1,two,4,1
1,two,4,0
1,two,4,3
1,two,4,0
1,two,4,1
1,two,4,1
1,two,4,0
1,two,4,3
1,two,4,0
1,two,4,3
1,two,4,0
1,two,4,2
1,two,4,0
1,two,4,0
1,two,4,2
1,two,4,4
1,two,4,2
1,two,4,0
1,two,4,0
1,two,4,3
1,two,8,3
1,two,8,2
1,two,8,0
1,two,8,3
1,two,8,0
1,two,8,3
1,two,8,3
1,two,8,5
1,two,8,2
1,two,8,0
1,two,8,3
1,two,8,1
1,two,8,2
1,two,8,5
1,two,8,4
1,two,8,2
1,two,8,2
1,two,8,3
1,two,8,3
1,two,8,2
1,two,8,1
1,two,8,2
1,two,8,1
1,two,8,2
1,two,8,0
1,two,8,3
1,two,8,1
1,two,8,3
1,two,8,1
1,two,8,5
1,two,8,2
1,two,8,1
1,two,8,0
1,two,8,2
1,two,8,4
1,two,8,1
1,two,8,3
1,two,8,1
1,two,8,3
1,two,8,4
1,two,8,4
1,two,8,1
1,two,8,0
1,two,8,5
1,two,8,4
1,two,8,3
1,two,8,5
1,two,8,0
1,two,8,0
1,two,8,2
1,two,8,2
1,two,8,1
1,two,8,4
1,two,8,2
1,two,8,0
1,two,8,4
1,two,8,2
1,two,8,2
1,two,8,0
1,two,8,0
1,two,8,0
1,two,8,2
1,two,8,2
1,two,8,2
1,two,8,3
1,two,8,2
1,two,8,2
1,two,8,2
1,two,8,5
1,two,8,4
1,two,8,1
1,two,8,2
1,two,8,1
1,two,8,0
1,two,8,1
1,two,8,0
1,two,8,2
1,two,8,4
1,two,8,3
1,two,8,1
1,two,8,3
1,two,8,2
1,two,8,2
1,two,8,1
1,two,8,2
1,two,8,2
1,two,8,2
1,two,8,3
1,two,8,4
1,two,8,3
1,two,8,2
1,two,8,4
1,two,8,2
1,two,8,4
1,two,8,1
1,two,8,2
1,two,8,3
1,two,8,1
1,two,8,0
1,two,8,1
1,two,16,4
1,two,16,3
1,two,16,3
1,two,16,2
1,two,16,2
1,two,16,5
1,two,16,4
1,two,16,0
1,two,16,6
1,two,16,4
1,two,16,1
1,two,16,5
1,two,16,5
1,two,16,1
1,two,16,4
1,two,16,3
1,two,16,0
1,two,16,2
1,two,16,2
1,two,16,2
1,two,16,4
1,two,16,3
1,two,16,6
1,two,16,2
1,two,16,1
1,two,16,3
1,two,16,2
1,two,16,8
1,two,16,1
1,two,16,5
1,two,16,3
1,two,16,5
1,two,16,3
1,two,16,3
1,two,16,2
1,two,16,1
1,two,16,4
1,two,16,4
1,two,16,6
1,two,16,4
1,two,16,4
1,two,16,6
1,two,16,9
1,two,16,5
1,two,16,1
1,two,16,6
1,two,16,4
1,two,16,4
1,two,16,1
1,two,16,3
1,two,16,6
1,two,16,2
1,two,16,2
1,two,16,3
1,two,16,2
1,two,16,4
1,two,16,2
1,two,16,4
1,two,16,2
1,two,16,2
1,two,16,2
1,two,16,2
1,two,16,4
1,two,16,3
1,two,16,6
1,two,16,4
1,two,16,6
1,two,16,8
1,two,16,4
1,two,16,4
1,two,16,2
1,two,16,0
1,two,16,4
1,two,16,4
1,two,16,3
1,two,16,3
1,two,16,2
1,two,16,5
1,two,16,3
1,two,16,7
1,two,16,3
1,two,16,3
1,two,16,3
1,two,16,5
1,two,16,2
1,two,16,4
1,two,16,4
1,two,16,4
1,two,16,5
1,two,16,7
1,two,16,2
1,two,16,2
1,two,16,6
1,two,16,3
1,two,16,5
1,two,16,1
1,two,16,1
1,two,16,6
1,two,16,3
1,two,16,2
1,two,32,6
1,two,32,7
1,two,32,4
1,two,32,6
1,two,32,6
1,two,32,5
1,two,32,5
1,two,32,7
1,two,32,7
1,two,32,5
1,two,32,8
1,two,32,5
1,two,32,7
1,two,32,7
1,two,32,5
1,two,32,4
1,two,32,5
1,two,32,4
1,two,32,6
1,two,32,8
1,two,32,3
1,two,32,6
1,two,32,3
1,two,32,7
1,two,32,5
1,two,32,5
1,two,32,4
1,two,32,6
1,two,32,7
1,two,32,5
1,two,32,6
1,two,32,3
1,two,32,6
1,two,32,7
1,two,32,7
1,two,32,5
1,two,32,3
1,two,32,4
1,two,32,7
1,two,32,8
1,two,32,4
1,two,32,4
1,two,32,7
1,two,32,7
1,two,32,4
1,two,32,5
1,two,32,5
1,two,32,2
1,two,32,7
1,two,32,8
1,two,32,6
1,two,32,2
1,two,32,7
1,two,32,9
1,two,32,5
1,two,32,4
1,two,32,4
1,two,32,6
1,two,32,8
1,two,32,5
1,two,32,7
1,two,32,5
1,two,32,6
1,two,32,5
1,two,32,7
1,two,32,4
1,two,32,4
1,two,32,4
1,two,32,7
1,two,32,4
1,two,32,5
1,two,32,5
1,two,32,2
1,two,32,6
1,two,32,5
1,two,32,6
1,two,32,5
1,two,32,4
1,two,32,8
1,two,32,2
1,two,32,5
1,two,32,9
1,two,32,5
1,two,32,7
1,two,32,5
1,two,32,7
1,two,32,3
1,two,32,7
1,two,32,7
1,two,32,8
1,two,32,4
1,two,32,3
1,two,32,8
1,two,32,3
1,two,32,5
1,two,32,6
1,two,32,6
1,two,32,7
1,two,32,9
1,two,32,6
1,two,64,9
1,two,64,8
1,two,64,10
1,two,64,8
1,two,64,7
1,two,64,9
1,two,64,7
1,two,64,8
1,two,64,7
1,two,64,5
1,two,64,5
1,two,64,7
1,two,64,8
1,two,64,5
1,two,64,5
1,two,64,10
1,two,64,9
1,two,64,9
1,two,64,6
1,two,64,7
1,two,64,6
1,two,64,8
1,two,64,9
1,two,64,10
1,two,64,10
1,two,64,9
1,two,64,10
1,two,64,6
1,two,64,9
1,two,64,10
1,two,64,8
1,two,64,10
1,two,64,8
1,two,64,8
1,two,64,7
1,two,64,9
1,two,64,8
1,two,64,6
1,two,64,6
1,two,64,9
1,two,64,8
1,two,64,8
1,two,64,9
1,two,64,9
1,two,64,10
1,two,64,7
1,two,64,9
1,two,64,5
1,two,64,6
1,two,64,8
1,two,64,6
1,two,64,7
1,two,64,6
1,two,64,8
1,two,64,7
1,two,64,6
1,two,64,8
1,two,64,8
1,two,64,9
1,two,64,9
1,two,64,8
1,two,64,7
1,two,64,6
1,two,64,8
1,two,64,10
1,two,64,8
1,two,64,4
1,two,64,6
1,two,64,5
1,two,64,5
1,two,64,7
1,two,64,10
1,two,64,7
1,two,64,9
1,two,64,5
1,two,64,8
1,two,64,10
1,two,64,8
1,two,64,9
1,two,64,7
1,two,64,4
1,two,64,8
1,two,64,8
1,two,64,8
1,two,64,7
1,two,64,9
1,two,64,7
1,two,64,7
1,two,64,7
1,two,64,7
1,two,64,6
1,two,64,6
1,two,64,10
1,two,64,7
1,two,64,9
1,two,64,6
1,two,64,9
1,two,64,8
1,two,64,9
1,two,64,10
1,two,128,8
1,two,128,10
1,two,128,7
1,two,128,10
1,two,128,11
1,two,128,10
1,two,128,8
1,two,128,9
1,two,128,9
1,two,128,11
1,two,128,10
1,two,128,10
1,two,128,12
1,two,128,11
1,two,128,9
1,two,128,9
1,two,128,8
1,two,128,6
1,two,128,8
1,two,128,10
1,two,128,10
1,two,128,8
1,two,128,10
1,two,128,10
1,two,128,9
1,two,128,9
1,two,128,9
1,two,128,9
1,two,128,9
1,two,128,9
1,two,128,10
1,two,128,10
1,two,128,11
1,two,128,10
1,two,128,9
1,two,128,10
1,two,128,8
1,two,128,10
1,two,128,8
1,two,128,8
1,two,128,11
1,two,128,11
1,two,128,10
1,two,128,9
1,two,128,8
1,two,128,10
1,two,128,10
1,two,128,10
1,two,128,11
1,two,128,10
1,two,128,11
1,two,128,11
1,two,128,10
1,two,128,8
1,two,128,11
1,two,128,8
1,two,128,7
1,two,128,9
1,two,128,10
1,two,128,8
1,two,128,9
1,two,128,9
1,two,128,9
1,two,128,9
1,two,128,10
1,two,128,10
1,two,128,10
1,two,128,8
1,two,128,9
1,two,128,11
1,two,128,10
1,two,128,9
1,two,128,9
1,two,128,8
1,two,128,9
1,two,128,10
1,two,128,9
1,two,128,10
1,two,128,8
1,two,128,11
1,two,128,9
1,two,128,11
1,two,128,9
1,two,128,9
1,two,128,12
1,two,128,10
1,two,128,11
1,two,128,10
1,two,128,11
1,two,128,12
1,two,128,9
1,two,128,8
1,two,128,9
1,two,128,10
1,two,128,8
1,two,128,11
1,two,128,10
1,two,128,11
1,two,128,11
1,two,128,10
2,ten,2,17
2,ten,2,16
2,ten,2,11
2,ten,2,0
2,ten,2,4
2,ten,2,5
2,ten,2,5
2,ten,2,4
2,ten,2,14
2,ten,2,18
2,ten,2,17
2,ten,2,4
2,ten,2,13
2,ten,2,1
2,ten,2,16
2,ten,2,12
2,ten,2,17
2,ten,2,17
2,ten,2,3
2,ten,2,3
2,ten,2,2
2,ten,2,19
2,ten,2,2
2,ten,2,0
2,ten,2,13
2,ten,2,13
2,ten,2,16
2,ten,2,13
2,ten,2,18
2,ten,2,18
2,ten,2,16
2,ten,2,12
2,ten,2,11
2,ten,2,12
2,ten,2,11
2,ten,2,1
2,ten,2,1
2,ten,2,18
2,ten,2,16
2,ten,2,2
2,ten,2,4
2,ten,2,15
2,ten,2,15
2,ten,2,13
2,ten,2,0
2,ten,2,16
2,ten,2,15
2,ten,2,19
2,ten,2,2
2,ten,2,2
2,ten,2,0
2,ten,2,17
2,ten,2,4
2,ten,2,17
2,ten,2,1
2,ten,2,0
2,ten,2,13
2,ten,2,3
2,ten,2,15
2,ten,2,13
2,ten,2,20
2,ten,2,15
2,ten,2,15
2,ten,2,13
2,ten,2,16
2,ten,2,1
2,ten,2,19
2,ten,2,0
2,ten,2,0
2,ten,2,4
2,ten,2,11
2,ten,2,10
2,ten,2,0
2,ten,2,16
2,ten,2,3
2,ten,2,15
2,ten,2,16
2,ten,2,1
2,ten,2,16
2,ten,2,2
2,ten,2,4
2,ten,2,18
2,ten,2,11
2,ten,2,4
2,ten,2,16
2,ten,2,15
2,ten,2,2
2,ten,2,15
2,ten,2,2
2,ten,2,5
2,ten,2,15
2,ten,2,0
2,ten,2,0
2,ten,2,19
2,ten,2,0
2,ten,2,18
2,ten,2,19
2,ten,2,13
2,ten,2,0
2,ten,2,14
2,ten,4,18
2,ten,4,23
2,ten,4,14
2,ten,4,25
2,ten,4,25
2,ten,4,24
2,ten,4,23
2,ten,4,23
2,ten,4,18
2,ten,4,21
2,ten,4,23
2,ten,4,27
2,ten,4,16
2,ten,4,8
2,ten,4,16
2,ten,4,19
2,ten,4,19
2,ten,4,15
2,ten,4,18
2,ten,4,22
2,ten,4,22
2,ten,4,22
2,ten,4,22
2,ten,4,19
2,ten,4,22
2,ten,4,17
2,ten,4,21
2,ten,4,17
2,ten,4,26
2,ten,4,22
2,ten,4,20
2,ten,4,16
2,ten,4,24
2,ten,4,18
2,ten,4,22
2,ten,4,23
2,ten,4,20
2,ten,4,19
2,ten,4,15
2,ten,4,21
2,ten,4,24
2,ten,4,14
2,ten,4,16
2,ten,4,19
2,ten,4,4
2,ten,4,23
2,ten,4,22
2,ten,4,21
2,ten,4,19
2,ten,4,12
2,ten,4,25
2,ten,4,22
2,ten,4,20
2,ten,4,26
2,ten,4,23
2,ten,4,17
2,ten,4,28
2,ten,4,19
2,ten,4,24
2,ten,4,17
2,ten,4,16
2,ten,4,26
2,ten,4,19
2,ten,4,19
2,ten,4,19
2,ten,4,23
2,ten,4,16
2,ten,4,22
2,ten,4,16
2,ten,4,20
2,ten,4,22
2,ten,4,18
2,ten,4,22
2,ten,4,21
2,ten,4,19
2,ten,4,20
2,ten,4,18
2,ten,4,13
2,ten,4,14
2,ten,4,22
2,ten,4,17
2,ten,4,22
2,ten,4,18
2,ten,4,21
2,ten,4,12
2,ten,4,22
2,ten,4,25
2,ten,4,18
2,ten,4,22
2,ten,4,18
2,ten,4,21
2,ten,4,15
2,ten,4,19
2,ten,4,23
2,ten,4,20
2,ten,4,22
2,ten,4,17
2,ten,4,19
2,ten,4,6
2,ten,4,19
2,ten,8,26
2,ten,8,26
2,ten,8,26
2,ten,8,25
2,ten,8,30
2,ten,8,19
2,ten,8,23
2,ten,8,29
2,ten,8,24
2,ten,8,25
2,ten,8,19
2,ten,8,32
2,ten,8,23
2,ten,8,26
2,ten,8,30
2,ten,8,29
2,ten,8,26
2,ten,8,26
2,ten,8,25
2,ten,8,22
2,ten,8,27
2,ten,8,24
2,ten,8,28
2,ten,8,21
2,ten,8,29
2,ten,8,20
2,ten,8,25
2,ten,8,27
2,ten,8,26
2,ten,8,17
2,ten,8,29
2,ten,8,18
2,ten,8,25
2,ten,8,24
2,ten,8,27
2,ten,8,28
2,ten,8,26
2,ten,8,22
2,ten,8,29
2,ten,8,23
2,ten,8,28
2,ten,8,25
2,ten,8,28
2,ten,8,26
2,ten,8,31
2,ten,8,26
2,ten,8,24
2,ten,8,22
2,ten,8,21
2,ten,8,24
2,ten,8,19
2,ten,8,25
2,ten,8,26
2,ten,8,20
2,ten,8,25
2,ten,8,29
2,ten,8,24
2,ten,8,20
2,ten,8,26
2,ten,8,32
2,ten,8,29
2,ten,8,25
2,ten,8,29
2,ten,8,27
2,ten,8,29
2,ten,8,23
2,ten,8,26
2,ten,8,28
2,ten,8,28
2,ten,8,22
2,ten,8,20
2,ten,8,20
2,ten,8,30
2,ten,8,27
2,ten,8,24
2,ten,8,23
2,ten,8,26
2,ten,8,29
2,ten,8,26
2,ten,8,24
2,ten,8,19
2,ten,8,27
2,ten,8,27
2,ten,8,21
2,ten,8,26
2,ten,8,27
2,ten,8,24
2,ten,8,25
2,ten,8,28
2,ten,8,28
2,ten,8,21
2,ten,8,21
2,ten,8,24
2,ten,8,25
2,ten,8,26
2,ten,8,24
2,ten,8,25
2,ten,8,28
2,ten,8,25
2,ten,8,30
2,ten,16,31
2,ten,16,27
2,ten,16,26
2,ten,16,34
2,ten,16,31
2,ten,16,32
2,ten,16,27
2,ten,16,32
2,ten,16,33
2,ten,16,34
2,ten,16,31
2,ten,16,35
2,ten,16,34
2,ten,16,33
2,ten,16,33
2,ten,16,31
2,ten,16,28
2,ten,16,30
2,ten,16,28
2,ten,16,34
2,ten,16,28
2,ten,16,33
2,ten,16,33
2,ten,16,30
2,ten,16,36
2,ten,16,36
2,ten,16,32
2,ten,16,34
2,ten,16,34
2,ten,16,29
2,ten,16,29
2,ten,16,35
2,ten,16,35
2,ten,16,31
2,ten,16,29
2,ten,16,29
2,ten,16,32
2,ten,16,31
2,ten,16,35
2,ten,16,33
2,ten,16,28
2,ten,16,34
2,ten,16,33
2,ten,16,33
2,ten,16,32
2,ten,16,34
2,ten,16,26
2,ten,16,36
2,ten,16,30
2,ten,16,29
2,ten,16,33
2,ten,16,29
2,ten,16,30
2,ten,16,32
2,ten,16,38
2,ten,16,28
2,ten,16,31
2,ten,16,33
2,ten,16,25
2,ten,16,32
2,ten,16,32
2,ten,16,31
2,ten,16,31
2,ten,16,32
2,ten,16,33
2,ten,16,28
2,ten,16,31
2,ten,16,36
2,ten,16,31
2,ten,16,27
2,ten,16,25
2,ten,16,32
2,ten,16,30
2,ten,16,35
2,ten,16,33
2,ten,16,31
2,ten,16,32
2,ten,16,35
2,ten,16,33
2,ten,16,35
2,ten,16,29
2,ten,16,25
2,ten,16,24
2,ten,16,32
2,ten,16,27
2,ten,16,33
2,ten,16,30
2,ten,16,27
2,ten,16,29
2,ten,16,27
2,ten,16,33
2,ten,16,27
2,ten,16,32
2,ten,16,32
2,ten,16,30
2,ten,16,31
2,ten,16,37
2,ten,16,33
2,ten,16,33
2,ten,16,32
2,ten,32,35
2,ten,32,34
2,ten,32,41
2,ten,32,36
2,ten,32,40
2,ten,32,36
2,ten,32,33
2,ten,32,32
2,ten,32,37
2,ten,32,34
2,ten,32,37
2,ten,32,33
2,ten,32,38
2,ten,32,34
2,ten,32,34
2,ten,32,35
2,ten,32,37
2,ten,32,37
2,ten,32,40
2,ten,32,34
2,ten,32,38
2,ten,32,38
2,ten,32,36
2,ten,32,36
2,ten,32,30
2,ten,32,39
2,ten,32,37
2,ten,32,39
2,ten,32,39
2,ten,32,38
2,ten,32,35
2,ten,32,35
2,ten,32,39
2,ten,32,37
2,ten,32,34
2,ten,32,33
2,ten,32,42
2,ten,32,39
2,ten,32,39
2,ten,32,37
2,ten,32,34
2,ten,32,37
2,ten,32,34
2,ten,32,39
2,ten,32,42
2,ten,32,34
2,ten,32,35
2,ten,32,40
2,ten,32,32
2,ten,32,35
2,ten,32,39
2,ten,32,39
2,ten,32,38
2,ten,32,40
2,ten,32,39
2,ten,32,39
2,ten,32,38
2,ten,32,36
2,ten,32,38
2,ten,32,39
2,ten,32,33
2,ten,32,39
2,ten,32,39
2,ten,32,35
2,ten,32,37
2,ten,32,41
2,ten,32,37
2,ten,32,34
2,ten,32,34
2,ten,32,37
2,ten,32,35
2,ten,32,37
2,ten,32,38
2,ten,32,37
2,ten,32,36
2,ten,32,35
2,ten,32,35
2,ten,32,39
2,ten,32,36
2,ten,32,41
2,ten,32,38
2,ten,32,38
2,ten,32,38
2,ten,32,31
2,ten,32,32
2,ten,32,38
2,ten,32,39
2,ten,32,42
2,ten,32,34
2,ten,32,34
2,ten,32,34
2,ten,32,36
2,ten,32,39
2,ten,32,38
2,ten,32,38
2,ten,32,35
2,ten,32,38
2,ten,32,37
2,ten,32,39
2,ten,32,32
2,ten,64,49
2,ten,64,43
2,ten,64,44
2,ten,64,41
2,ten,64,43
2,ten,64,38
2,ten,64,46
2,ten,64,42
2,ten,64,45
2,ten,64,44
2,ten,64,43
2,ten,64,45
2,ten,64,46
2,ten,64,44
2,ten,64,46
2,ten,64,41
2,ten,64,44
2,ten,64,45
2,ten,64,40
2,ten,64,48
2,ten,64,41
2,ten,64,41
2,ten,64,43
2,ten,64,41
2,ten,64,41
2,ten,64,42
2,ten,64,45
2,ten,64,41
2,ten,64,44
2,ten,64,42
2,ten,64,37
2,ten,64,40
2,ten,64,44
2,ten,64,46
2,ten,64,44
2,ten,64,41
2,ten,64,43
2,ten,64,40
2,ten,64,44
2,ten,64,40
2,ten,64,41
2,ten,64,46
2,ten,64,46
2,ten,64,43
2,ten,64,45
2,ten,64,43
2,ten,64,39
2,ten,64,49
2,ten,64,43
2,ten,64,41
2,ten,64,40
2,ten,64,45
2,ten,64,45
2,ten,64,46
2,ten,64,43
2,ten,64,46
2,ten,64,43
2,ten,64,41
2,ten,64,45
2,ten,64,41
2,ten,64,46
2,ten,64,45
2,ten,64,42
2,ten,64,40
2,ten,64,46
2,ten,64,44
2,ten,64,38
2,ten,64,44
2,ten,64,47
2,ten,64,46
2,ten,64,40
2,ten,64,46
2,ten,64,43
2,ten,64,42
2,ten,64,42
2,ten,64,44
2,ten,64,40
2,ten,64,41
2,ten,64,43
2,ten,64,40
2,ten,64,46
2,ten,64,44
2,ten,64,47
2,ten,64,43
2,ten,64,39
2,ten,64,39
2,ten,64,43
2,ten,64,42
2,ten,64,41
2,ten,64,44
2,ten,64,40
2,ten,64,43
2,ten,64,46
2,ten,64,45
2,ten,64,45
2,ten,64,39
2,ten,64,41
2,ten,64,41
2,ten,64,40
2,ten,64,39
2,ten,128,43
2,ten,128,55
2,ten,128,53
2,ten,128,47
2,ten,128,47
2,ten,128,53
2,ten,128,52
2,ten,128,50
2,ten,128,51
2,ten,128,48
2,ten,128,50
2,ten,128,52
2,ten,128,52
2,ten,128,49
2,ten,128,46
2,ten,128,49
2,ten,128,53
2,ten,128,52
2,ten,128,50
2,ten,128,53
2,ten,128,53
2,ten,128,48
2,ten,128,52
2,ten,128,51
2,ten,128,51
2,ten,128,49
2,ten,128,47
2,ten,128,53
2,ten,128,50
2,ten,128,53
2,ten,128,51
2,ten,128,51
2,ten,128,47
2,ten,128,48
2,ten,128,51
2,ten,128,50
2,ten,128,52
2,ten,128,50
2,ten,128,52
2,ten,128,49
2,ten,128,50
2,ten,128,47
2,ten,128,47
2,ten,128,49
2,ten,128,50
2,ten,128,48
2,ten,128,51
2,ten,128,49
2,ten,128,50
2,ten,128,50
2,ten,128,50
2,ten,128,46
2,ten,128,49
2,ten,128,46
2,ten,128,46
2,ten,128,50
2,ten,128,44
2,ten,128,49
2,ten,128,49
2,ten,128,47
2,ten,128,47
2,ten,128,46
2,ten,128,49
2,ten,128,57
2,ten,128,52
2,ten,128,47
2,ten,128,44
2,ten,128,53
2,ten,128,52
2,ten,128,49
2,ten,128,49
2,ten,128,49
2,ten,128,44
2,ten,128,51
2,ten,128,54
2,ten,128,47
2,ten,128,53
2,ten,128,44
2,ten,128,46
2,ten,128,55
2,ten,128,48
2,ten,128,51
2,ten,128,47
2,ten,128,49
2,ten,128,50
2,ten,128,49
2,ten,128,50
2,ten,128,50
2,ten,128,51
2,ten,128,45
2,ten,128,54
2,ten,128,53
2,ten,128,47
2,ten,128,50
2,ten,128,51
2,ten,128,49
2,ten,128,48
2,ten,128,46
2,ten,128,51
2,ten,128,52
3,twenty,2,60
3,twenty,2,12
3,twenty,2,62
3,twenty,2,13
3,twenty,2,64
3,twenty,2,3
3,twenty,2,5
3,twenty,2,64
3,twenty,2,60
3,twenty,2,61
3,twenty,2,12
3,twenty,2,18
3,twenty,2,61
3,twenty,2,60
3,twenty,2,15
3,twenty,2,4
3,twenty,2,3
3,twenty,2,65
3,twenty,2,65
3,twenty,2,19
3,twenty,2,58
3,twenty,2,14
3,twenty,2,0
3,twenty,2,60
3,twenty,2,62
3,twenty,2,3
3,twenty,2,15
3,twenty,2,19
3,twenty,2,10
3,twenty,2,17
3,twenty,2,11
3,twenty,2,14
3,twenty,2,62
3,twenty,2,18
3,twenty,2,60
3,twenty,2,11
3,twenty,2,12
3,twenty,2,0
3,twenty,2,62
3,twenty,2,59
3,twenty,2,10
3,twenty,2,59
3,twenty,2,14
3,twenty,2,61
3,twenty,2,13
3,twenty,2,19
3,twenty,2,16
3,twenty,2,65
3,twenty,2,13
3,twenty,2,4
3,twenty,2,1
3,twenty,2,62
3,twenty,2,14
3,twenty,2,59
3,twenty,2,4
3,twenty,2,58
3,twenty,2,62
3,twenty,2,61
3,twenty,2,22
3,twenty,2,14
3,twenty,2,18
3,twenty,2,62
3,twenty,2,13
3,twenty,2,61
3,twenty,2,61
3,twenty,2,61
3,twenty,2,60
3,twenty,2,60
3,twenty,2,2
3,twenty,2,62
3,twenty,2,62
3,twenty,2,61
3,twenty,2,4
3,twenty,2,60
3,twenty,2,60
3,twenty,2,62
3,twenty,2,11
3,twenty,2,3
3,twenty,2,59
3,twenty,2,11
3,twenty,2,61
3,twenty,2,65
3,twenty,2,59
3,twenty,2,4
3,twenty,2,62
3,twenty,2,0
3,twenty,2,0
3,twenty,2,67
3,twenty,2,3
3,twenty,2,18
3,twenty,2,61
3,twenty,2,3
3,twenty,2,3
3,twenty,2,3
3,twenty,2,4
3,twenty,2,0
3,twenty,2,65
3,twenty,2,4
3,twenty,2,61
3,twenty,2,1
3,twenty,4,67
3,twenty,4,19
3,twenty,4,24
3,twenty,4,18
3,twenty,4,73
3,twenty,4,26
3,twenty,4,72
3,twenty,4,72
3,twenty,4,71
3,twenty,4,67
3,twenty,4,26
3,twenty,4,74
3,twenty,4,70
3,twenty,4,68
3,twenty,4,12
3,twenty,4,68
3,twenty,4,62
3,twenty,4,61
3,twenty,4,7
3,twenty,4,66
3,twenty,4,72
3,twenty,4,68
3,twenty,4,76
3,twenty,4,72
3,twenty,4,68
3,twenty,4,67
3,twenty,4,63
3,twenty,4,8
3,twenty,4,69
3,twenty,4,13
3,twenty,4,63
3,twenty,4,74
3,twenty,4,62
3,twenty,4,74
3,twenty,4,80
3,twenty,4,16
3,twenty,4,22
3,twenty,4,68
3,twenty,4,67
3,twenty,4,19
3,twenty,4,63
3,twenty,4,29
3,twenty,4,62
3,twenty,4,83
3,twenty,4,66
3,twenty,4,66
3,twenty,4,64
3,twenty,4,62
3,twenty,4,4
3,twenty,4,70
3,twenty,4,16
3,twenty,4,60
3,twenty,4,65
3,twenty,4,65
3,twenty,4,72
3,twenty,4,69
3,twenty,4,68
3,twenty,4,75
3,twenty,4,21
3,twenty,4,19
3,twenty,4,67
3,twenty,4,77
3,twenty,4,64
3,twenty,4,16
3,twenty,4,17
3,twenty,4,72
3,twenty,4,67
3,twenty,4,70
3,twenty,4,64
3,twenty,4,73
3,twenty,4,68
3,twenty,4,13
3,twenty,4,22
3,twenty,4,17
3,twenty,4,78
3,twenty,4,14
3,twenty,4,61
3,twenty,4,65
3,twenty,4,77
3,twenty,4,1
3,twenty,4,71
3,twenty,4,66
3,twenty,4,70
3,twenty,4,3
3,twenty,4,70
3,twenty,4,18
3,twenty,4,14
3,twenty,4,20
3,twenty,4,63
3,twenty,4,65
3,twenty,4,71
3,twenty,4,63
3,twenty,4,60
3,twenty,4,5
3,twenty,4,70
3,twenty,4,67
3,twenty,4,67
3,twenty,4,68
3,twenty,4,32
3,twenty,4,18
3,twenty,8,83
3,twenty,8,81
3,twenty,8,80
3,twenty,8,71
3,twenty,8,80
3,twenty,8,72
3,twenty,8,81
3,twenty,8,70
3,twenty,8,67
3,twenty,8,74
3,twenty,8,82
3,twenty,8,30
3,twenty,8,71
3,twenty,8,75
3,twenty,8,69
3,twenty,8,73
3,twenty,8,72
3,twenty,8,75
3,twenty,8,79
3,twenty,8,88
3,twenty,8,66
3,twenty,8,72
3,twenty,8,74
3,twenty,8,79
3,twenty,8,79
3,twenty,8,87
3,twenty,8,90
3,twenty,8,77
3,twenty,8,84
3,twenty,8,74
3,twenty,8,84
3,twenty,8,74
3,twenty,8,77
3,twenty,8,73
3,twenty,8,73
3,twenty,8,76
3,twenty,8,72
3,twenty,8,72
3,twenty,8,69
3,twenty,8,78
3,twenty,8,73
3,twenty,8,79
3,twenty,8,75
3,twenty,8,71
3,twenty,8,80
3,twenty,8,82
3,twenty,8,72
3,twenty,8,81
3,twenty,8,78
3,twenty,8,69
3,twenty,8,75
3,twenty,8,78
3,twenty,8,73
3,twenty,8,82
3,twenty,8,79
3,twenty,8,34
3,twenty,8,78
3,twenty,8,73
3,twenty,8,77
3,twenty,8,79
3,twenty,8,84
3,twenty,8,76
3,twenty,8,87
3,twenty,8,72
3,twenty,8,81
3,twenty,8,74
3,twenty,8,85
3,twenty,8,72
3,twenty,8,72
3,twenty,8,78
3,twenty,8,80
3,twenty,8,80
3,twenty,8,81
3,twenty,8,90
3,twenty,8,72
3,twenty,8,83
3,twenty,8,18
3,twenty,8,74
3,twenty,8,75
3,twenty,8,83
3,twenty,8,73
3,twenty,8,70
3,twenty,8,74
3,twenty,8,84
3,twenty,8,83
3,twenty,8,67
3,twenty,8,79
3,twenty,8,73
3,twenty,8,78
3,twenty,8,75
3,twenty,8,82
3,twenty,8,74
3,twenty,8,72
3,twenty,8,85
3,twenty,8,85
3,twenty,8,77
3,twenty,8,81
3,twenty,8,74
3,twenty,8,80
3,twenty,8,82
3,twenty,16,80
3,twenty,16,90
3,twenty,16,94
3,twenty,16,85
3,twenty,16,77
3,twenty,16,94
3,twenty,16,82
3,twenty,16,83
3,twenty,16,85
3,twenty,16,91
3,twenty,16,94
3,twenty,16,99
3,twenty,16,85
3,twenty,16,102
3,twenty,16,90
3,twenty,16,95
3,twenty,16,98
3,twenty,16,89
3,twenty,16,84
3,twenty,16,94
3,twenty,16,87
3,twenty,16,91
3,twenty,16,86
3,twenty,16,95
3,twenty,16,96
3,twenty,16,95
3,twenty,16,84
3,twenty,16,91
3,twenty,16,92
3,twenty,16,81
3,twenty,16,89
3,twenty,16,85
3,twenty,16,91
3,twenty,16,93
3,twenty,16,90
3,twenty,16,89
3,twenty,16,90
3,twenty,16,94
3,twenty,16,79
3,twenty,16,94
3,twenty,16,81
3,twenty,16,91
3,twenty,16,88
3,twenty,16,86
3,twenty,16,88
3,twenty,16,84
3,twenty,16,87
3,twenty,16,87
3,twenty,16,99
3,twenty,16,91
3,twenty,16,91
3,twenty,16,86
3,twenty,16,91
3,twenty,16,83
3,twenty,16,76
3,twenty,16,101
3,twenty,16,88
3,twenty,16,94
3,twenty,16,78
3,twenty,16,84
3,twenty,16,84
3,twenty,16,84
3,twenty,16,87
3,twenty,16,82
3,twenty,16,85
3,twenty,16,85
3,twenty,16,88
3,twenty,16,81
3,twenty,16,89
3,twenty,16,84
3,twenty,16,89
3,twenty,16,89
3,twenty,16,78
3,twenty,16,84
3,twenty,16,78
3,twenty,16,87
3,twenty,16,96
3,twenty,16,97
3,twenty,16,94
3,twenty,16,99
3,twenty,16,82
3,twenty,16,87
3,twenty,16,93
3,twenty,16,87
3,twenty,16,92
3,twenty,16,91
3,twenty,16,82
3,twenty,16,96
3,twenty,16,84
3,twenty,16,80
3,twenty,16,82
3,twenty,16,95
3,twenty,16,88
3,twenty,16,91
3,twenty,16,80
3,twenty,16,93
3,twenty,16,85
3,twenty,16,83
3,twenty,16,89
3,twenty,16,77
3,twenty,32,103
3,twenty,32,87
3,twenty,32,105
3,twenty,32,98
3,twenty,32,108
3,twenty,32,95
3,twenty,32,98
3,twenty,32,103
3,twenty,32,100
3,twenty,32,99
3,twenty,32,91
3,twenty,32,104
3,twenty,32,96
3,twenty,32,105
3,twenty,32,98
3,twenty,32,102
3,twenty,32,108
3,twenty,32,101
3,twenty,32,108
3,twenty,32,101
3,twenty,32,102
3,twenty,32,104
3,twenty,32,101
3,twenty,32,107
3,twenty,32,106
3,twenty,32,99
3,twenty,32,89
3,twenty,32,103
3,twenty,32,104
3,twenty,32,100
3,twenty,32,107
3,twenty,32,95
3,twenty,32,92
3,twenty,32,100
3,twenty,32,99
3,twenty,32,92
3,twenty,32,104
3,twenty,32,107
3,twenty,32,109
3,twenty,32,103
3,twenty,32,93
3,twenty,32,100
3,twenty,32,110
3,twenty,32,90
3,twenty,32,96
3,twenty,32,103
3,twenty,32,102
3,twenty,32,99
3,twenty,32,94
3,twenty,32,100
3,twenty,32,101
3,twenty,32,118
3,twenty,32,94
3,twenty,32,103
3,twenty,32,97
3,twenty,32,104
3,twenty,32,96
3,twenty,32,103
3,twenty,32,97
3,twenty,32,99
3,twenty,32,97
3,twenty,32,93
3,twenty,32,91
3,twenty,32,87
3,twenty,32,91
3,twenty,32,103
3,twenty,32,105
3,twenty,32,103
3,twenty,32,105
3,twenty,32,94
3,twenty,32,102
3,twenty,32,102
3,twenty,32,101
3,twenty,32,95
3,twenty,32,110
3,twenty,32,97
3,twenty,32,97
3,twenty,32,101
3,twenty,32,86
3,twenty,32,101
3,twenty,32,105
3,twenty,32,99
3,twenty,32,110
3,twenty,32,91
3,twenty,32,104
3,twenty,32,101
3,twenty,32,104
3,twenty,32,100
3,twenty,32,105
3,twenty,32,102
3,twenty,32,98
3,twenty,32,109
3,twenty,32,104
3,twenty,32,103
3,twenty,32,99
3,twenty,32,104
3,twenty,32,103
3,twenty,32,106
3,twenty,32,106
3,twenty,32,103
3,twenty,64,112
3,twenty,64,109
3,twenty,64,111
3,twenty,64,108
3,twenty,64,109
3,twenty,64,113
3,twenty,64,108
3,twenty,64,114
3,twenty,64,118
3,twenty,64,113
3,twenty,64,112
3,twenty,64,110
3,twenty,64,101
3,twenty,64,114
3,twenty,64,114
3,twenty,64,113
3,twenty,64,121
3,twenty,64,110
3,twenty,64,113
3,twenty,64,114
3,twenty,64,116
3,twenty,64,113
3,twenty,64,116
3,twenty,64,115
3,twenty,64,112
3,twenty,64,115
3,twenty,64,111
3,twenty,64,114
3,twenty,64,123
3,twenty,64,110
3,twenty,64,116
3,twenty,64,112
3,twenty,64,115
3,twenty,64,109
3,twenty,64,109
3,twenty,64,104
3,twenty,64,121
3,twenty,64,115
3,twenty,64,106
3,twenty,64,119
3,twenty,64,123
3,twenty,64,115
3,twenty,64,119
3,twenty,64,101
3,twenty,64,111
3,twenty,64,110
3,twenty,64,112
3,twenty,64,110
3,twenty,64,117
3,twenty,64,107
3,twenty,64,116
3,twenty,64,119
3,twenty,64,111
3,twenty,64,116
3,twenty,64,118
3,twenty,64,120
3,twenty,64,113
3,twenty,64,112
3,twenty,64,115
3,twenty,64,107
3,twenty,64,113
3,twenty,64,115
3,twenty,64,106
3,twenty,64,117
3,twenty,64,110
3,twenty,64,112
3,twenty,64,110
3,twenty,64,109
3,twenty,64,113
3,twenty,64,113
3,twenty,64,106
3,twenty,64,118
3,twenty,64,109
3,twenty,64,99
3,twenty,64,110
3,twenty,64,117
3,twenty,64,111
3,twenty,64,114
3,twenty,64,111
3,twenty,64,107
3,twenty,64,116
3,twenty,64,115
3,twenty,64,110
3,twenty,64,114
3,twenty,64,110
3,twenty,64,112
3,twenty,64,117
3,twenty,64,108
3,twenty,64,112
3,twenty,64,120
3,twenty,64,113
3,twenty,64,108
3,twenty,64,115
3,twenty,64,110
3,twenty,64,117
3,twenty,64,118
3,twenty,64,109
3,twenty,64,119
3,twenty,64,115
3,twenty,64,110
3,twenty,128,130
3,twenty,128,125
3,twenty,128,126
3,twenty,128,121
3,twenty,128,127
3,twenty,128,124
3,twenty,128,125
3,twenty,128,130
3,twenty,128,117
3,twenty,128,129
3,twenty,128,121
3,twenty,128,121
3,twenty,128,125
3,twenty,128,126
3,twenty,128,129
3,twenty,128,131
3,twenty,128,122
3,twenty,128,122
3,twenty,128,131
3,twenty,128,121
3,twenty,128,121
3,twenty,128,130
3,twenty,128,123
3,twenty,128,129
3,twenty,128,127
3,twenty,128,127
3,twenty,128,127
3,twenty,128,122
3,twenty,128,128
3,twenty,128,123
3,twenty,128,121
3,twenty,128,130
3,twenty,128,129
3,twenty,128,125
3,twenty,128,123
3,twenty,128,125
3,twenty,128,121
3,twenty,128,124
3,twenty,128,126
3,twenty,128,121
3,twenty,128,127
3,twenty,128,127
3,twenty,128,120
3,twenty,128,121
3,twenty,128,130
3,twenty,128,127
3,twenty,128,126
3,twenty,128,123
3,twenty,128,125
3,twenty,128,127
3,twenty,128,125
3,twenty,128,124
3,twenty,128,135
3,twenty,128,124
3,twenty,128,131
3,twenty,128,128
3,twenty,128,125
3,twenty,128,128
3,twenty,128,124
3,twenty,128,126
3,twenty,128,125
3,twenty,128,132
3,twenty,128,124
3,twenty,128,122
3,twenty,128,123
3,twenty,128,132
3,twenty,128,127
3,twenty,128,129
3,twenty,128,125
3,twenty,128,114
3,twenty,128,125
3,twenty,128,123
3,twenty,128,125
3,twenty,128,122
3,twenty,128,125
3,twenty,128,121
3,twenty,128,127
3,twenty,128,131
3,twenty,128,126
3,twenty,128,130
3,twenty,128,123
3,twenty,128,126
3,twenty,128,126
3,twenty,128,122
3,twenty,128,124
3,twenty,128,123
3,twenty,128,125
3,twenty,128,130
3,twenty,128,120
3,twenty,128,131
3,twenty,128,128
3,twenty,128,129
3,twenty,128,125
3,twenty,128,127
3,twenty,128,122
3,twenty,128,127
3,twenty,128,126
3,twenty,128,125
3,twenty,128,122
3,twenty,128,123
4,five,2,32
4,five,2,32
4,five,2,31
4,five,2,32
4,five,2,0
4,five,2,0
4,five,2,33
4,five,2,2
4,five,2,31
4,five,2,32
4,five,2,32
4,five,2,0
4,five,2,30
4,five,2,0
4,five,2,1
4,five,2,29
4,five,2,31
4,five,2,1
4,five,2,32
4,five,2,0
4,five,2,1
4,five,2,29
4,five,2,7
4,five,2,0
4,five,2,34
4,five,2,33
4,five,2,0
4,five,2,0
4,five,2,30
4,five,2,33
4,five,2,29
4,five,2,1
4,five,2,6
4,five,2,31
4,five,2,32
4,five,2,33
4,five,2,29
4,five,2,29
4,five,2,0
4,five,2,32
4,five,2,7
4,five,2,3
4,five,2,7
4,five,2,8
4,five,2,6
4,five,2,30
4,five,2,1
4,five,2,6
4,five,2,6
4,five,2,8
4,five,2,33
4,five,2,31
4,five,2,33
4,five,2,29
4,five,2,33
4,five,2,31
4,five,2,8
4,five,2,32
4,five,2,31
4,five,2,1
4,five,2,1
4,five,2,0
4,five,2,32
4,five,2,1
4,five,2,28
4,five,2,32
4,five,2,32
4,five,2,2
4,five,2,7
4,five,2,31
4,five,2,6
4,five,2,31
4,five,2,1
4,five,2,32
4,five,2,0
4,five,2,32
4,five,2,8
4,five,2,1
4,five,2,3
4,five,2,1
4,five,2,31
4,five,2,7
4,five,2,2
4,five,2,0
4,five,2,1
4,five,2,7
4,five,2,0
4,five,2,2
4,five,2,32
4,five,2,33
4,five,2,1
4,five,2,7
4,five,2,2
4,five,2,7
4,five,2,32
4,five,2,1
4,five,2,30
4,five,2,32
4,five,2,31
4,five,2,10
4,five,4,33
4,five,4,33
4,five,4,31
4,five,4,35
4,five,4,1
4,five,4,33
4,five,4,33
4,five,4,36
4,five,4,33
4,five,4,35
4,five,4,9
4,five,4,32
4,five,4,33
4,five,4,35
4,five,4,34
4,five,4,33
4,five,4,8
4,five,4,33
4,five,4,32
4,five,4,35
4,five,4,33
4,five,4,34
4,five,4,33
4,five,4,36
4,five,4,33
4,five,4,34
4,five,4,36
4,five,4,35
4,five,4,9
4,five,4,35
4,five,4,32
4,five,4,7
4,five,4,33
4,five,4,9
4,five,4,35
4,five,4,3
4,five,4,31
4,five,4,34
4,five,4,34
4,five,4,9
4,five,4,34
4,five,4,34
4,five,4,32
4,five,4,36
4,five,4,33
4,five,4,33
4,five,4,1
4,five,4,34
4,five,4,9
4,five,4,35
4,five,4,32
4,five,4,31
4,five,4,36
4,five,4,1
4,five,4,8
4,five,4,33
4,five,4,33
4,five,4,35
4,five,4,32
4,five,4,34
4,five,4,35
4,five,4,7
4,five,4,35
4,five,4,34
4,five,4,35
4,five,4,35
4,five,4,34
4,five,4,34
4,five,4,34
4,five,4,33
4,five,4,33
4,five,4,32
4,five,4,34
4,five,4,34
4,five,4,8
4,five,4,7
4,five,4,7
4,five,4,35
4,five,4,34
4,five,4,33
4,five,4,7
4,five,4,32
4,five,4,33
4,five,4,34
4,five,4,37
4,five,4,7
4,five,4,34
4,five,4,32
4,five,4,34
4,five,4,35
4,five,4,33
4,five,4,7
4,five,4,31
4,five,4,8
4,five,4,33
4,five,4,33
4,five,4,34
4,five,4,32
4,five,4,34
4,five,4,32
4,five,8,36
4,five,8,38
4,five,8,36
4,five,8,37
4,five,8,35
4,five,8,8
4,five,8,36
4,five,8,37
4,five,8,37
4,five,8,39
4,five,8,37
4,five,8,38
4,five,8,36
4,five,8,34
4,five,8,37
4,five,8,38
4,five,8,36
4,five,8,34
4,five,8,37
4,five,8,36
4,five,8,35
4,five,8,35
4,five,8,36
4,five,8,36
4,five,8,33
4,five,8,36
4,five,8,35
4,five,8,37
4,five,8,34
4,five,8,37
4,five,8,36
4,five,8,38
4,five,8,38
4,five,8,36
4,five,8,36
4,five,8,36
4,five,8,40
4,five,8,36
4,five,8,37
4,five,8,35
4,five,8,34
4,five,8,35
4,five,8,38
4,five,8,35
4,five,8,33
4,five,8,36
4,five,8,37
4,five,8,37
4,five,8,35
4,five,8,39
4,five,8,38
4,five,8,35
4,five,8,39
4,five,8,35
4,five,8,38
4,five,8,36
4,five,8,36
4,five,8,36
4,five,8,38
4,five,8,37
4,five,8,8
4,five,8,37
4,five,8,35
4,five,8,35
4,five,8,37
4,five,8,34
4,five,8,37
4,five,8,38
4,five,8,35
4,five,8,36
4,five,8,35
4,five,8,38
4,five,8,38
4,five,8,35
4,five,8,33
4,five,8,39
4,five,8,34
4,five,8,37
4,five,8,36
4,five,8,36
4,five,8,37
4,five,8,38
4,five,8,39
4,five,8,34
4,five,8,35
4,five,8,35
4,five,8,35
4,five,8,38
4,five,8,36
4,five,8,2
4,five,8,34
4,five,8,35
4,five,8,34
4,five,8,38
4,five,8,36
4,five,8,34
4,five,8,35
4,five,8,32
4,five,8,34
4,five,8,36
4,five,16,36
4,five,16,40
4,five,16,37
4,five,16,38
4,five,16,36
4,five,16,36
4,five,16,38
4,five,16,39
4,five,16,37
4,five,16,37
4,five,16,37
4,five,16,38
4,five,16,37
4,five,16,38
4,five,16,38
4,five,16,40
4,five,16,41
4,five,16,38
4,five,16,40
4,five,16,40
4,five,16,36
4,five,16,41
4,five,16,39
4,five,16,40
4,five,16,42
4,five,16,38
4,five,16,38
4,five,16,37
4,five,16,40
4,five,16,35
4,five,16,37
4,five,16,37
4,five,16,39
4,five,16,42
4,five,16,37
4,five,16,38
4,five,16,40
4,five,16,41
4,five,16,38
4,five,16,40
4,five,16,38
4,five,16,37
4,five,16,38
4,five,16,40
4,five,16,42
4,five,16,42
4,five,16,40
4,five,16,39
4,five,16,38
4,five,16,38
4,five,16,42
4,five,16,39
4,five,16,41
4,five,16,38
4,five,16,40
4,five,16,38
4,five,16,38
4,five,16,39
4,five,16,41
4,five,16,37
4,five,16,37
4,five,16,40
4,five,16,39
4,five,16,41
4,five,16,36
4,five,16,42
4,five,16,42
4,five,16,39
4,five,16,39
4,five,16,39
4,five,16,36
4,five,16,37
4,five,16,37
4,five,16,34
4,five,16,40
4,five,16,37
4,five,16,38
4,five,16,40
4,five,16,38
4,five,16,39
4,five,16,39
4,five,16,38
4,five,16,41
4,five,16,37
4,five,16,37
4,five,16,38
4,five,16,41
4,five,16,38
4,five,16,38
4,five,16,36
4,five,16,38
4,five,16,37
4,five,16,39
4,five,16,40
4,five,16,39
4,five,16,40
4,five,16,38
4,five,16,39
4,five,16,36
4,five,16,40
4,five,32,43
4,five,32,46
4,five,32,41
4,five,32,43
4,five,32,40
4,five,32,41
4,five,32,43
4,five,32,44
4,five,32,43
4,five,32,46
4,five,32,41
4,five,32,41
4,five,32,44
4,five,32,44
4,five,32,42
4,five,32,40
4,five,32,45
4,five,32,45
4,five,32,42
4,five,32,43
4,five,32,43
4,five,32,41
4,five,32,39
4,five,32,42
4,five,32,40
4,five,32,40
4,five,32,45
4,five,32,40
4,five,32,39
4,five,32,43
4,five,32,40
4,five,32,42
4,five,32,39
4,five,32,43
4,five,32,41
4,five,32,41
4,five,32,44
4,five,32,42
4,five,32,44
4,five,32,42
4,five,32,43
4,five,32,41
4,five,32,44
4,five,32,41
4,five,32,42
4,five,32,45
4,five,32,43
4,five,32,38
4,five,32,46
4,five,32,42
4,five,32,43
4,five,32,41
4,five,32,46
4,five,32,42
4,five,32,41
4,five,32,44
4,five,32,41
4,five,32,45
4,five,32,44
4,five,32,40
4,five,32,42
4,five,32,43
4,five,32,44
4,five,32,43
4,five,32,45
4,five,32,42
4,five,32,42
4,five,32,40
4,five,32,46
4,five,32,41
4,five,32,43
4,five,32,43
4,five,32,40
4,five,32,45
4,five,32,46
4,five,32,45
4,five,32,43
4,five,32,44
4,five,32,42
4,five,32,42
4,five,32,43
4,five,32,39
4,five,32,39
4,five,32,44
4,five,32,35
4,five,32,40
4,five,32,42
4,five,32,43
4,five,32,44
4,five,32,43
4,five,32,43
4,five,32,38
4,five,32,41
4,five,32,45
4,five,32,45
4,five,32,45
4,five,32,41
4,five,32,41
4,five,32,42
4,five,32,40
4,five,64,44
4,five,64,47
4,five,64,50
4,five,64,45
4,five,64,44
4,five,64,53
4,five,64,50
4,five,64,45
4,five,64,44
4,five,64,43
4,five,64,46
4,five,64,40
4,five,64,51
4,five,64,45
4,five,64,46
4,five,64,43
4,five,64,44
4,five,64,47
4,five,64,43
4,five,64,45
4,five,64,43
4,five,64,48
4,five,64,46
4,five,64,45
4,five,64,48
4,five,64,45
4,five,64,49
4,five,64,46
4,five,64,49
4,five,64,45
4,five,64,44
4,five,64,47
4,five,64,45
4,five,64,47
4,five,64,47
4,five,64,49
4,five,64,49
4,five,64,46
4,five,64,43
4,five,64,46
4,five,64,48
4,five,64,45
4,five,64,48
4,five,64,45
4,five,64,44
4,five,64,46
4,five,64,48
4,five,64,47
4,five,64,47
4,five,64,51
4,five,64,45
4,five,64,52
4,five,64,45
4,five,64,47
4,five,64,45
4,five,64,48
4,five,64,44
4,five,64,46
4,five,64,46
4,five,64,51
4,five,64,47
4,five,64,48
4,five,64,48
4,five,64,44
4,five,64,50
4,five,64,47
4,five,64,44
4,five,64,44
4,five,64,44
4,five,64,45
4,five,64,44
4,five,64,45
4,five,64,41
4,five,64,48
4,five,64,46
4,five,64,43
4,five,64,46
4,five,64,47
4,five,64,47
4,five,64,48
4,five,64,46
4,five,64,47
4,five,64,44
4,five,64,43
4,five,64,49
4,five,64,44
4,five,64,43
4,five,64,48
4,five,64,46
4,five,64,45
4,five,64,44
4,five,64,45
4,five,64,47
4,five,64,48
4,five,64,46
4,five,64,50
4,five,64,51
4,five,64,41
4,five,64,45
4,five,64,46
4,five,128,49
4,five,128,49
4,five,128,47
4,five,128,52
4,five,128,50
4,five,128,49
4,five,128,45
4,five,128,48
4,five,128,49
4,five,128,46
4,five,128,47
4,five,128,51
4,five,128,54
4,five,128,50
4,five,128,49
4,five,128,52
4,five,128,51
4,five,128,48
4,five,128,49
4,five,128,48
4,five,128,52
4,five,128,47
4,five,128,50
4,five,128,51
4,five,128,48
4,five,128,54
4,five,128,49
4,five,128,48
4,five,128,52
4,five,128,52
4,five,128,49
4,five,128,47
4,five,128,50
4,five,128,50
4,five,128,50
4,five,128,51
4,five,128,45
4,five,128,54
4,five,128,51
4,five,128,53
4,five,128,48
4,five,128,50
4,five,128,52
4,five,128,51
4,five,128,50
4,five,128,49
4,five,128,49
4,five,128,55
4,five,128,52
4,five,128,45
4,five,128,51
4,five,128,50
4,five,128,50
4,five,128,48
4,five,128,51
4,five,128,48
4,five,128,51
4,five,128,51
4,five,128,48
4,five,128,47
4,five,128,48
4,five,128,46
4,five,128,48
4,five,128,49
4,five,128,52
4,five,128,48
4,five,128,52
4,five,128,51
4,five,128,47
4,five,128,50
4,five,128,47
4,five,128,47
4,five,128,49
4,five,128,53
4,five,128,52
4,five,128,50
4,five,128,48
4,five,128,49
4,five,128,51
4,five,128,52
4,five,128,50
4,five,128,48
4,five,128,52
4,five,128,51
4,five,128,53
4,five,128,47
4,five,128,48
4,five,128,48
4,five,128,51
4,five,128,50
4,five,128,50
4,five,128,48
4,five,128,49
4,five,128,49
4,five,128,45
4,five,128,49
4,five,128,49
4,five,128,51
4,five,128,47
4,five,128,52
5,fifteen,2,7
5,fifteen,2,25
5,fifteen,2,5
5,fifteen,2,15
5,fifteen,2,5
5,fifteen,2,9
5,fifteen,2,14
5,fifteen,2,4
5,fifteen,2,20
5,fifteen,2,7
5,fifteen,2,65
5,fifteen,2,5
5,fifteen,2,1
5,fifteen,2,27
5,fifteen,2,29
5,fifteen,2,5
5,fifteen,2,4
5,fifteen,2,4
5,fifteen,2,4
5,fifteen,2,4
5,fifteen,2,1
5,fifteen,2,0
5,fifteen,2,68
5,fifteen,2,3
5,fifteen,2,7
5,fifteen,2,2
5,fifteen,2,64
5,fifteen,2,5
5,fifteen,2,67
5,fifteen,2,15
5,fifteen,2,28
5,fifteen,2,14
5,fifteen,2,0
5,fifteen,2,15
5,fifteen,2,4
5,fifteen,2,1
5,fifteen,2,5
5,fifteen,2,0
5,fifteen,2,6
5,fifteen,2,25
5,fifteen,2,4
5,fifteen,2,6
5,fifteen,2,69
5,fifteen,2,0
5,fifteen,2,8
5,fifteen,2,1
5,fifteen,2,7
5,fifteen,2,1
5,fifteen,2,4
5,fifteen,2,5
5,fifteen,2,2
5,fifteen,2,68
5,fifteen,2,64
5,fifteen,2,1
5,fifteen,2,27
5,fifteen,2,4
5,fifteen,2,5
5,fifteen,2,67
5,fifteen,2,6
5,fifteen,2,66
5,fifteen,2,5
5,fifteen,2,0
5,fifteen,2,4
5,fifteen,2,68
5,fifteen,2,8
5,fifteen,2,0
5,fifteen,2,15
5,fifteen,2,4
5,fifteen,2,1
5,fifteen,2,2
5,fifteen,2,29
5,fifteen,2,14
5,fifteen,2,6
5,fifteen,2,0
5,fifteen,2,4
5,fifteen,2,0
5,fifteen,2,5
5,fifteen,2,69
5,fifteen,2,2
5,fifteen,2,65
5,fifteen,2,4
5,fifteen,2,26
5,fifteen,2,65
5,fifteen,2,11
5,fifteen,2,25
5,fifteen,2,7
5,fifteen,2,15
5,fifteen,2,4
5,fifteen,2,0
5,fifteen,2,14
5,fifteen,2,6
5,fifteen,2,0
5,fifteen,2,25
5,fifteen,2,3
5,fifteen,2,26
5,fifteen,2,1
5,fifteen,2,4
5,fifteen,2,25
5,fifteen,2,0
5,fifteen,2,14
5,fifteen,4,64
5,fifteen,4,68
5,fifteen,4,7
5,fifteen,4,8
5,fifteen,4,5
5,fifteen,4,13
5,fifteen,4,31
5,fifteen,4,70
5,fifteen,4,80
5,fifteen,4,14
5,fifteen,4,6
5,fifteen,4,65
5,fifteen,4,74
5,fifteen,4,33
5,fifteen,4,9
5,fifteen,4,8
5,fifteen,4,67
5,fifteen,4,75
5,fifteen,4,21
5,fifteen,4,21
5,fifteen,4,26
5,fifteen,4,33
5,fifteen,4,5
5,fifteen,4,8
5,fifteen,4,15
5,fifteen,4,69
5,fifteen,4,28
5,fifteen,4,6
5,fifteen,4,19
5,fifteen,4,6
5,fifteen,4,85
5,fifteen,4,27
5,fifteen,4,68
5,fifteen,4,6
5,fifteen,4,19
5,fifteen,4,0
5,fifteen,4,31
5,fifteen,4,6
5,fifteen,4,66
5,fifteen,4,7
5,fifteen,4,75
5,fifteen,4,10
5,fifteen,4,82
5,fifteen,4,80
5,fifteen,4,4
5,fifteen,4,79
5,fifteen,4,18
5,fifteen,4,17
5,fifteen,4,14
5,fifteen,4,7
5,fifteen,4,31
5,fifteen,4,19
5,fifteen,4,9
5,fifteen,4,21
5,fifteen,4,7
5,fifteen,4,69
5,fifteen,4,11
5,fifteen,4,80
5,fifteen,4,32
5,fifteen,4,20
5,fifteen,4,5
5,fifteen,4,35
5,fifteen,4,7
5,fifteen,4,26
5,fifteen,4,29
5,fifteen,4,3
5,fifteen,4,6
5,fifteen,4,73
5,fifteen,4,5
5,fifteen,4,29
5,fifteen,4,30
5,fifteen,4,33
5,fifteen,4,9
5,fifteen,4,11
5,fifteen,4,6
5,fifteen,4,19
5,fifteen,4,7
5,fifteen,4,1
5,fifteen,4,10
5,fifteen,4,69
5,fifteen,4,66
5,fifteen,4,4
5,fifteen,4,8
5,fifteen,4,66
5,fifteen,4,17
5,fifteen,4,30
5,fifteen,4,17
5,fifteen,4,67
5,fifteen,4,28
5,fifteen,4,6
5,fifteen,4,18
5,fifteen,4,11
5,fifteen,4,5
5,fifteen,4,27
5,fifteen,4,73
5,fifteen,4,10
5,fifteen,4,18
5,fifteen,4,15
5,fifteen,4,78
5,fifteen,4,13
5,fifteen,8,82
5,fifteen,8,30
5,fifteen,8,41
5,fifteen,8,45
5,fifteen,8,88
5,fifteen,8,24
5,fifteen,8,98
5,fifteen,8,77
5,fifteen,8,37
5,fifteen,8,34
5,fifteen,8,8
5,fifteen,8,85
5,fifteen,8,71
5,fifteen,8,23
5,fifteen,8,43
5,fifteen,8,23
5,fifteen,8,12
5,fifteen,8,98
5,fifteen,8,77
5,fifteen,8,25
5,fifteen,8,42
5,fifteen,8,38
5,fifteen,8,18
5,fifteen,8,71
5,fifteen,8,17
5,fifteen,8,83
5,fifteen,8,85
5,fifteen,8,92
5,fifteen,8,9
5,fifteen,8,40
5,fifteen,8,91
5,fifteen,8,35
5,fifteen,8,38
5,fifteen,8,70
5,fifteen,8,23
5,fifteen,8,27
5,fifteen,8,70
5,fifteen,8,8
5,fifteen,8,13
5,fifteen,8,10
5,fifteen,8,10
5,fifteen,8,27
5,fifteen,8,17
5,fifteen,8,41
5,fifteen,8,92
5,fifteen,8,91
5,fifteen,8,81
5,fifteen,8,9
5,fifteen,8,75
5,fifteen,8,39
5,fifteen,8,23
5,fifteen,8,38
5,fifteen,8,97
5,fifteen,8,77
5,fifteen,8,77
5,fifteen,8,77
5,fifteen,8,74
5,fifteen,8,43
5,fifteen,8,12
5,fifteen,8,73
5,fifteen,8,90
5,fifteen,8,91
5,fifteen,8,29
5,fifteen,8,21
5,fifteen,8,35
5,fifteen,8,90
5,fifteen,8,92
5,fifteen,8,72
5,fifteen,8,95
5,fifteen,8,44
5,fifteen,8,72
5,fifteen,8,38
5,fifteen,8,70
5,fifteen,8,74
5,fifteen,8,24
5,fifteen,8,92
5,fifteen,8,24
5,fifteen,8,35
5,fifteen,8,37
5,fifteen,8,35
5,fifteen,8,44
5,fifteen,8,77
5,fifteen,8,76
5,fifteen,8,80
5,fifteen,8,44
5,fifteen,8,91
5,fifteen,8,36
5,fifteen,8,84
5,fifteen,8,69
5,fifteen,8,10
5,fifteen,8,36
5,fifteen,8,44
5,fifteen,8,70
5,fifteen,8,5
5,fifteen,8,32
5,fifteen,8,79
5,fifteen,8,26
5,fifteen,8,66
5,fifteen,8,74
5,fifteen,8,86
5,fifteen,16,97
5,fifteen,16,47
5,fifteen,16,100
5,fifteen,16,100
5,fifteen,16,34
5,fifteen,16,26
5,fifteen,16,26
5,fifteen,16,98
5,fifteen,16,51
5,fifteen,16,102
5,fifteen,16,101
5,fifteen,16,106
5,fifteen,16,89
5,fifteen,16,45
5,fifteen,16,105
5,fifteen,16,88
5,fifteen,16,50
5,fifteen,16,55
5,fifteen,16,54
5,fifteen,16,40
5,fifteen,16,94
5,fifteen,16,103
5,fifteen,16,85
5,fifteen,16,98
5,fifteen,16,88
5,fifteen,16,94
5,fifteen,16,104
5,fifteen,16,34
5,fifteen,16,84
5,fifteen,16,77
5,fifteen,16,89
5,fifteen,16,47
5,fifteen,16,47
5,fifteen,16,97
5,fifteen,16,78
5,fifteen,16,92
5,fifteen,16,100
5,fifteen,16,76
5,fifteen,16,42
5,fifteen,16,43
5,fifteen,16,53
5,fifteen,16,83
5,fifteen,16,46
5,fifteen,16,45
5,fifteen,16,94
5,fifteen,16,90
5,fifteen,16,106
5,fifteen,16,93
5,fifteen,16,101
5,fifteen,16,85
5,fifteen,16,100
5,fifteen,16,34
5,fifteen,16,46
5,fifteen,16,108
5,fifteen,16,95
5,fifteen,16,78
5,fifteen,16,102
5,fifteen,16,99
5,fifteen,16,86
5,fifteen,16,98
5,fifteen,16,99
5,fifteen,16,46
5,fifteen,16,101
5,fifteen,16,100
5,fifteen,16,93
5,fifteen,16,20
5,fifteen,16,102
5,fifteen,16,96
5,fifteen,16,101
5,fifteen,16,42
5,fifteen,16,105
5,fifteen,16,94
5,fifteen,16,99
5,fifteen,16,93
5,fifteen,16,93
5,fifteen,16,46
5,fifteen,16,88
5,fifteen,16,94
5,fifteen,16,86
5,fifteen,16,26
5,fifteen,16,17
5,fifteen,16,35
5,fifteen,16,35
5,fifteen,16,101
5,fifteen,16,77
5,fifteen,16,30
5,fifteen,16,46
5,fifteen,16,93
5,fifteen,16,85
5,fifteen,16,85
5,fifteen,16,100
5,fifteen,16,95
5,fifteen,16,114
5,fifteen,16,46
5,fifteen,16,94
5,fifteen,16,27
5,fifteen,16,44
5,fifteen,16,94
5,fifteen,16,41
5,fifteen,16,50
5,fifteen,32,101
5,fifteen,32,108
5,fifteen,32,109
5,fifteen,32,111
5,fifteen,32,106
5,fifteen,32,108
5,fifteen,32,108
5,fifteen,32,112
5,fifteen,32,109
5,fifteen,32,109
5,fifteen,32,97
5,fifteen,32,103
5,fifteen,32,109
5,fifteen,32,109
5,fifteen,32,110
5,fifteen,32,105
5,fifteen,32,115
5,fifteen,32,106
5,fifteen,32,105
5,fifteen,32,105
5,fifteen,32,109
5,fifteen,32,103
5,fifteen,32,111
5,fifteen,32,106
5,fifteen,32,107
5,fifteen,32,94
5,fifteen,32,50
5,fifteen,32,108
5,fifteen,32,98
5,fifteen,32,100
5,fifteen,32,103
5,fifteen,32,51
5,fifteen,32,108
5,fifteen,32,109
5,fifteen,32,108
5,fifteen,32,115
5,fifteen,32,108
5,fifteen,32,101
5,fifteen,32,106
5,fifteen,32,100
5,fifteen,32,113
5,fifteen,32,112
5,fifteen,32,54
5,fifteen,32,107
5,fifteen,32,54
5,fifteen,32,109
5,fifteen,32,117
5,fifteen,32,97
5,fifteen,32,108
5,fifteen,32,107
5,fifteen,32,113
5,fifteen,32,112
5,fifteen,32,110
5,fifteen,32,109
5,fifteen,32,114
5,fifteen,32,110
5,fifteen,32,106
5,fifteen,32,88
5,fifteen,32,90
5,fifteen,32,114
5,fifteen,32,55
5,fifteen,32,107
5,fifteen,32,53
5,fifteen,32,109
5,fifteen,32,107
5,fifteen,32,111
5,fifteen,32,112
5,fifteen,32,117
5,fifteen,32,110
5,fifteen,32,105
5,fifteen,32,108
5,fifteen,32,106
5,fifteen,32,109
5,fifteen,32,107
5,fifteen,32,107
5,fifteen,32,105
5,fifteen,32,113
5,fifteen,32,56
5,fifteen,32,108
5,fifteen,32,114
5,fifteen,32,99
5,fifteen,32,111
5,fifteen,32,107
5,fifteen,32,111
5,fifteen,32,111
5,fifteen,32,110
5,fifteen,32,109
5,fifteen,32,113
5,fifteen,32,103
5,fifteen,32,104
5,fifteen,32,102
5,fifteen,32,102
5,fifteen,32,54
5,fifteen,32,108
5,fifteen,32,96
5,fifteen,32,105
5,fifteen,32,112
5,fifteen,32,104
5,fifteen,32,110
5,fifteen,32,102
5,fifteen,64,114
5,fifteen,64,121
5,fifteen,64,117
5,fifteen,64,109
5,fifteen,64,121
5,fifteen,64,129
5,fifteen,64,115
5,fifteen,64,118
5,fifteen,64,130
5,fifteen,64,113
5,fifteen,64,113
5,fifteen,64,116
5,fifteen,64,120
5,fifteen,64,119
5,fifteen,64,120
5,fifteen,64,116
5,fifteen,64,113
5,fifteen,64,117
5,fifteen,64,114
5,fifteen,64,117
5,fifteen,64,117
5,fifteen,64,115
5,fifteen,64,121
5,fifteen,64,120
5,fifteen,64,105
5,fifteen,64,119
5,fifteen,64,114
5,fifteen,64,123
5,fifteen,64,125
5,fifteen,64,114
5,fifteen,64,60
5,fifteen,64,124
5,fifteen,64,121
5,fifteen,64,123
5,fifteen,64,127
5,fifteen,64,117
5,fifteen,64,127
5,fifteen,64,115
5,fifteen,64,123
5,fifteen,64,121
5,fifteen,64,115
5,fifteen,64,124
5,fifteen,64,108
5,fifteen,64,123
5,fifteen,64,118
5,fifteen,64,119
5,fifteen,64,112
5,fifteen,64,118
5,fifteen,64,125
5,fifteen,64,119
5,fifteen,64,112
5,fifteen,64,110
5,fifteen,64,127
5,fifteen,64,123
5,fifteen,64,126
5,fifteen,64,114
5,fifteen,64,113
5,fifteen,64,121
5,fifteen,64,117
5,fifteen,64,127
5,fifteen,64,118
5,fifteen,64,117
5,fifteen,64,118
5,fifteen,64,118
5,fifteen,64,116
5,fifteen,64,124
5,fifteen,64,124
5,fifteen,64,120
5,fifteen,64,123
5,fifteen,64,119
5,fifteen,64,117
5,fifteen,64,120
5,fifteen,64,119
5,fifteen,64,113
5,fifteen,64,116
5,fifteen,64,125
5,fifteen,64,127
5,fifteen,64,127
5,fifteen,64,120
5,fifteen,64,115
5,fifteen,64,119
5,fifteen,64,122
5,fifteen,64,119
5,fifteen,64,114
5,fifteen,64,125
5,fifteen,64,115
5,fifteen,64,119
5,fifteen,64,126
5,fifteen,64,116
5,fifteen,64,118
5,fifteen,64,117
5,fifteen,64,110
5,fifteen,64,112
5,fifteen,64,118
5,fifteen,64,110
5,fifteen,64,121
5,fifteen,64,121
5,fifteen,64,96
5,fifteen,64,122
5,fifteen,64,124
5,fifteen,128,135
5,fifteen,128,122
5,fifteen,128,131
5,fifteen,128,123
5,fifteen,128,124
5,fifteen,128,125
5,fifteen,128,129
5,fifteen,128,135
5,fifteen,128,129
5,fifteen,128,135
5,fifteen,128,127
5,fifteen,128,130
5,fifteen,128,120
5,fifteen,128,129
5,fifteen,128,129
5,fifteen,128,124
5,fifteen,128,122
5,fifteen,128,130
5,fifteen,128,128
5,fifteen,128,127
5,fifteen,128,120
5,fifteen,128,120
5,fifteen,128,122
5,fifteen,128,132
5,fifteen,128,125
5,fifteen,128,124
5,fifteen,128,128
5,fifteen,128,125
5,fifteen,128,123
5,fifteen,128,130
5,fifteen,128,119
5,fifteen,128,126
5,fifteen,128,127
5,fifteen,128,117
5,fifteen,128,136
5,fifteen,128,123
5,fifteen,128,126
5,fifteen,128,132
5,fifteen,128,139
5,fifteen,128,138
5,fifteen,128,128
5,fifteen,128,125
5,fifteen,128,126
5,fifteen,128,121
5,fifteen,128,125
5,fifteen,128,124
5,fifteen,128,127
5,fifteen,128,120
5,fifteen,128,120
5,fifteen,128,125
5,fifteen,128,122
5,fifteen,128,124
5,fifteen,128,139
5,fifteen,128,125
5,fifteen,128,122
5,fifteen,128,122
5,fifteen,128,125
5,fifteen,128,118
5,fifteen,128,122
5,fifteen,128,130
5,fifteen,128,127
5,fifteen,128,135
5,fifteen,128,136
5,fifteen,128,126
5,fifteen,128,123
5,fifteen,128,133
5,fifteen,128,127
5,fifteen,128,129
5,fifteen,128,129
5,fifteen,128,129
5,fifteen,128,136
5,fifteen,128,130
5,fifteen,128,131
5,fifteen,128,136
5,fifteen,128,122
5,fifteen,128,126
5,fifteen,128,126
5,fifteen,128,126
5,fifteen,128,136
5,fifteen,128,123
5,fifteen,128,126
5,fifteen,128,126
5,fifteen,128,128
5,fifteen,128,121
5,fifteen,128,126
5,fifteen,128,125
5,fifteen,128,130
5,fifteen,128,137
5,fifteen,128,126
5,fifteen,128,127
5,fifteen,128,124
5,fifteen,128,128
5,fifteen,128,119
5,fifteen,128,122
5,fifteen,128,124
5,fifteen,128,127
5,fifteen,128,133
5,fifteen,128,127
5,fifteen,128,126
5,fifteen,128,127
