Pop,Theta,Growth,samplingSize,n.haplotypes
1,two,yes,2,2
1,two,yes,2,2
1,two,yes,2,1
1,two,yes,2,1
1,two,yes,2,2
1,two,yes,2,2
1,two,yes,2,2
1,two,yes,2,1
1,two,yes,2,2
1,two,yes,2,2
1,two,yes,2,2
1,two,yes,2,1
1,two,yes,2,2
1,two,yes,2,1
1,two,yes,2,2
1,two,yes,2,1
1,two,yes,2,1
1,two,yes,2,2
1,two,yes,2,1
1,two,yes,2,1
1,two,yes,2,1
1,two,yes,2,2
1,two,yes,2,2
1,two,yes,2,2
1,two,yes,2,1
1,two,yes,2,1
1,two,yes,2,2
1,two,yes,2,2
1,two,yes,2,2
1,two,yes,2,2
1,two,yes,2,2
1,two,yes,2,1
1,two,yes,2,2
1,two,yes,2,2
1,two,yes,2,2
1,two,yes,2,2
1,two,yes,2,1
1,two,yes,2,1
1,two,yes,2,1
1,two,yes,2,2
1,two,yes,2,2
1,two,yes,2,2
1,two,yes,2,1
1,two,yes,2,2
1,two,yes,2,1
1,two,yes,2,2
1,two,yes,2,1
1,two,yes,2,2
1,two,yes,2,1
1,two,yes,2,2
1,two,yes,2,2
1,two,yes,2,1
1,two,yes,2,1
1,two,yes,2,2
1,two,yes,2,2
1,two,yes,2,2
1,two,yes,2,2
1,two,yes,2,2
1,two,yes,2,1
1,two,yes,2,1
1,two,yes,2,1
1,two,yes,2,1
1,two,yes,2,2
1,two,yes,2,2
1,two,yes,2,2
1,two,yes,2,1
1,two,yes,2,2
1,two,yes,2,2
1,two,yes,2,1
1,two,yes,2,2
1,two,yes,2,1
1,two,yes,2,1
1,two,yes,2,1
1,two,yes,2,1
1,two,yes,2,1
1,two,yes,2,2
1,two,yes,2,2
1,two,yes,2,2
1,two,yes,2,2
1,two,yes,2,1
1,two,yes,2,2
1,two,yes,2,2
1,two,yes,2,1
1,two,yes,2,1
1,two,yes,2,1
1,two,yes,2,2
1,two,yes,2,1
1,two,yes,2,2
1,two,yes,2,2
1,two,yes,2,1
1,two,yes,2,1
1,two,yes,2,2
1,two,yes,2,2
1,two,yes,2,1
1,two,yes,2,2
1,two,yes,2,1
1,two,yes,2,2
1,two,yes,2,2
1,two,yes,2,2
1,two,yes,2,2
1,two,yes,4,1
1,two,yes,4,3
1,two,yes,4,3
1,two,yes,4,2
1,two,yes,4,2
1,two,yes,4,2
1,two,yes,4,1
1,two,yes,4,1
1,two,yes,4,2
1,two,yes,4,2
1,two,yes,4,2
1,two,yes,4,1
1,two,yes,4,1
1,two,yes,4,2
1,two,yes,4,2
1,two,yes,4,1
1,two,yes,4,2
1,two,yes,4,1
1,two,yes,4,2
1,two,yes,4,2
1,two,yes,4,3
1,two,yes,4,2
1,two,yes,4,2
1,two,yes,4,3
1,two,yes,4,1
1,two,yes,4,1
1,two,yes,4,3
1,two,yes,4,2
1,two,yes,4,2
1,two,yes,4,2
1,two,yes,4,2
1,two,yes,4,1
1,two,yes,4,3
1,two,yes,4,2
1,two,yes,4,3
1,two,yes,4,4
1,two,yes,4,2
1,two,yes,4,1
1,two,yes,4,2
1,two,yes,4,3
1,two,yes,4,1
1,two,yes,4,3
1,two,yes,4,2
1,two,yes,4,2
1,two,yes,4,2
1,two,yes,4,1
1,two,yes,4,2
1,two,yes,4,2
1,two,yes,4,1
1,two,yes,4,2
1,two,yes,4,3
1,two,yes,4,3
1,two,yes,4,1
1,two,yes,4,1
1,two,yes,4,2
1,two,yes,4,2
1,two,yes,4,1
1,two,yes,4,2
1,two,yes,4,2
1,two,yes,4,2
1,two,yes,4,2
1,two,yes,4,2
1,two,yes,4,2
1,two,yes,4,3
1,two,yes,4,2
1,two,yes,4,3
1,two,yes,4,3
1,two,yes,4,3
1,two,yes,4,1
1,two,yes,4,3
1,two,yes,4,3
1,two,yes,4,3
1,two,yes,4,2
1,two,yes,4,2
1,two,yes,4,4
1,two,yes,4,3
1,two,yes,4,2
1,two,yes,4,3
1,two,yes,4,1
1,two,yes,4,1
1,two,yes,4,3
1,two,yes,4,2
1,two,yes,4,4
1,two,yes,4,2
1,two,yes,4,2
1,two,yes,4,1
1,two,yes,4,2
1,two,yes,4,2
1,two,yes,4,2
1,two,yes,4,3
1,two,yes,4,1
1,two,yes,4,2
1,two,yes,4,3
1,two,yes,4,3
1,two,yes,4,2
1,two,yes,4,1
1,two,yes,4,3
1,two,yes,4,2
1,two,yes,4,2
1,two,yes,4,3
1,two,yes,8,3
1,two,yes,8,3
1,two,yes,8,5
1,two,yes,8,4
1,two,yes,8,3
1,two,yes,8,4
1,two,yes,8,3
1,two,yes,8,4
1,two,yes,8,4
1,two,yes,8,3
1,two,yes,8,2
1,two,yes,8,4
1,two,yes,8,3
1,two,yes,8,3
1,two,yes,8,4
1,two,yes,8,4
1,two,yes,8,2
1,two,yes,8,3
1,two,yes,8,2
1,two,yes,8,2
1,two,yes,8,2
1,two,yes,8,3
1,two,yes,8,4
1,two,yes,8,4
1,two,yes,8,4
1,two,yes,8,4
1,two,yes,8,3
1,two,yes,8,3
1,two,yes,8,3
1,two,yes,8,5
1,two,yes,8,4
1,two,yes,8,2
1,two,yes,8,3
1,two,yes,8,3
1,two,yes,8,3
1,two,yes,8,5
1,two,yes,8,3
1,two,yes,8,3
1,two,yes,8,4
1,two,yes,8,3
1,two,yes,8,2
1,two,yes,8,3
1,two,yes,8,3
1,two,yes,8,4
1,two,yes,8,4
1,two,yes,8,3
1,two,yes,8,2
1,two,yes,8,4
1,two,yes,8,4
1,two,yes,8,3
1,two,yes,8,3
1,two,yes,8,1
1,two,yes,8,3
1,two,yes,8,2
1,two,yes,8,3
1,two,yes,8,2
1,two,yes,8,3
1,two,yes,8,3
1,two,yes,8,3
1,two,yes,8,3
1,two,yes,8,2
1,two,yes,8,2
1,two,yes,8,5
1,two,yes,8,2
1,two,yes,8,2
1,two,yes,8,2
1,two,yes,8,3
1,two,yes,8,3
1,two,yes,8,4
1,two,yes,8,3
1,two,yes,8,2
1,two,yes,8,4
1,two,yes,8,3
1,two,yes,8,4
1,two,yes,8,3
1,two,yes,8,3
1,two,yes,8,2
1,two,yes,8,3
1,two,yes,8,3
1,two,yes,8,2
1,two,yes,8,4
1,two,yes,8,2
1,two,yes,8,4
1,two,yes,8,3
1,two,yes,8,3
1,two,yes,8,4
1,two,yes,8,3
1,two,yes,8,2
1,two,yes,8,3
1,two,yes,8,4
1,two,yes,8,3
1,two,yes,8,5
1,two,yes,8,4
1,two,yes,8,2
1,two,yes,8,3
1,two,yes,8,3
1,two,yes,8,4
1,two,yes,8,3
1,two,yes,8,3
1,two,yes,8,5
1,two,yes,16,5
1,two,yes,16,4
1,two,yes,16,5
1,two,yes,16,4
1,two,yes,16,4
1,two,yes,16,4
1,two,yes,16,4
1,two,yes,16,5
1,two,yes,16,5
1,two,yes,16,3
1,two,yes,16,3
1,two,yes,16,4
1,two,yes,16,6
1,two,yes,16,6
1,two,yes,16,4
1,two,yes,16,3
1,two,yes,16,4
1,two,yes,16,4
1,two,yes,16,5
1,two,yes,16,5
1,two,yes,16,5
1,two,yes,16,6
1,two,yes,16,5
1,two,yes,16,4
1,two,yes,16,4
1,two,yes,16,4
1,two,yes,16,4
1,two,yes,16,2
1,two,yes,16,4
1,two,yes,16,4
1,two,yes,16,4
1,two,yes,16,4
1,two,yes,16,5
1,two,yes,16,5
1,two,yes,16,3
1,two,yes,16,5
1,two,yes,16,3
1,two,yes,16,4
1,two,yes,16,4
1,two,yes,16,4
1,two,yes,16,3
1,two,yes,16,7
1,two,yes,16,4
1,two,yes,16,5
1,two,yes,16,2
1,two,yes,16,5
1,two,yes,16,4
1,two,yes,16,4
1,two,yes,16,5
1,two,yes,16,5
1,two,yes,16,4
1,two,yes,16,3
1,two,yes,16,4
1,two,yes,16,4
1,two,yes,16,5
1,two,yes,16,5
1,two,yes,16,5
1,two,yes,16,5
1,two,yes,16,3
1,two,yes,16,3
1,two,yes,16,4
1,two,yes,16,4
1,two,yes,16,4
1,two,yes,16,4
1,two,yes,16,4
1,two,yes,16,4
1,two,yes,16,4
1,two,yes,16,4
1,two,yes,16,5
1,two,yes,16,5
1,two,yes,16,4
1,two,yes,16,3
1,two,yes,16,4
1,two,yes,16,3
1,two,yes,16,4
1,two,yes,16,3
1,two,yes,16,4
1,two,yes,16,5
1,two,yes,16,3
1,two,yes,16,4
1,two,yes,16,3
1,two,yes,16,5
1,two,yes,16,4
1,two,yes,16,5
1,two,yes,16,4
1,two,yes,16,3
1,two,yes,16,4
1,two,yes,16,2
1,two,yes,16,3
1,two,yes,16,3
1,two,yes,16,3
1,two,yes,16,4
1,two,yes,16,4
1,two,yes,16,4
1,two,yes,16,5
1,two,yes,16,4
1,two,yes,16,3
1,two,yes,16,4
1,two,yes,16,3
1,two,yes,16,3
1,two,yes,32,5
1,two,yes,32,5
1,two,yes,32,5
1,two,yes,32,4
1,two,yes,32,6
1,two,yes,32,5
1,two,yes,32,5
1,two,yes,32,3
1,two,yes,32,4
1,two,yes,32,6
1,two,yes,32,5
1,two,yes,32,6
1,two,yes,32,4
1,two,yes,32,4
1,two,yes,32,5
1,two,yes,32,4
1,two,yes,32,5
1,two,yes,32,5
1,two,yes,32,5
1,two,yes,32,5
1,two,yes,32,5
1,two,yes,32,5
1,two,yes,32,5
1,two,yes,32,5
1,two,yes,32,5
1,two,yes,32,5
1,two,yes,32,4
1,two,yes,32,5
1,two,yes,32,7
1,two,yes,32,4
1,two,yes,32,4
1,two,yes,32,7
1,two,yes,32,5
1,two,yes,32,5
1,two,yes,32,6
1,two,yes,32,4
1,two,yes,32,6
1,two,yes,32,5
1,two,yes,32,4
1,two,yes,32,6
1,two,yes,32,7
1,two,yes,32,5
1,two,yes,32,6
1,two,yes,32,7
1,two,yes,32,5
1,two,yes,32,5
1,two,yes,32,4
1,two,yes,32,4
1,two,yes,32,6
1,two,yes,32,5
1,two,yes,32,5
1,two,yes,32,3
1,two,yes,32,6
1,two,yes,32,4
1,two,yes,32,6
1,two,yes,32,5
1,two,yes,32,4
1,two,yes,32,6
1,two,yes,32,4
1,two,yes,32,6
1,two,yes,32,5
1,two,yes,32,5
1,two,yes,32,6
1,two,yes,32,4
1,two,yes,32,5
1,two,yes,32,4
1,two,yes,32,7
1,two,yes,32,5
1,two,yes,32,5
1,two,yes,32,3
1,two,yes,32,6
1,two,yes,32,6
1,two,yes,32,5
1,two,yes,32,5
1,two,yes,32,5
1,two,yes,32,6
1,two,yes,32,4
1,two,yes,32,6
1,two,yes,32,4
1,two,yes,32,4
1,two,yes,32,5
1,two,yes,32,5
1,two,yes,32,5
1,two,yes,32,5
1,two,yes,32,3
1,two,yes,32,6
1,two,yes,32,7
1,two,yes,32,6
1,two,yes,32,4
1,two,yes,32,4
1,two,yes,32,4
1,two,yes,32,6
1,two,yes,32,6
1,two,yes,32,4
1,two,yes,32,5
1,two,yes,32,5
1,two,yes,32,5
1,two,yes,32,5
1,two,yes,32,5
1,two,yes,32,5
1,two,yes,64,7
1,two,yes,64,6
1,two,yes,64,6
1,two,yes,64,5
1,two,yes,64,6
1,two,yes,64,5
1,two,yes,64,6
1,two,yes,64,6
1,two,yes,64,7
1,two,yes,64,6
1,two,yes,64,6
1,two,yes,64,5
1,two,yes,64,6
1,two,yes,64,6
1,two,yes,64,6
1,two,yes,64,5
1,two,yes,64,5
1,two,yes,64,5
1,two,yes,64,6
1,two,yes,64,5
1,two,yes,64,5
1,two,yes,64,6
1,two,yes,64,5
1,two,yes,64,5
1,two,yes,64,6
1,two,yes,64,5
1,two,yes,64,4
1,two,yes,64,5
1,two,yes,64,5
1,two,yes,64,7
1,two,yes,64,6
1,two,yes,64,6
1,two,yes,64,6
1,two,yes,64,7
1,two,yes,64,5
1,two,yes,64,5
1,two,yes,64,5
1,two,yes,64,6
1,two,yes,64,7
1,two,yes,64,5
1,two,yes,64,7
1,two,yes,64,8
1,two,yes,64,5
1,two,yes,64,4
1,two,yes,64,5
1,two,yes,64,5
1,two,yes,64,5
1,two,yes,64,5
1,two,yes,64,5
1,two,yes,64,8
1,two,yes,64,5
1,two,yes,64,8
1,two,yes,64,6
1,two,yes,64,5
1,two,yes,64,5
1,two,yes,64,5
1,two,yes,64,5
1,two,yes,64,5
1,two,yes,64,4
1,two,yes,64,5
1,two,yes,64,6
1,two,yes,64,7
1,two,yes,64,7
1,two,yes,64,7
1,two,yes,64,7
1,two,yes,64,5
1,two,yes,64,4
1,two,yes,64,7
1,two,yes,64,7
1,two,yes,64,4
1,two,yes,64,7
1,two,yes,64,7
1,two,yes,64,6
1,two,yes,64,5
1,two,yes,64,7
1,two,yes,64,6
1,two,yes,64,7
1,two,yes,64,4
1,two,yes,64,6
1,two,yes,64,6
1,two,yes,64,5
1,two,yes,64,7
1,two,yes,64,5
1,two,yes,64,6
1,two,yes,64,5
1,two,yes,64,6
1,two,yes,64,6
1,two,yes,64,6
1,two,yes,64,5
1,two,yes,64,6
1,two,yes,64,5
1,two,yes,64,7
1,two,yes,64,7
1,two,yes,64,6
1,two,yes,64,6
1,two,yes,64,6
1,two,yes,64,6
1,two,yes,64,7
1,two,yes,64,5
1,two,yes,64,5
1,two,yes,128,6
1,two,yes,128,7
1,two,yes,128,6
1,two,yes,128,10
1,two,yes,128,5
1,two,yes,128,6
1,two,yes,128,6
1,two,yes,128,6
1,two,yes,128,6
1,two,yes,128,6
1,two,yes,128,7
1,two,yes,128,7
1,two,yes,128,6
1,two,yes,128,7
1,two,yes,128,6
1,two,yes,128,5
1,two,yes,128,6
1,two,yes,128,7
1,two,yes,128,7
1,two,yes,128,7
1,two,yes,128,8
1,two,yes,128,7
1,two,yes,128,9
1,two,yes,128,6
1,two,yes,128,5
1,two,yes,128,6
1,two,yes,128,8
1,two,yes,128,6
1,two,yes,128,7
1,two,yes,128,7
1,two,yes,128,7
1,two,yes,128,7
1,two,yes,128,7
1,two,yes,128,6
1,two,yes,128,7
1,two,yes,128,8
1,two,yes,128,6
1,two,yes,128,7
1,two,yes,128,7
1,two,yes,128,5
1,two,yes,128,6
1,two,yes,128,7
1,two,yes,128,6
1,two,yes,128,6
1,two,yes,128,7
1,two,yes,128,6
1,two,yes,128,8
1,two,yes,128,5
1,two,yes,128,9
1,two,yes,128,7
1,two,yes,128,6
1,two,yes,128,6
1,two,yes,128,8
1,two,yes,128,6
1,two,yes,128,6
1,two,yes,128,6
1,two,yes,128,5
1,two,yes,128,7
1,two,yes,128,7
1,two,yes,128,7
1,two,yes,128,5
1,two,yes,128,6
1,two,yes,128,6
1,two,yes,128,9
1,two,yes,128,6
1,two,yes,128,7
1,two,yes,128,6
1,two,yes,128,8
1,two,yes,128,5
1,two,yes,128,8
1,two,yes,128,8
1,two,yes,128,7
1,two,yes,128,10
1,two,yes,128,7
1,two,yes,128,6
1,two,yes,128,6
1,two,yes,128,5
1,two,yes,128,8
1,two,yes,128,7
1,two,yes,128,9
1,two,yes,128,7
1,two,yes,128,7
1,two,yes,128,6
1,two,yes,128,6
1,two,yes,128,7
1,two,yes,128,5
1,two,yes,128,8
1,two,yes,128,8
1,two,yes,128,6
1,two,yes,128,6
1,two,yes,128,7
1,two,yes,128,7
1,two,yes,128,7
1,two,yes,128,7
1,two,yes,128,7
1,two,yes,128,6
1,two,yes,128,8
1,two,yes,128,8
1,two,yes,128,8
1,two,yes,128,7
2,two,no,2,2
2,two,no,2,1
2,two,no,2,1
2,two,no,2,1
2,two,no,2,1
2,two,no,2,1
2,two,no,2,1
2,two,no,2,1
2,two,no,2,1
2,two,no,2,1
2,two,no,2,1
2,two,no,2,1
2,two,no,2,1
2,two,no,2,2
2,two,no,2,1
2,two,no,2,1
2,two,no,2,1
2,two,no,2,1
2,two,no,2,1
2,two,no,2,2
2,two,no,2,1
2,two,no,2,1
2,two,no,2,1
2,two,no,2,1
2,two,no,2,1
2,two,no,2,2
2,two,no,2,2
2,two,no,2,1
2,two,no,2,1
2,two,no,2,1
2,two,no,2,2
2,two,no,2,1
2,two,no,2,1
2,two,no,2,1
2,two,no,2,2
2,two,no,2,1
2,two,no,2,2
2,two,no,2,2
2,two,no,2,2
2,two,no,2,1
2,two,no,2,1
2,two,no,2,2
2,two,no,2,2
2,two,no,2,1
2,two,no,2,1
2,two,no,2,1
2,two,no,2,1
2,two,no,2,1
2,two,no,2,1
2,two,no,2,1
2,two,no,2,1
2,two,no,2,1
2,two,no,2,1
2,two,no,2,1
2,two,no,2,1
2,two,no,2,1
2,two,no,2,1
2,two,no,2,1
2,two,no,2,2
2,two,no,2,1
2,two,no,2,2
2,two,no,2,1
2,two,no,2,1
2,two,no,2,1
2,two,no,2,2
2,two,no,2,2
2,two,no,2,1
2,two,no,2,1
2,two,no,2,1
2,two,no,2,1
2,two,no,2,1
2,two,no,2,2
2,two,no,2,1
2,two,no,2,1
2,two,no,2,2
2,two,no,2,1
2,two,no,2,2
2,two,no,2,1
2,two,no,2,2
2,two,no,2,1
2,two,no,2,1
2,two,no,2,1
2,two,no,2,1
2,two,no,2,1
2,two,no,2,1
2,two,no,2,1
2,two,no,2,2
2,two,no,2,1
2,two,no,2,2
2,two,no,2,1
2,two,no,2,1
2,two,no,2,1
2,two,no,2,1
2,two,no,2,1
2,two,no,2,1
2,two,no,2,2
2,two,no,2,1
2,two,no,2,1
2,two,no,2,2
2,two,no,2,1
2,two,no,4,2
2,two,no,4,1
2,two,no,4,2
2,two,no,4,1
2,two,no,4,2
2,two,no,4,1
2,two,no,4,2
2,two,no,4,2
2,two,no,4,2
2,two,no,4,3
2,two,no,4,2
2,two,no,4,1
2,two,no,4,4
2,two,no,4,3
2,two,no,4,1
2,two,no,4,2
2,two,no,4,1
2,two,no,4,1
2,two,no,4,1
2,two,no,4,1
2,two,no,4,1
2,two,no,4,2
2,two,no,4,1
2,two,no,4,1
2,two,no,4,2
2,two,no,4,2
2,two,no,4,1
2,two,no,4,2
2,two,no,4,2
2,two,no,4,2
2,two,no,4,1
2,two,no,4,2
2,two,no,4,2
2,two,no,4,2
2,two,no,4,1
2,two,no,4,1
2,two,no,4,1
2,two,no,4,3
2,two,no,4,2
2,two,no,4,2
2,two,no,4,1
2,two,no,4,2
2,two,no,4,3
2,two,no,4,1
2,two,no,4,4
2,two,no,4,2
2,two,no,4,2
2,two,no,4,2
2,two,no,4,1
2,two,no,4,1
2,two,no,4,2
2,two,no,4,1
2,two,no,4,1
2,two,no,4,1
2,two,no,4,1
2,two,no,4,3
2,two,no,4,2
2,two,no,4,1
2,two,no,4,3
2,two,no,4,2
2,two,no,4,1
2,two,no,4,1
2,two,no,4,3
2,two,no,4,2
2,two,no,4,2
2,two,no,4,1
2,two,no,4,1
2,two,no,4,2
2,two,no,4,1
2,two,no,4,2
2,two,no,4,3
2,two,no,4,2
2,two,no,4,2
2,two,no,4,2
2,two,no,4,1
2,two,no,4,2
2,two,no,4,2
2,two,no,4,1
2,two,no,4,3
2,two,no,4,3
2,two,no,4,1
2,two,no,4,3
2,two,no,4,1
2,two,no,4,2
2,two,no,4,1
2,two,no,4,2
2,two,no,4,1
2,two,no,4,3
2,two,no,4,1
2,two,no,4,1
2,two,no,4,2
2,two,no,4,2
2,two,no,4,1
2,two,no,4,1
2,two,no,4,3
2,two,no,4,1
2,two,no,4,1
2,two,no,4,2
2,two,no,4,3
2,two,no,4,1
2,two,no,8,1
2,two,no,8,3
2,two,no,8,3
2,two,no,8,2
2,two,no,8,3
2,two,no,8,3
2,two,no,8,1
2,two,no,8,2
2,two,no,8,5
2,two,no,8,1
2,two,no,8,4
2,two,no,8,2
2,two,no,8,3
2,two,no,8,2
2,two,no,8,2
2,two,no,8,3
2,two,no,8,3
2,two,no,8,3
2,two,no,8,2
2,two,no,8,1
2,two,no,8,2
2,two,no,8,3
2,two,no,8,1
2,two,no,8,2
2,two,no,8,2
2,two,no,8,2
2,two,no,8,3
2,two,no,8,2
2,two,no,8,3
2,two,no,8,2
2,two,no,8,2
2,two,no,8,2
2,two,no,8,2
2,two,no,8,2
2,two,no,8,2
2,two,no,8,2
2,two,no,8,3
2,two,no,8,1
2,two,no,8,2
2,two,no,8,3
2,two,no,8,2
2,two,no,8,4
2,two,no,8,3
2,two,no,8,4
2,two,no,8,2
2,two,no,8,2
2,two,no,8,3
2,two,no,8,4
2,two,no,8,2
2,two,no,8,3
2,two,no,8,2
2,two,no,8,2
2,two,no,8,2
2,two,no,8,2
2,two,no,8,4
2,two,no,8,1
2,two,no,8,2
2,two,no,8,2
2,two,no,8,1
2,two,no,8,2
2,two,no,8,2
2,two,no,8,3
2,two,no,8,1
2,two,no,8,3
2,two,no,8,2
2,two,no,8,2
2,two,no,8,2
2,two,no,8,3
2,two,no,8,2
2,two,no,8,3
2,two,no,8,1
2,two,no,8,3
2,two,no,8,3
2,two,no,8,2
2,two,no,8,2
2,two,no,8,1
2,two,no,8,3
2,two,no,8,2
2,two,no,8,2
2,two,no,8,2
2,two,no,8,4
2,two,no,8,2
2,two,no,8,1
2,two,no,8,3
2,two,no,8,3
2,two,no,8,2
2,two,no,8,4
2,two,no,8,3
2,two,no,8,1
2,two,no,8,3
2,two,no,8,2
2,two,no,8,3
2,two,no,8,2
2,two,no,8,3
2,two,no,8,2
2,two,no,8,3
2,two,no,8,3
2,two,no,8,2
2,two,no,8,2
2,two,no,8,1
2,two,no,16,3
2,two,no,16,4
2,two,no,16,4
2,two,no,16,4
2,two,no,16,3
2,two,no,16,4
2,two,no,16,3
2,two,no,16,5
2,two,no,16,2
2,two,no,16,4
2,two,no,16,4
2,two,no,16,4
2,two,no,16,3
2,two,no,16,3
2,two,no,16,2
2,two,no,16,3
2,two,no,16,2
2,two,no,16,3
2,two,no,16,1
2,two,no,16,3
2,two,no,16,3
2,two,no,16,2
2,two,no,16,3
2,two,no,16,3
2,two,no,16,1
2,two,no,16,3
2,two,no,16,4
2,two,no,16,2
2,two,no,16,2
2,two,no,16,3
2,two,no,16,3
2,two,no,16,6
2,two,no,16,3
2,two,no,16,2
2,two,no,16,4
2,two,no,16,2
2,two,no,16,3
2,two,no,16,4
2,two,no,16,4
2,two,no,16,5
2,two,no,16,2
2,two,no,16,5
2,two,no,16,3
2,two,no,16,6
2,two,no,16,2
2,two,no,16,3
2,two,no,16,3
2,two,no,16,3
2,two,no,16,4
2,two,no,16,2
2,two,no,16,2
2,two,no,16,2
2,two,no,16,3
2,two,no,16,3
2,two,no,16,2
2,two,no,16,3
2,two,no,16,1
2,two,no,16,3
2,two,no,16,2
2,two,no,16,3
2,two,no,16,3
2,two,no,16,3
2,two,no,16,4
2,two,no,16,4
2,two,no,16,2
2,two,no,16,2
2,two,no,16,2
2,two,no,16,4
2,two,no,16,3
2,two,no,16,4
2,two,no,16,3
2,two,no,16,4
2,two,no,16,5
2,two,no,16,3
2,two,no,16,4
2,two,no,16,1
2,two,no,16,2
2,two,no,16,4
2,two,no,16,2
2,two,no,16,5
2,two,no,16,2
2,two,no,16,2
2,two,no,16,4
2,two,no,16,2
2,two,no,16,4
2,two,no,16,4
2,two,no,16,2
2,two,no,16,2
2,two,no,16,2
2,two,no,16,3
2,two,no,16,3
2,two,no,16,4
2,two,no,16,3
2,two,no,16,6
2,two,no,16,3
2,two,no,16,5
2,two,no,16,4
2,two,no,16,4
2,two,no,16,2
2,two,no,16,4
2,two,no,32,4
2,two,no,32,3
2,two,no,32,5
2,two,no,32,3
2,two,no,32,4
2,two,no,32,5
2,two,no,32,3
2,two,no,32,3
2,two,no,32,5
2,two,no,32,3
2,two,no,32,7
2,two,no,32,2
2,two,no,32,5
2,two,no,32,5
2,two,no,32,6
2,two,no,32,3
2,two,no,32,4
2,two,no,32,6
2,two,no,32,5
2,two,no,32,3
2,two,no,32,5
2,two,no,32,4
2,two,no,32,5
2,two,no,32,4
2,two,no,32,7
2,two,no,32,4
2,two,no,32,5
2,two,no,32,4
2,two,no,32,7
2,two,no,32,3
2,two,no,32,5
2,two,no,32,3
2,two,no,32,4
2,two,no,32,5
2,two,no,32,5
2,two,no,32,7
2,two,no,32,5
2,two,no,32,4
2,two,no,32,6
2,two,no,32,4
2,two,no,32,6
2,two,no,32,5
2,two,no,32,3
2,two,no,32,4
2,two,no,32,5
2,two,no,32,6
2,two,no,32,6
2,two,no,32,5
2,two,no,32,2
2,two,no,32,6
2,two,no,32,5
2,two,no,32,6
2,two,no,32,4
2,two,no,32,5
2,two,no,32,5
2,two,no,32,3
2,two,no,32,4
2,two,no,32,5
2,two,no,32,7
2,two,no,32,4
2,two,no,32,6
2,two,no,32,4
2,two,no,32,5
2,two,no,32,6
2,two,no,32,6
2,two,no,32,4
2,two,no,32,5
2,two,no,32,5
2,two,no,32,4
2,two,no,32,5
2,two,no,32,5
2,two,no,32,6
2,two,no,32,4
2,two,no,32,5
2,two,no,32,4
2,two,no,32,5
2,two,no,32,4
2,two,no,32,3
2,two,no,32,6
2,two,no,32,6
2,two,no,32,3
2,two,no,32,4
2,two,no,32,4
2,two,no,32,4
2,two,no,32,5
2,two,no,32,5
2,two,no,32,3
2,two,no,32,5
2,two,no,32,7
2,two,no,32,4
2,two,no,32,6
2,two,no,32,5
2,two,no,32,3
2,two,no,32,3
2,two,no,32,5
2,two,no,32,5
2,two,no,32,5
2,two,no,32,5
2,two,no,32,4
2,two,no,32,5
2,two,no,64,7
2,two,no,64,7
2,two,no,64,7
2,two,no,64,8
2,two,no,64,5
2,two,no,64,5
2,two,no,64,7
2,two,no,64,8
2,two,no,64,6
2,two,no,64,6
2,two,no,64,7
2,two,no,64,9
2,two,no,64,8
2,two,no,64,8
2,two,no,64,8
2,two,no,64,7
2,two,no,64,6
2,two,no,64,8
2,two,no,64,7
2,two,no,64,6
2,two,no,64,10
2,two,no,64,7
2,two,no,64,8
2,two,no,64,6
2,two,no,64,7
2,two,no,64,7
2,two,no,64,6
2,two,no,64,7
2,two,no,64,8
2,two,no,64,5
2,two,no,64,6
2,two,no,64,7
2,two,no,64,10
2,two,no,64,8
2,two,no,64,7
2,two,no,64,6
2,two,no,64,5
2,two,no,64,6
2,two,no,64,6
2,two,no,64,8
2,two,no,64,9
2,two,no,64,5
2,two,no,64,4
2,two,no,64,7
2,two,no,64,9
2,two,no,64,7
2,two,no,64,5
2,two,no,64,6
2,two,no,64,6
2,two,no,64,7
2,two,no,64,6
2,two,no,64,7
2,two,no,64,5
2,two,no,64,8
2,two,no,64,3
2,two,no,64,5
2,two,no,64,7
2,two,no,64,6
2,two,no,64,8
2,two,no,64,5
2,two,no,64,7
2,two,no,64,7
2,two,no,64,5
2,two,no,64,6
2,two,no,64,7
2,two,no,64,7
2,two,no,64,8
2,two,no,64,5
2,two,no,64,7
2,two,no,64,7
2,two,no,64,8
2,two,no,64,9
2,two,no,64,7
2,two,no,64,7
2,two,no,64,6
2,two,no,64,9
2,two,no,64,5
2,two,no,64,5
2,two,no,64,8
2,two,no,64,6
2,two,no,64,7
2,two,no,64,7
2,two,no,64,8
2,two,no,64,6
2,two,no,64,4
2,two,no,64,8
2,two,no,64,7
2,two,no,64,6
2,two,no,64,6
2,two,no,64,8
2,two,no,64,6
2,two,no,64,7
2,two,no,64,6
2,two,no,64,7
2,two,no,64,4
2,two,no,64,5
2,two,no,64,9
2,two,no,64,7
2,two,no,64,6
2,two,no,64,6
2,two,no,128,7
2,two,no,128,4
2,two,no,128,8
2,two,no,128,11
2,two,no,128,9
2,two,no,128,10
2,two,no,128,9
2,two,no,128,8
2,two,no,128,10
2,two,no,128,10
2,two,no,128,7
2,two,no,128,6
2,two,no,128,10
2,two,no,128,9
2,two,no,128,9
2,two,no,128,9
2,two,no,128,10
2,two,no,128,10
2,two,no,128,10
2,two,no,128,9
2,two,no,128,10
2,two,no,128,9
2,two,no,128,8
2,two,no,128,7
2,two,no,128,9
2,two,no,128,11
2,two,no,128,8
2,two,no,128,9
2,two,no,128,8
2,two,no,128,7
2,two,no,128,8
2,two,no,128,8
2,two,no,128,8
2,two,no,128,11
2,two,no,128,9
2,two,no,128,9
2,two,no,128,9
2,two,no,128,9
2,two,no,128,9
2,two,no,128,10
2,two,no,128,9
2,two,no,128,9
2,two,no,128,8
2,two,no,128,8
2,two,no,128,9
2,two,no,128,9
2,two,no,128,8
2,two,no,128,8
2,two,no,128,9
2,two,no,128,8
2,two,no,128,10
2,two,no,128,7
2,two,no,128,7
2,two,no,128,9
2,two,no,128,7
2,two,no,128,10
2,two,no,128,10
2,two,no,128,5
2,two,no,128,8
2,two,no,128,8
2,two,no,128,9
2,two,no,128,10
2,two,no,128,9
2,two,no,128,8
2,two,no,128,9
2,two,no,128,9
2,two,no,128,10
2,two,no,128,9
2,two,no,128,8
2,two,no,128,9
2,two,no,128,10
2,two,no,128,8
2,two,no,128,10
2,two,no,128,8
2,two,no,128,7
2,two,no,128,8
2,two,no,128,8
2,two,no,128,10
2,two,no,128,7
2,two,no,128,8
2,two,no,128,6
2,two,no,128,9
2,two,no,128,8
2,two,no,128,8
2,two,no,128,7
2,two,no,128,8
2,two,no,128,9
2,two,no,128,8
2,two,no,128,8
2,two,no,128,8
2,two,no,128,8
2,two,no,128,7
2,two,no,128,9
2,two,no,128,8
2,two,no,128,6
2,two,no,128,11
2,two,no,128,9
2,two,no,128,6
2,two,no,128,9
2,two,no,128,9
3,ten,yes,2,2
3,ten,yes,2,2
3,ten,yes,2,2
3,ten,yes,2,2
3,ten,yes,2,2
3,ten,yes,2,2
3,ten,yes,2,2
3,ten,yes,2,2
3,ten,yes,2,1
3,ten,yes,2,2
3,ten,yes,2,2
3,ten,yes,2,2
3,ten,yes,2,2
3,ten,yes,2,2
3,ten,yes,2,1
3,ten,yes,2,2
3,ten,yes,2,2
3,ten,yes,2,2
3,ten,yes,2,2
3,ten,yes,2,2
3,ten,yes,2,2
3,ten,yes,2,2
3,ten,yes,2,2
3,ten,yes,2,2
3,ten,yes,2,2
3,ten,yes,2,2
3,ten,yes,2,2
3,ten,yes,2,2
3,ten,yes,2,1
3,ten,yes,2,2
3,ten,yes,2,1
3,ten,yes,2,2
3,ten,yes,2,2
3,ten,yes,2,2
3,ten,yes,2,2
3,ten,yes,2,2
3,ten,yes,2,2
3,ten,yes,2,2
3,ten,yes,2,2
3,ten,yes,2,2
3,ten,yes,2,2
3,ten,yes,2,1
3,ten,yes,2,2
3,ten,yes,2,2
3,ten,yes,2,2
3,ten,yes,2,2
3,ten,yes,2,2
3,ten,yes,2,2
3,ten,yes,2,1
3,ten,yes,2,2
3,ten,yes,2,2
3,ten,yes,2,2
3,ten,yes,2,2
3,ten,yes,2,2
3,ten,yes,2,2
3,ten,yes,2,2
3,ten,yes,2,2
3,ten,yes,2,2
3,ten,yes,2,2
3,ten,yes,2,2
3,ten,yes,2,1
3,ten,yes,2,2
3,ten,yes,2,2
3,ten,yes,2,2
3,ten,yes,2,2
3,ten,yes,2,2
3,ten,yes,2,2
3,ten,yes,2,2
3,ten,yes,2,2
3,ten,yes,2,2
3,ten,yes,2,2
3,ten,yes,2,2
3,ten,yes,2,2
3,ten,yes,2,1
3,ten,yes,2,2
3,ten,yes,2,2
3,ten,yes,2,2
3,ten,yes,2,2
3,ten,yes,2,2
3,ten,yes,2,1
3,ten,yes,2,2
3,ten,yes,2,2
3,ten,yes,2,2
3,ten,yes,2,1
3,ten,yes,2,2
3,ten,yes,2,2
3,ten,yes,2,2
3,ten,yes,2,2
3,ten,yes,2,2
3,ten,yes,2,2
3,ten,yes,2,2
3,ten,yes,2,2
3,ten,yes,2,2
3,ten,yes,2,2
3,ten,yes,2,2
3,ten,yes,2,2
3,ten,yes,2,2
3,ten,yes,2,2
3,ten,yes,2,1
3,ten,yes,2,2
3,ten,yes,4,4
3,ten,yes,4,4
3,ten,yes,4,4
3,ten,yes,4,4
3,ten,yes,4,3
3,ten,yes,4,3
3,ten,yes,4,4
3,ten,yes,4,3
3,ten,yes,4,4
3,ten,yes,4,3
3,ten,yes,4,4
3,ten,yes,4,4
3,ten,yes,4,3
3,ten,yes,4,4
3,ten,yes,4,4
3,ten,yes,4,3
3,ten,yes,4,4
3,ten,yes,4,2
3,ten,yes,4,3
3,ten,yes,4,4
3,ten,yes,4,3
3,ten,yes,4,3
3,ten,yes,4,2
3,ten,yes,4,4
3,ten,yes,4,3
3,ten,yes,4,3
3,ten,yes,4,4
3,ten,yes,4,4
3,ten,yes,4,3
3,ten,yes,4,2
3,ten,yes,4,4
3,ten,yes,4,4
3,ten,yes,4,3
3,ten,yes,4,4
3,ten,yes,4,4
3,ten,yes,4,4
3,ten,yes,4,4
3,ten,yes,4,3
3,ten,yes,4,3
3,ten,yes,4,2
3,ten,yes,4,2
3,ten,yes,4,3
3,ten,yes,4,4
3,ten,yes,4,3
3,ten,yes,4,4
3,ten,yes,4,3
3,ten,yes,4,3
3,ten,yes,4,4
3,ten,yes,4,4
3,ten,yes,4,4
3,ten,yes,4,4
3,ten,yes,4,4
3,ten,yes,4,3
3,ten,yes,4,3
3,ten,yes,4,4
3,ten,yes,4,3
3,ten,yes,4,3
3,ten,yes,4,3
3,ten,yes,4,4
3,ten,yes,4,4
3,ten,yes,4,4
3,ten,yes,4,3
3,ten,yes,4,4
3,ten,yes,4,4
3,ten,yes,4,3
3,ten,yes,4,3
3,ten,yes,4,4
3,ten,yes,4,4
3,ten,yes,4,4
3,ten,yes,4,4
3,ten,yes,4,4
3,ten,yes,4,4
3,ten,yes,4,4
3,ten,yes,4,3
3,ten,yes,4,3
3,ten,yes,4,2
3,ten,yes,4,4
3,ten,yes,4,3
3,ten,yes,4,3
3,ten,yes,4,3
3,ten,yes,4,4
3,ten,yes,4,3
3,ten,yes,4,3
3,ten,yes,4,4
3,ten,yes,4,4
3,ten,yes,4,3
3,ten,yes,4,4
3,ten,yes,4,3
3,ten,yes,4,4
3,ten,yes,4,3
3,ten,yes,4,3
3,ten,yes,4,4
3,ten,yes,4,3
3,ten,yes,4,3
3,ten,yes,4,4
3,ten,yes,4,2
3,ten,yes,4,3
3,ten,yes,4,4
3,ten,yes,4,3
3,ten,yes,4,4
3,ten,yes,8,6
3,ten,yes,8,4
3,ten,yes,8,6
3,ten,yes,8,5
3,ten,yes,8,6
3,ten,yes,8,5
3,ten,yes,8,6
3,ten,yes,8,6
3,ten,yes,8,6
3,ten,yes,8,5
3,ten,yes,8,6
3,ten,yes,8,7
3,ten,yes,8,7
3,ten,yes,8,5
3,ten,yes,8,5
3,ten,yes,8,6
3,ten,yes,8,7
3,ten,yes,8,7
3,ten,yes,8,5
3,ten,yes,8,7
3,ten,yes,8,5
3,ten,yes,8,6
3,ten,yes,8,6
3,ten,yes,8,6
3,ten,yes,8,5
3,ten,yes,8,7
3,ten,yes,8,5
3,ten,yes,8,6
3,ten,yes,8,6
3,ten,yes,8,6
3,ten,yes,8,5
3,ten,yes,8,6
3,ten,yes,8,5
3,ten,yes,8,6
3,ten,yes,8,6
3,ten,yes,8,5
3,ten,yes,8,8
3,ten,yes,8,6
3,ten,yes,8,6
3,ten,yes,8,5
3,ten,yes,8,6
3,ten,yes,8,6
3,ten,yes,8,6
3,ten,yes,8,5
3,ten,yes,8,5
3,ten,yes,8,5
3,ten,yes,8,5
3,ten,yes,8,5
3,ten,yes,8,7
3,ten,yes,8,4
3,ten,yes,8,7
3,ten,yes,8,4
3,ten,yes,8,5
3,ten,yes,8,6
3,ten,yes,8,7
3,ten,yes,8,6
3,ten,yes,8,6
3,ten,yes,8,6
3,ten,yes,8,5
3,ten,yes,8,5
3,ten,yes,8,7
3,ten,yes,8,6
3,ten,yes,8,4
3,ten,yes,8,4
3,ten,yes,8,7
3,ten,yes,8,4
3,ten,yes,8,5
3,ten,yes,8,6
3,ten,yes,8,5
3,ten,yes,8,6
3,ten,yes,8,5
3,ten,yes,8,8
3,ten,yes,8,6
3,ten,yes,8,5
3,ten,yes,8,6
3,ten,yes,8,7
3,ten,yes,8,6
3,ten,yes,8,5
3,ten,yes,8,6
3,ten,yes,8,5
3,ten,yes,8,6
3,ten,yes,8,7
3,ten,yes,8,7
3,ten,yes,8,6
3,ten,yes,8,5
3,ten,yes,8,7
3,ten,yes,8,7
3,ten,yes,8,5
3,ten,yes,8,5
3,ten,yes,8,7
3,ten,yes,8,7
3,ten,yes,8,6
3,ten,yes,8,4
3,ten,yes,8,6
3,ten,yes,8,6
3,ten,yes,8,6
3,ten,yes,8,5
3,ten,yes,8,6
3,ten,yes,8,5
3,ten,yes,8,6
3,ten,yes,16,11
3,ten,yes,16,8
3,ten,yes,16,9
3,ten,yes,16,10
3,ten,yes,16,11
3,ten,yes,16,9
3,ten,yes,16,10
3,ten,yes,16,6
3,ten,yes,16,11
3,ten,yes,16,9
3,ten,yes,16,8
3,ten,yes,16,9
3,ten,yes,16,9
3,ten,yes,16,10
3,ten,yes,16,10
3,ten,yes,16,9
3,ten,yes,16,9
3,ten,yes,16,8
3,ten,yes,16,7
3,ten,yes,16,9
3,ten,yes,16,10
3,ten,yes,16,9
3,ten,yes,16,7
3,ten,yes,16,6
3,ten,yes,16,5
3,ten,yes,16,9
3,ten,yes,16,10
3,ten,yes,16,7
3,ten,yes,16,10
3,ten,yes,16,7
3,ten,yes,16,7
3,ten,yes,16,7
3,ten,yes,16,7
3,ten,yes,16,6
3,ten,yes,16,10
3,ten,yes,16,8
3,ten,yes,16,8
3,ten,yes,16,12
3,ten,yes,16,9
3,ten,yes,16,10
3,ten,yes,16,12
3,ten,yes,16,8
3,ten,yes,16,7
3,ten,yes,16,7
3,ten,yes,16,6
3,ten,yes,16,9
3,ten,yes,16,8
3,ten,yes,16,9
3,ten,yes,16,10
3,ten,yes,16,9
3,ten,yes,16,11
3,ten,yes,16,9
3,ten,yes,16,13
3,ten,yes,16,9
3,ten,yes,16,5
3,ten,yes,16,7
3,ten,yes,16,8
3,ten,yes,16,9
3,ten,yes,16,9
3,ten,yes,16,7
3,ten,yes,16,10
3,ten,yes,16,9
3,ten,yes,16,12
3,ten,yes,16,9
3,ten,yes,16,9
3,ten,yes,16,11
3,ten,yes,16,6
3,ten,yes,16,8
3,ten,yes,16,9
3,ten,yes,16,10
3,ten,yes,16,12
3,ten,yes,16,9
3,ten,yes,16,10
3,ten,yes,16,8
3,ten,yes,16,8
3,ten,yes,16,8
3,ten,yes,16,8
3,ten,yes,16,9
3,ten,yes,16,9
3,ten,yes,16,12
3,ten,yes,16,11
3,ten,yes,16,10
3,ten,yes,16,10
3,ten,yes,16,8
3,ten,yes,16,9
3,ten,yes,16,10
3,ten,yes,16,7
3,ten,yes,16,9
3,ten,yes,16,11
3,ten,yes,16,9
3,ten,yes,16,7
3,ten,yes,16,10
3,ten,yes,16,5
3,ten,yes,16,9
3,ten,yes,16,10
3,ten,yes,16,8
3,ten,yes,16,10
3,ten,yes,16,9
3,ten,yes,16,12
3,ten,yes,16,9
3,ten,yes,32,14
3,ten,yes,32,17
3,ten,yes,32,14
3,ten,yes,32,10
3,ten,yes,32,10
3,ten,yes,32,13
3,ten,yes,32,13
3,ten,yes,32,13
3,ten,yes,32,11
3,ten,yes,32,16
3,ten,yes,32,11
3,ten,yes,32,14
3,ten,yes,32,13
3,ten,yes,32,12
3,ten,yes,32,14
3,ten,yes,32,13
3,ten,yes,32,16
3,ten,yes,32,10
3,ten,yes,32,12
3,ten,yes,32,10
3,ten,yes,32,12
3,ten,yes,32,10
3,ten,yes,32,11
3,ten,yes,32,11
3,ten,yes,32,11
3,ten,yes,32,15
3,ten,yes,32,16
3,ten,yes,32,16
3,ten,yes,32,12
3,ten,yes,32,11
3,ten,yes,32,11
3,ten,yes,32,15
3,ten,yes,32,13
3,ten,yes,32,11
3,ten,yes,32,13
3,ten,yes,32,11
3,ten,yes,32,12
3,ten,yes,32,11
3,ten,yes,32,11
3,ten,yes,32,13
3,ten,yes,32,15
3,ten,yes,32,13
3,ten,yes,32,14
3,ten,yes,32,14
3,ten,yes,32,12
3,ten,yes,32,11
3,ten,yes,32,15
3,ten,yes,32,11
3,ten,yes,32,10
3,ten,yes,32,12
3,ten,yes,32,13
3,ten,yes,32,14
3,ten,yes,32,12
3,ten,yes,32,13
3,ten,yes,32,11
3,ten,yes,32,16
3,ten,yes,32,11
3,ten,yes,32,13
3,ten,yes,32,14
3,ten,yes,32,12
3,ten,yes,32,10
3,ten,yes,32,12
3,ten,yes,32,12
3,ten,yes,32,10
3,ten,yes,32,12
3,ten,yes,32,10
3,ten,yes,32,14
3,ten,yes,32,12
3,ten,yes,32,11
3,ten,yes,32,11
3,ten,yes,32,12
3,ten,yes,32,12
3,ten,yes,32,15
3,ten,yes,32,9
3,ten,yes,32,10
3,ten,yes,32,13
3,ten,yes,32,14
3,ten,yes,32,15
3,ten,yes,32,10
3,ten,yes,32,12
3,ten,yes,32,14
3,ten,yes,32,9
3,ten,yes,32,15
3,ten,yes,32,13
3,ten,yes,32,12
3,ten,yes,32,10
3,ten,yes,32,13
3,ten,yes,32,12
3,ten,yes,32,12
3,ten,yes,32,12
3,ten,yes,32,12
3,ten,yes,32,13
3,ten,yes,32,13
3,ten,yes,32,11
3,ten,yes,32,10
3,ten,yes,32,12
3,ten,yes,32,16
3,ten,yes,32,12
3,ten,yes,32,13
3,ten,yes,32,12
3,ten,yes,64,16
3,ten,yes,64,21
3,ten,yes,64,17
3,ten,yes,64,16
3,ten,yes,64,21
3,ten,yes,64,12
3,ten,yes,64,16
3,ten,yes,64,17
3,ten,yes,64,17
3,ten,yes,64,18
3,ten,yes,64,17
3,ten,yes,64,19
3,ten,yes,64,16
3,ten,yes,64,19
3,ten,yes,64,13
3,ten,yes,64,19
3,ten,yes,64,16
3,ten,yes,64,18
3,ten,yes,64,17
3,ten,yes,64,18
3,ten,yes,64,18
3,ten,yes,64,15
3,ten,yes,64,16
3,ten,yes,64,13
3,ten,yes,64,15
3,ten,yes,64,18
3,ten,yes,64,21
3,ten,yes,64,20
3,ten,yes,64,18
3,ten,yes,64,17
3,ten,yes,64,15
3,ten,yes,64,15
3,ten,yes,64,17
3,ten,yes,64,18
3,ten,yes,64,17
3,ten,yes,64,18
3,ten,yes,64,16
3,ten,yes,64,14
3,ten,yes,64,15
3,ten,yes,64,18
3,ten,yes,64,17
3,ten,yes,64,19
3,ten,yes,64,15
3,ten,yes,64,16
3,ten,yes,64,18
3,ten,yes,64,16
3,ten,yes,64,16
3,ten,yes,64,20
3,ten,yes,64,18
3,ten,yes,64,17
3,ten,yes,64,14
3,ten,yes,64,17
3,ten,yes,64,15
3,ten,yes,64,14
3,ten,yes,64,14
3,ten,yes,64,17
3,ten,yes,64,15
3,ten,yes,64,16
3,ten,yes,64,17
3,ten,yes,64,17
3,ten,yes,64,17
3,ten,yes,64,17
3,ten,yes,64,17
3,ten,yes,64,17
3,ten,yes,64,16
3,ten,yes,64,16
3,ten,yes,64,18
3,ten,yes,64,17
3,ten,yes,64,19
3,ten,yes,64,18
3,ten,yes,64,20
3,ten,yes,64,17
3,ten,yes,64,15
3,ten,yes,64,15
3,ten,yes,64,19
3,ten,yes,64,16
3,ten,yes,64,17
3,ten,yes,64,18
3,ten,yes,64,17
3,ten,yes,64,16
3,ten,yes,64,18
3,ten,yes,64,20
3,ten,yes,64,14
3,ten,yes,64,17
3,ten,yes,64,16
3,ten,yes,64,16
3,ten,yes,64,17
3,ten,yes,64,13
3,ten,yes,64,19
3,ten,yes,64,17
3,ten,yes,64,16
3,ten,yes,64,17
3,ten,yes,64,14
3,ten,yes,64,14
3,ten,yes,64,16
3,ten,yes,64,18
3,ten,yes,64,14
3,ten,yes,64,18
3,ten,yes,64,18
3,ten,yes,64,19
3,ten,yes,128,23
3,ten,yes,128,22
3,ten,yes,128,19
3,ten,yes,128,21
3,ten,yes,128,18
3,ten,yes,128,22
3,ten,yes,128,23
3,ten,yes,128,25
3,ten,yes,128,24
3,ten,yes,128,23
3,ten,yes,128,22
3,ten,yes,128,22
3,ten,yes,128,25
3,ten,yes,128,22
3,ten,yes,128,22
3,ten,yes,128,20
3,ten,yes,128,21
3,ten,yes,128,22
3,ten,yes,128,24
3,ten,yes,128,21
3,ten,yes,128,24
3,ten,yes,128,18
3,ten,yes,128,22
3,ten,yes,128,24
3,ten,yes,128,22
3,ten,yes,128,20
3,ten,yes,128,24
3,ten,yes,128,26
3,ten,yes,128,24
3,ten,yes,128,24
3,ten,yes,128,23
3,ten,yes,128,24
3,ten,yes,128,23
3,ten,yes,128,23
3,ten,yes,128,24
3,ten,yes,128,18
3,ten,yes,128,21
3,ten,yes,128,23
3,ten,yes,128,21
3,ten,yes,128,23
3,ten,yes,128,24
3,ten,yes,128,23
3,ten,yes,128,20
3,ten,yes,128,23
3,ten,yes,128,21
3,ten,yes,128,22
3,ten,yes,128,20
3,ten,yes,128,23
3,ten,yes,128,23
3,ten,yes,128,23
3,ten,yes,128,23
3,ten,yes,128,24
3,ten,yes,128,20
3,ten,yes,128,25
3,ten,yes,128,24
3,ten,yes,128,25
3,ten,yes,128,21
3,ten,yes,128,25
3,ten,yes,128,24
3,ten,yes,128,21
3,ten,yes,128,19
3,ten,yes,128,22
3,ten,yes,128,21
3,ten,yes,128,25
3,ten,yes,128,22
3,ten,yes,128,27
3,ten,yes,128,22
3,ten,yes,128,22
3,ten,yes,128,22
3,ten,yes,128,25
3,ten,yes,128,23
3,ten,yes,128,22
3,ten,yes,128,20
3,ten,yes,128,22
3,ten,yes,128,25
3,ten,yes,128,21
3,ten,yes,128,23
3,ten,yes,128,25
3,ten,yes,128,21
3,ten,yes,128,25
3,ten,yes,128,18
3,ten,yes,128,23
3,ten,yes,128,23
3,ten,yes,128,21
3,ten,yes,128,23
3,ten,yes,128,26
3,ten,yes,128,21
3,ten,yes,128,22
3,ten,yes,128,22
3,ten,yes,128,22
3,ten,yes,128,25
3,ten,yes,128,20
3,ten,yes,128,22
3,ten,yes,128,24
3,ten,yes,128,26
3,ten,yes,128,21
3,ten,yes,128,24
3,ten,yes,128,23
3,ten,yes,128,22
3,ten,yes,128,24
4,ten,no,2,2
4,ten,no,2,2
4,ten,no,2,2
4,ten,no,2,2
4,ten,no,2,2
4,ten,no,2,2
4,ten,no,2,2
4,ten,no,2,2
4,ten,no,2,2
4,ten,no,2,1
4,ten,no,2,2
4,ten,no,2,2
4,ten,no,2,2
4,ten,no,2,2
4,ten,no,2,2
4,ten,no,2,2
4,ten,no,2,2
4,ten,no,2,2
4,ten,no,2,2
4,ten,no,2,2
4,ten,no,2,2
4,ten,no,2,2
4,ten,no,2,2
4,ten,no,2,2
4,ten,no,2,2
4,ten,no,2,2
4,ten,no,2,1
4,ten,no,2,2
4,ten,no,2,2
4,ten,no,2,2
4,ten,no,2,2
4,ten,no,2,2
4,ten,no,2,2
4,ten,no,2,1
4,ten,no,2,2
4,ten,no,2,2
4,ten,no,2,2
4,ten,no,2,1
4,ten,no,2,2
4,ten,no,2,1
4,ten,no,2,2
4,ten,no,2,2
4,ten,no,2,2
4,ten,no,2,2
4,ten,no,2,2
4,ten,no,2,2
4,ten,no,2,2
4,ten,no,2,2
4,ten,no,2,2
4,ten,no,2,2
4,ten,no,2,1
4,ten,no,2,1
4,ten,no,2,2
4,ten,no,2,2
4,ten,no,2,2
4,ten,no,2,2
4,ten,no,2,2
4,ten,no,2,2
4,ten,no,2,2
4,ten,no,2,2
4,ten,no,2,2
4,ten,no,2,2
4,ten,no,2,2
4,ten,no,2,2
4,ten,no,2,2
4,ten,no,2,1
4,ten,no,2,1
4,ten,no,2,2
4,ten,no,2,2
4,ten,no,2,2
4,ten,no,2,2
4,ten,no,2,2
4,ten,no,2,2
4,ten,no,2,2
4,ten,no,2,2
4,ten,no,2,2
4,ten,no,2,2
4,ten,no,2,2
4,ten,no,2,2
4,ten,no,2,2
4,ten,no,2,2
4,ten,no,2,2
4,ten,no,2,2
4,ten,no,2,1
4,ten,no,2,1
4,ten,no,2,2
4,ten,no,2,2
4,ten,no,2,2
4,ten,no,2,2
4,ten,no,2,2
4,ten,no,2,2
4,ten,no,2,2
4,ten,no,2,2
4,ten,no,2,2
4,ten,no,2,2
4,ten,no,2,2
4,ten,no,2,2
4,ten,no,2,2
4,ten,no,2,2
4,ten,no,2,2
4,ten,no,4,4
4,ten,no,4,3
4,ten,no,4,4
4,ten,no,4,4
4,ten,no,4,4
4,ten,no,4,4
4,ten,no,4,4
4,ten,no,4,3
4,ten,no,4,3
4,ten,no,4,2
4,ten,no,4,3
4,ten,no,4,4
4,ten,no,4,4
4,ten,no,4,4
4,ten,no,4,4
4,ten,no,4,3
4,ten,no,4,2
4,ten,no,4,3
4,ten,no,4,3
4,ten,no,4,4
4,ten,no,4,4
4,ten,no,4,3
4,ten,no,4,4
4,ten,no,4,4
4,ten,no,4,4
4,ten,no,4,2
4,ten,no,4,1
4,ten,no,4,3
4,ten,no,4,4
4,ten,no,4,4
4,ten,no,4,4
4,ten,no,4,3
4,ten,no,4,4
4,ten,no,4,4
4,ten,no,4,4
4,ten,no,4,4
4,ten,no,4,4
4,ten,no,4,4
4,ten,no,4,3
4,ten,no,4,4
4,ten,no,4,3
4,ten,no,4,3
4,ten,no,4,4
4,ten,no,4,2
4,ten,no,4,4
4,ten,no,4,4
4,ten,no,4,3
4,ten,no,4,4
4,ten,no,4,2
4,ten,no,4,4
4,ten,no,4,4
4,ten,no,4,3
4,ten,no,4,4
4,ten,no,4,4
4,ten,no,4,4
4,ten,no,4,4
4,ten,no,4,4
4,ten,no,4,4
4,ten,no,4,4
4,ten,no,4,4
4,ten,no,4,4
4,ten,no,4,4
4,ten,no,4,4
4,ten,no,4,4
4,ten,no,4,4
4,ten,no,4,3
4,ten,no,4,2
4,ten,no,4,3
4,ten,no,4,4
4,ten,no,4,4
4,ten,no,4,4
4,ten,no,4,4
4,ten,no,4,3
4,ten,no,4,4
4,ten,no,4,4
4,ten,no,4,4
4,ten,no,4,4
4,ten,no,4,4
4,ten,no,4,4
4,ten,no,4,4
4,ten,no,4,4
4,ten,no,4,4
4,ten,no,4,3
4,ten,no,4,3
4,ten,no,4,4
4,ten,no,4,3
4,ten,no,4,3
4,ten,no,4,2
4,ten,no,4,4
4,ten,no,4,3
4,ten,no,4,4
4,ten,no,4,3
4,ten,no,4,3
4,ten,no,4,4
4,ten,no,4,4
4,ten,no,4,4
4,ten,no,4,4
4,ten,no,4,3
4,ten,no,4,4
4,ten,no,4,4
4,ten,no,8,7
4,ten,no,8,7
4,ten,no,8,6
4,ten,no,8,6
4,ten,no,8,6
4,ten,no,8,6
4,ten,no,8,7
4,ten,no,8,7
4,ten,no,8,7
4,ten,no,8,6
4,ten,no,8,5
4,ten,no,8,6
4,ten,no,8,7
4,ten,no,8,7
4,ten,no,8,6
4,ten,no,8,6
4,ten,no,8,5
4,ten,no,8,6
4,ten,no,8,6
4,ten,no,8,5
4,ten,no,8,5
4,ten,no,8,5
4,ten,no,8,7
4,ten,no,8,7
4,ten,no,8,7
4,ten,no,8,8
4,ten,no,8,6
4,ten,no,8,8
4,ten,no,8,6
4,ten,no,8,4
4,ten,no,8,7
4,ten,no,8,7
4,ten,no,8,4
4,ten,no,8,6
4,ten,no,8,7
4,ten,no,8,7
4,ten,no,8,7
4,ten,no,8,5
4,ten,no,8,3
4,ten,no,8,5
4,ten,no,8,7
4,ten,no,8,6
4,ten,no,8,6
4,ten,no,8,6
4,ten,no,8,5
4,ten,no,8,7
4,ten,no,8,6
4,ten,no,8,8
4,ten,no,8,5
4,ten,no,8,7
4,ten,no,8,7
4,ten,no,8,7
4,ten,no,8,6
4,ten,no,8,7
4,ten,no,8,7
4,ten,no,8,7
4,ten,no,8,7
4,ten,no,8,7
4,ten,no,8,7
4,ten,no,8,7
4,ten,no,8,7
4,ten,no,8,5
4,ten,no,8,6
4,ten,no,8,7
4,ten,no,8,7
4,ten,no,8,6
4,ten,no,8,6
4,ten,no,8,7
4,ten,no,8,4
4,ten,no,8,6
4,ten,no,8,7
4,ten,no,8,7
4,ten,no,8,6
4,ten,no,8,6
4,ten,no,8,5
4,ten,no,8,7
4,ten,no,8,7
4,ten,no,8,6
4,ten,no,8,5
4,ten,no,8,7
4,ten,no,8,7
4,ten,no,8,6
4,ten,no,8,6
4,ten,no,8,6
4,ten,no,8,4
4,ten,no,8,7
4,ten,no,8,7
4,ten,no,8,7
4,ten,no,8,6
4,ten,no,8,6
4,ten,no,8,7
4,ten,no,8,6
4,ten,no,8,5
4,ten,no,8,7
4,ten,no,8,6
4,ten,no,8,8
4,ten,no,8,5
4,ten,no,8,5
4,ten,no,8,6
4,ten,no,8,6
4,ten,no,16,11
4,ten,no,16,10
4,ten,no,16,10
4,ten,no,16,10
4,ten,no,16,9
4,ten,no,16,10
4,ten,no,16,9
4,ten,no,16,10
4,ten,no,16,13
4,ten,no,16,12
4,ten,no,16,10
4,ten,no,16,13
4,ten,no,16,12
4,ten,no,16,9
4,ten,no,16,9
4,ten,no,16,14
4,ten,no,16,10
4,ten,no,16,11
4,ten,no,16,11
4,ten,no,16,8
4,ten,no,16,10
4,ten,no,16,10
4,ten,no,16,10
4,ten,no,16,12
4,ten,no,16,8
4,ten,no,16,11
4,ten,no,16,9
4,ten,no,16,10
4,ten,no,16,10
4,ten,no,16,10
4,ten,no,16,7
4,ten,no,16,9
4,ten,no,16,11
4,ten,no,16,10
4,ten,no,16,14
4,ten,no,16,10
4,ten,no,16,13
4,ten,no,16,8
4,ten,no,16,8
4,ten,no,16,8
4,ten,no,16,8
4,ten,no,16,10
4,ten,no,16,11
4,ten,no,16,8
4,ten,no,16,9
4,ten,no,16,12
4,ten,no,16,7
4,ten,no,16,13
4,ten,no,16,10
4,ten,no,16,9
4,ten,no,16,11
4,ten,no,16,12
4,ten,no,16,7
4,ten,no,16,10
4,ten,no,16,9
4,ten,no,16,9
4,ten,no,16,7
4,ten,no,16,9
4,ten,no,16,11
4,ten,no,16,11
4,ten,no,16,11
4,ten,no,16,10
4,ten,no,16,11
4,ten,no,16,11
4,ten,no,16,11
4,ten,no,16,9
4,ten,no,16,11
4,ten,no,16,7
4,ten,no,16,11
4,ten,no,16,11
4,ten,no,16,9
4,ten,no,16,9
4,ten,no,16,10
4,ten,no,16,8
4,ten,no,16,10
4,ten,no,16,11
4,ten,no,16,12
4,ten,no,16,9
4,ten,no,16,10
4,ten,no,16,10
4,ten,no,16,8
4,ten,no,16,13
4,ten,no,16,9
4,ten,no,16,10
4,ten,no,16,12
4,ten,no,16,9
4,ten,no,16,9
4,ten,no,16,10
4,ten,no,16,7
4,ten,no,16,10
4,ten,no,16,11
4,ten,no,16,10
4,ten,no,16,9
4,ten,no,16,10
4,ten,no,16,10
4,ten,no,16,9
4,ten,no,16,9
4,ten,no,16,8
4,ten,no,16,8
4,ten,no,16,10
4,ten,no,32,16
4,ten,no,32,12
4,ten,no,32,16
4,ten,no,32,15
4,ten,no,32,14
4,ten,no,32,17
4,ten,no,32,14
4,ten,no,32,20
4,ten,no,32,14
4,ten,no,32,15
4,ten,no,32,16
4,ten,no,32,15
4,ten,no,32,15
4,ten,no,32,18
4,ten,no,32,15
4,ten,no,32,12
4,ten,no,32,16
4,ten,no,32,13
4,ten,no,32,16
4,ten,no,32,16
4,ten,no,32,14
4,ten,no,32,14
4,ten,no,32,16
4,ten,no,32,15
4,ten,no,32,15
4,ten,no,32,16
4,ten,no,32,11
4,ten,no,32,13
4,ten,no,32,16
4,ten,no,32,14
4,ten,no,32,13
4,ten,no,32,17
4,ten,no,32,16
4,ten,no,32,16
4,ten,no,32,18
4,ten,no,32,15
4,ten,no,32,14
4,ten,no,32,15
4,ten,no,32,16
4,ten,no,32,9
4,ten,no,32,15
4,ten,no,32,13
4,ten,no,32,15
4,ten,no,32,14
4,ten,no,32,13
4,ten,no,32,12
4,ten,no,32,13
4,ten,no,32,17
4,ten,no,32,12
4,ten,no,32,14
4,ten,no,32,14
4,ten,no,32,17
4,ten,no,32,15
4,ten,no,32,15
4,ten,no,32,10
4,ten,no,32,16
4,ten,no,32,12
4,ten,no,32,14
4,ten,no,32,15
4,ten,no,32,15
4,ten,no,32,13
4,ten,no,32,16
4,ten,no,32,14
4,ten,no,32,16
4,ten,no,32,13
4,ten,no,32,13
4,ten,no,32,12
4,ten,no,32,14
4,ten,no,32,17
4,ten,no,32,13
4,ten,no,32,17
4,ten,no,32,16
4,ten,no,32,16
4,ten,no,32,15
4,ten,no,32,13
4,ten,no,32,14
4,ten,no,32,17
4,ten,no,32,11
4,ten,no,32,12
4,ten,no,32,13
4,ten,no,32,13
4,ten,no,32,11
4,ten,no,32,12
4,ten,no,32,15
4,ten,no,32,15
4,ten,no,32,14
4,ten,no,32,14
4,ten,no,32,14
4,ten,no,32,13
4,ten,no,32,13
4,ten,no,32,16
4,ten,no,32,15
4,ten,no,32,14
4,ten,no,32,16
4,ten,no,32,12
4,ten,no,32,18
4,ten,no,32,16
4,ten,no,32,16
4,ten,no,32,14
4,ten,no,32,16
4,ten,no,64,18
4,ten,no,64,21
4,ten,no,64,18
4,ten,no,64,20
4,ten,no,64,18
4,ten,no,64,19
4,ten,no,64,25
4,ten,no,64,23
4,ten,no,64,20
4,ten,no,64,20
4,ten,no,64,22
4,ten,no,64,23
4,ten,no,64,20
4,ten,no,64,20
4,ten,no,64,21
4,ten,no,64,21
4,ten,no,64,19
4,ten,no,64,20
4,ten,no,64,20
4,ten,no,64,20
4,ten,no,64,20
4,ten,no,64,19
4,ten,no,64,18
4,ten,no,64,20
4,ten,no,64,23
4,ten,no,64,20
4,ten,no,64,21
4,ten,no,64,24
4,ten,no,64,18
4,ten,no,64,22
4,ten,no,64,20
4,ten,no,64,18
4,ten,no,64,22
4,ten,no,64,20
4,ten,no,64,25
4,ten,no,64,18
4,ten,no,64,25
4,ten,no,64,17
4,ten,no,64,22
4,ten,no,64,23
4,ten,no,64,16
4,ten,no,64,21
4,ten,no,64,21
4,ten,no,64,20
4,ten,no,64,17
4,ten,no,64,23
4,ten,no,64,18
4,ten,no,64,20
4,ten,no,64,22
4,ten,no,64,15
4,ten,no,64,23
4,ten,no,64,21
4,ten,no,64,21
4,ten,no,64,17
4,ten,no,64,17
4,ten,no,64,19
4,ten,no,64,19
4,ten,no,64,22
4,ten,no,64,22
4,ten,no,64,25
4,ten,no,64,24
4,ten,no,64,19
4,ten,no,64,24
4,ten,no,64,19
4,ten,no,64,21
4,ten,no,64,20
4,ten,no,64,20
4,ten,no,64,22
4,ten,no,64,23
4,ten,no,64,20
4,ten,no,64,23
4,ten,no,64,22
4,ten,no,64,21
4,ten,no,64,21
4,ten,no,64,22
4,ten,no,64,18
4,ten,no,64,24
4,ten,no,64,23
4,ten,no,64,23
4,ten,no,64,19
4,ten,no,64,24
4,ten,no,64,23
4,ten,no,64,22
4,ten,no,64,20
4,ten,no,64,19
4,ten,no,64,18
4,ten,no,64,17
4,ten,no,64,22
4,ten,no,64,21
4,ten,no,64,22
4,ten,no,64,20
4,ten,no,64,22
4,ten,no,64,15
4,ten,no,64,22
4,ten,no,64,18
4,ten,no,64,21
4,ten,no,64,22
4,ten,no,64,21
4,ten,no,64,21
4,ten,no,64,21
4,ten,no,128,20
4,ten,no,128,27
4,ten,no,128,33
4,ten,no,128,23
4,ten,no,128,24
4,ten,no,128,26
4,ten,no,128,25
4,ten,no,128,24
4,ten,no,128,29
4,ten,no,128,28
4,ten,no,128,26
4,ten,no,128,24
4,ten,no,128,27
4,ten,no,128,26
4,ten,no,128,25
4,ten,no,128,30
4,ten,no,128,29
4,ten,no,128,26
4,ten,no,128,25
4,ten,no,128,26
4,ten,no,128,30
4,ten,no,128,28
4,ten,no,128,24
4,ten,no,128,32
4,ten,no,128,26
4,ten,no,128,26
4,ten,no,128,26
4,ten,no,128,28
4,ten,no,128,24
4,ten,no,128,25
4,ten,no,128,28
4,ten,no,128,28
4,ten,no,128,27
4,ten,no,128,24
4,ten,no,128,24
4,ten,no,128,26
4,ten,no,128,30
4,ten,no,128,28
4,ten,no,128,25
4,ten,no,128,25
4,ten,no,128,27
4,ten,no,128,27
4,ten,no,128,32
4,ten,no,128,25
4,ten,no,128,30
4,ten,no,128,30
4,ten,no,128,28
4,ten,no,128,26
4,ten,no,128,26
4,ten,no,128,27
4,ten,no,128,20
4,ten,no,128,26
4,ten,no,128,26
4,ten,no,128,26
4,ten,no,128,27
4,ten,no,128,25
4,ten,no,128,25
4,ten,no,128,29
4,ten,no,128,25
4,ten,no,128,29
4,ten,no,128,24
4,ten,no,128,28
4,ten,no,128,25
4,ten,no,128,25
4,ten,no,128,29
4,ten,no,128,30
4,ten,no,128,24
4,ten,no,128,27
4,ten,no,128,27
4,ten,no,128,26
4,ten,no,128,29
4,ten,no,128,26
4,ten,no,128,29
4,ten,no,128,22
4,ten,no,128,24
4,ten,no,128,23
4,ten,no,128,24
4,ten,no,128,23
4,ten,no,128,28
4,ten,no,128,27
4,ten,no,128,25
4,ten,no,128,23
4,ten,no,128,25
4,ten,no,128,28
4,ten,no,128,22
4,ten,no,128,27
4,ten,no,128,27
4,ten,no,128,23
4,ten,no,128,26
4,ten,no,128,21
4,ten,no,128,31
4,ten,no,128,25
4,ten,no,128,26
4,ten,no,128,27
4,ten,no,128,27
4,ten,no,128,29
4,ten,no,128,26
4,ten,no,128,24
4,ten,no,128,28
4,ten,no,128,25
5,twenty,yes,2,2
5,twenty,yes,2,2
5,twenty,yes,2,2
5,twenty,yes,2,2
5,twenty,yes,2,2
5,twenty,yes,2,1
5,twenty,yes,2,2
5,twenty,yes,2,2
5,twenty,yes,2,2
5,twenty,yes,2,1
5,twenty,yes,2,1
5,twenty,yes,2,2
5,twenty,yes,2,1
5,twenty,yes,2,2
5,twenty,yes,2,2
5,twenty,yes,2,1
5,twenty,yes,2,1
5,twenty,yes,2,2
5,twenty,yes,2,2
5,twenty,yes,2,2
5,twenty,yes,2,2
5,twenty,yes,2,2
5,twenty,yes,2,2
5,twenty,yes,2,2
5,twenty,yes,2,1
5,twenty,yes,2,2
5,twenty,yes,2,2
5,twenty,yes,2,2
5,twenty,yes,2,2
5,twenty,yes,2,2
5,twenty,yes,2,2
5,twenty,yes,2,2
5,twenty,yes,2,2
5,twenty,yes,2,2
5,twenty,yes,2,1
5,twenty,yes,2,2
5,twenty,yes,2,2
5,twenty,yes,2,1
5,twenty,yes,2,2
5,twenty,yes,2,2
5,twenty,yes,2,2
5,twenty,yes,2,2
5,twenty,yes,2,2
5,twenty,yes,2,1
5,twenty,yes,2,2
5,twenty,yes,2,2
5,twenty,yes,2,2
5,twenty,yes,2,2
5,twenty,yes,2,2
5,twenty,yes,2,2
5,twenty,yes,2,2
5,twenty,yes,2,2
5,twenty,yes,2,1
5,twenty,yes,2,2
5,twenty,yes,2,2
5,twenty,yes,2,2
5,twenty,yes,2,2
5,twenty,yes,2,2
5,twenty,yes,2,2
5,twenty,yes,2,2
5,twenty,yes,2,2
5,twenty,yes,2,2
5,twenty,yes,2,2
5,twenty,yes,2,2
5,twenty,yes,2,2
5,twenty,yes,2,1
5,twenty,yes,2,2
5,twenty,yes,2,2
5,twenty,yes,2,2
5,twenty,yes,2,2
5,twenty,yes,2,1
5,twenty,yes,2,2
5,twenty,yes,2,2
5,twenty,yes,2,1
5,twenty,yes,2,2
5,twenty,yes,2,1
5,twenty,yes,2,1
5,twenty,yes,2,2
5,twenty,yes,2,2
5,twenty,yes,2,2
5,twenty,yes,2,2
5,twenty,yes,2,1
5,twenty,yes,2,1
5,twenty,yes,2,2
5,twenty,yes,2,2
5,twenty,yes,2,2
5,twenty,yes,2,2
5,twenty,yes,2,2
5,twenty,yes,2,2
5,twenty,yes,2,2
5,twenty,yes,2,1
5,twenty,yes,2,2
5,twenty,yes,2,2
5,twenty,yes,2,2
5,twenty,yes,2,2
5,twenty,yes,2,2
5,twenty,yes,2,2
5,twenty,yes,2,2
5,twenty,yes,2,2
5,twenty,yes,2,1
5,twenty,yes,4,2
5,twenty,yes,4,3
5,twenty,yes,4,3
5,twenty,yes,4,3
5,twenty,yes,4,4
5,twenty,yes,4,2
5,twenty,yes,4,2
5,twenty,yes,4,1
5,twenty,yes,4,3
5,twenty,yes,4,3
5,twenty,yes,4,3
5,twenty,yes,4,3
5,twenty,yes,4,4
5,twenty,yes,4,3
5,twenty,yes,4,3
5,twenty,yes,4,2
5,twenty,yes,4,4
5,twenty,yes,4,3
5,twenty,yes,4,3
5,twenty,yes,4,2
5,twenty,yes,4,4
5,twenty,yes,4,3
5,twenty,yes,4,3
5,twenty,yes,4,3
5,twenty,yes,4,3
5,twenty,yes,4,2
5,twenty,yes,4,2
5,twenty,yes,4,1
5,twenty,yes,4,3
5,twenty,yes,4,4
5,twenty,yes,4,2
5,twenty,yes,4,2
5,twenty,yes,4,2
5,twenty,yes,4,3
5,twenty,yes,4,3
5,twenty,yes,4,3
5,twenty,yes,4,2
5,twenty,yes,4,2
5,twenty,yes,4,2
5,twenty,yes,4,4
5,twenty,yes,4,4
5,twenty,yes,4,3
5,twenty,yes,4,4
5,twenty,yes,4,4
5,twenty,yes,4,2
5,twenty,yes,4,3
5,twenty,yes,4,3
5,twenty,yes,4,3
5,twenty,yes,4,1
5,twenty,yes,4,4
5,twenty,yes,4,2
5,twenty,yes,4,4
5,twenty,yes,4,4
5,twenty,yes,4,4
5,twenty,yes,4,3
5,twenty,yes,4,4
5,twenty,yes,4,3
5,twenty,yes,4,3
5,twenty,yes,4,3
5,twenty,yes,4,4
5,twenty,yes,4,2
5,twenty,yes,4,3
5,twenty,yes,4,2
5,twenty,yes,4,2
5,twenty,yes,4,3
5,twenty,yes,4,3
5,twenty,yes,4,2
5,twenty,yes,4,3
5,twenty,yes,4,4
5,twenty,yes,4,3
5,twenty,yes,4,3
5,twenty,yes,4,2
5,twenty,yes,4,4
5,twenty,yes,4,2
5,twenty,yes,4,3
5,twenty,yes,4,3
5,twenty,yes,4,2
5,twenty,yes,4,2
5,twenty,yes,4,4
5,twenty,yes,4,3
5,twenty,yes,4,2
5,twenty,yes,4,2
5,twenty,yes,4,3
5,twenty,yes,4,3
5,twenty,yes,4,3
5,twenty,yes,4,3
5,twenty,yes,4,2
5,twenty,yes,4,4
5,twenty,yes,4,2
5,twenty,yes,4,2
5,twenty,yes,4,3
5,twenty,yes,4,2
5,twenty,yes,4,4
5,twenty,yes,4,4
5,twenty,yes,4,4
5,twenty,yes,4,3
5,twenty,yes,4,3
5,twenty,yes,4,3
5,twenty,yes,4,3
5,twenty,yes,4,3
5,twenty,yes,8,3
5,twenty,yes,8,4
5,twenty,yes,8,6
5,twenty,yes,8,5
5,twenty,yes,8,5
5,twenty,yes,8,4
5,twenty,yes,8,4
5,twenty,yes,8,3
5,twenty,yes,8,4
5,twenty,yes,8,5
5,twenty,yes,8,4
5,twenty,yes,8,3
5,twenty,yes,8,4
5,twenty,yes,8,3
5,twenty,yes,8,6
5,twenty,yes,8,6
5,twenty,yes,8,5
5,twenty,yes,8,4
5,twenty,yes,8,5
5,twenty,yes,8,5
5,twenty,yes,8,3
5,twenty,yes,8,5
5,twenty,yes,8,3
5,twenty,yes,8,7
5,twenty,yes,8,3
5,twenty,yes,8,4
5,twenty,yes,8,6
5,twenty,yes,8,7
5,twenty,yes,8,4
5,twenty,yes,8,5
5,twenty,yes,8,5
5,twenty,yes,8,3
5,twenty,yes,8,3
5,twenty,yes,8,4
5,twenty,yes,8,5
5,twenty,yes,8,5
5,twenty,yes,8,4
5,twenty,yes,8,5
5,twenty,yes,8,4
5,twenty,yes,8,5
5,twenty,yes,8,5
5,twenty,yes,8,5
5,twenty,yes,8,5
5,twenty,yes,8,3
5,twenty,yes,8,7
5,twenty,yes,8,4
5,twenty,yes,8,5
5,twenty,yes,8,5
5,twenty,yes,8,3
5,twenty,yes,8,7
5,twenty,yes,8,5
5,twenty,yes,8,6
5,twenty,yes,8,5
5,twenty,yes,8,5
5,twenty,yes,8,5
5,twenty,yes,8,5
5,twenty,yes,8,4
5,twenty,yes,8,4
5,twenty,yes,8,5
5,twenty,yes,8,6
5,twenty,yes,8,4
5,twenty,yes,8,4
5,twenty,yes,8,6
5,twenty,yes,8,5
5,twenty,yes,8,5
5,twenty,yes,8,5
5,twenty,yes,8,4
5,twenty,yes,8,5
5,twenty,yes,8,3
5,twenty,yes,8,5
5,twenty,yes,8,6
5,twenty,yes,8,4
5,twenty,yes,8,4
5,twenty,yes,8,5
5,twenty,yes,8,3
5,twenty,yes,8,5
5,twenty,yes,8,5
5,twenty,yes,8,4
5,twenty,yes,8,6
5,twenty,yes,8,5
5,twenty,yes,8,6
5,twenty,yes,8,6
5,twenty,yes,8,5
5,twenty,yes,8,6
5,twenty,yes,8,5
5,twenty,yes,8,3
5,twenty,yes,8,6
5,twenty,yes,8,6
5,twenty,yes,8,6
5,twenty,yes,8,5
5,twenty,yes,8,6
5,twenty,yes,8,4
5,twenty,yes,8,5
5,twenty,yes,8,4
5,twenty,yes,8,5
5,twenty,yes,8,3
5,twenty,yes,8,4
5,twenty,yes,8,4
5,twenty,yes,8,4
5,twenty,yes,8,4
5,twenty,yes,16,7
5,twenty,yes,16,6
5,twenty,yes,16,9
5,twenty,yes,16,5
5,twenty,yes,16,5
5,twenty,yes,16,6
5,twenty,yes,16,8
5,twenty,yes,16,6
5,twenty,yes,16,7
5,twenty,yes,16,6
5,twenty,yes,16,8
5,twenty,yes,16,7
5,twenty,yes,16,9
5,twenty,yes,16,7
5,twenty,yes,16,6
5,twenty,yes,16,6
5,twenty,yes,16,4
5,twenty,yes,16,5
5,twenty,yes,16,7
5,twenty,yes,16,6
5,twenty,yes,16,7
5,twenty,yes,16,5
5,twenty,yes,16,9
5,twenty,yes,16,8
5,twenty,yes,16,4
5,twenty,yes,16,6
5,twenty,yes,16,8
5,twenty,yes,16,6
5,twenty,yes,16,6
5,twenty,yes,16,5
5,twenty,yes,16,8
5,twenty,yes,16,6
5,twenty,yes,16,6
5,twenty,yes,16,6
5,twenty,yes,16,4
5,twenty,yes,16,7
5,twenty,yes,16,8
5,twenty,yes,16,3
5,twenty,yes,16,5
5,twenty,yes,16,7
5,twenty,yes,16,7
5,twenty,yes,16,7
5,twenty,yes,16,6
5,twenty,yes,16,3
5,twenty,yes,16,6
5,twenty,yes,16,4
5,twenty,yes,16,4
5,twenty,yes,16,5
5,twenty,yes,16,6
5,twenty,yes,16,7
5,twenty,yes,16,5
5,twenty,yes,16,7
5,twenty,yes,16,6
5,twenty,yes,16,5
5,twenty,yes,16,5
5,twenty,yes,16,9
5,twenty,yes,16,5
5,twenty,yes,16,6
5,twenty,yes,16,7
5,twenty,yes,16,6
5,twenty,yes,16,7
5,twenty,yes,16,7
5,twenty,yes,16,6
5,twenty,yes,16,7
5,twenty,yes,16,6
5,twenty,yes,16,3
5,twenty,yes,16,7
5,twenty,yes,16,7
5,twenty,yes,16,5
5,twenty,yes,16,7
5,twenty,yes,16,5
5,twenty,yes,16,7
5,twenty,yes,16,6
5,twenty,yes,16,7
5,twenty,yes,16,8
5,twenty,yes,16,5
5,twenty,yes,16,3
5,twenty,yes,16,6
5,twenty,yes,16,8
5,twenty,yes,16,6
5,twenty,yes,16,5
5,twenty,yes,16,6
5,twenty,yes,16,7
5,twenty,yes,16,5
5,twenty,yes,16,8
5,twenty,yes,16,5
5,twenty,yes,16,10
5,twenty,yes,16,6
5,twenty,yes,16,4
5,twenty,yes,16,7
5,twenty,yes,16,3
5,twenty,yes,16,7
5,twenty,yes,16,6
5,twenty,yes,16,8
5,twenty,yes,16,6
5,twenty,yes,16,8
5,twenty,yes,16,6
5,twenty,yes,16,7
5,twenty,yes,16,6
5,twenty,yes,16,7
5,twenty,yes,32,10
5,twenty,yes,32,13
5,twenty,yes,32,10
5,twenty,yes,32,10
5,twenty,yes,32,8
5,twenty,yes,32,10
5,twenty,yes,32,10
5,twenty,yes,32,8
5,twenty,yes,32,8
5,twenty,yes,32,10
5,twenty,yes,32,10
5,twenty,yes,32,11
5,twenty,yes,32,9
5,twenty,yes,32,11
5,twenty,yes,32,11
5,twenty,yes,32,9
5,twenty,yes,32,11
5,twenty,yes,32,7
5,twenty,yes,32,10
5,twenty,yes,32,9
5,twenty,yes,32,12
5,twenty,yes,32,8
5,twenty,yes,32,11
5,twenty,yes,32,9
5,twenty,yes,32,12
5,twenty,yes,32,11
5,twenty,yes,32,9
5,twenty,yes,32,11
5,twenty,yes,32,10
5,twenty,yes,32,9
5,twenty,yes,32,8
5,twenty,yes,32,12
5,twenty,yes,32,12
5,twenty,yes,32,9
5,twenty,yes,32,9
5,twenty,yes,32,12
5,twenty,yes,32,7
5,twenty,yes,32,12
5,twenty,yes,32,10
5,twenty,yes,32,7
5,twenty,yes,32,10
5,twenty,yes,32,9
5,twenty,yes,32,9
5,twenty,yes,32,10
5,twenty,yes,32,9
5,twenty,yes,32,11
5,twenty,yes,32,13
5,twenty,yes,32,10
5,twenty,yes,32,9
5,twenty,yes,32,8
5,twenty,yes,32,10
5,twenty,yes,32,11
5,twenty,yes,32,12
5,twenty,yes,32,9
5,twenty,yes,32,13
5,twenty,yes,32,9
5,twenty,yes,32,11
5,twenty,yes,32,10
5,twenty,yes,32,10
5,twenty,yes,32,10
5,twenty,yes,32,11
5,twenty,yes,32,9
5,twenty,yes,32,9
5,twenty,yes,32,10
5,twenty,yes,32,12
5,twenty,yes,32,11
5,twenty,yes,32,10
5,twenty,yes,32,10
5,twenty,yes,32,10
5,twenty,yes,32,10
5,twenty,yes,32,7
5,twenty,yes,32,13
5,twenty,yes,32,7
5,twenty,yes,32,8
5,twenty,yes,32,9
5,twenty,yes,32,12
5,twenty,yes,32,11
5,twenty,yes,32,9
5,twenty,yes,32,9
5,twenty,yes,32,9
5,twenty,yes,32,9
5,twenty,yes,32,12
5,twenty,yes,32,11
5,twenty,yes,32,10
5,twenty,yes,32,9
5,twenty,yes,32,10
5,twenty,yes,32,9
5,twenty,yes,32,11
5,twenty,yes,32,7
5,twenty,yes,32,11
5,twenty,yes,32,12
5,twenty,yes,32,7
5,twenty,yes,32,9
5,twenty,yes,32,9
5,twenty,yes,32,9
5,twenty,yes,32,11
5,twenty,yes,32,8
5,twenty,yes,32,12
5,twenty,yes,32,8
5,twenty,yes,32,10
5,twenty,yes,64,14
5,twenty,yes,64,12
5,twenty,yes,64,12
5,twenty,yes,64,15
5,twenty,yes,64,16
5,twenty,yes,64,13
5,twenty,yes,64,17
5,twenty,yes,64,12
5,twenty,yes,64,12
5,twenty,yes,64,12
5,twenty,yes,64,12
5,twenty,yes,64,12
5,twenty,yes,64,13
5,twenty,yes,64,10
5,twenty,yes,64,11
5,twenty,yes,64,16
5,twenty,yes,64,9
5,twenty,yes,64,13
5,twenty,yes,64,14
5,twenty,yes,64,13
5,twenty,yes,64,10
5,twenty,yes,64,12
5,twenty,yes,64,12
5,twenty,yes,64,14
5,twenty,yes,64,10
5,twenty,yes,64,13
5,twenty,yes,64,14
5,twenty,yes,64,15
5,twenty,yes,64,15
5,twenty,yes,64,13
5,twenty,yes,64,16
5,twenty,yes,64,11
5,twenty,yes,64,14
5,twenty,yes,64,15
5,twenty,yes,64,13
5,twenty,yes,64,12
5,twenty,yes,64,13
5,twenty,yes,64,9
5,twenty,yes,64,14
5,twenty,yes,64,11
5,twenty,yes,64,12
5,twenty,yes,64,15
5,twenty,yes,64,13
5,twenty,yes,64,10
5,twenty,yes,64,9
5,twenty,yes,64,14
5,twenty,yes,64,14
5,twenty,yes,64,13
5,twenty,yes,64,11
5,twenty,yes,64,8
5,twenty,yes,64,13
5,twenty,yes,64,12
5,twenty,yes,64,11
5,twenty,yes,64,11
5,twenty,yes,64,10
5,twenty,yes,64,11
5,twenty,yes,64,12
5,twenty,yes,64,13
5,twenty,yes,64,13
5,twenty,yes,64,12
5,twenty,yes,64,14
5,twenty,yes,64,13
5,twenty,yes,64,18
5,twenty,yes,64,12
5,twenty,yes,64,9
5,twenty,yes,64,15
5,twenty,yes,64,12
5,twenty,yes,64,15
5,twenty,yes,64,14
5,twenty,yes,64,12
5,twenty,yes,64,15
5,twenty,yes,64,13
5,twenty,yes,64,13
5,twenty,yes,64,12
5,twenty,yes,64,13
5,twenty,yes,64,9
5,twenty,yes,64,12
5,twenty,yes,64,12
5,twenty,yes,64,11
5,twenty,yes,64,15
5,twenty,yes,64,13
5,twenty,yes,64,12
5,twenty,yes,64,13
5,twenty,yes,64,9
5,twenty,yes,64,15
5,twenty,yes,64,16
5,twenty,yes,64,12
5,twenty,yes,64,14
5,twenty,yes,64,10
5,twenty,yes,64,13
5,twenty,yes,64,9
5,twenty,yes,64,11
5,twenty,yes,64,12
5,twenty,yes,64,12
5,twenty,yes,64,10
5,twenty,yes,64,11
5,twenty,yes,64,16
5,twenty,yes,64,13
5,twenty,yes,64,11
5,twenty,yes,64,12
5,twenty,yes,128,16
5,twenty,yes,128,16
5,twenty,yes,128,20
5,twenty,yes,128,15
5,twenty,yes,128,13
5,twenty,yes,128,15
5,twenty,yes,128,19
5,twenty,yes,128,15
5,twenty,yes,128,20
5,twenty,yes,128,15
5,twenty,yes,128,16
5,twenty,yes,128,19
5,twenty,yes,128,18
5,twenty,yes,128,16
5,twenty,yes,128,16
5,twenty,yes,128,19
5,twenty,yes,128,18
5,twenty,yes,128,22
5,twenty,yes,128,17
5,twenty,yes,128,18
5,twenty,yes,128,18
5,twenty,yes,128,16
5,twenty,yes,128,18
5,twenty,yes,128,20
5,twenty,yes,128,20
5,twenty,yes,128,18
5,twenty,yes,128,17
5,twenty,yes,128,19
5,twenty,yes,128,15
5,twenty,yes,128,14
5,twenty,yes,128,19
5,twenty,yes,128,21
5,twenty,yes,128,16
5,twenty,yes,128,20
5,twenty,yes,128,22
5,twenty,yes,128,17
5,twenty,yes,128,17
5,twenty,yes,128,17
5,twenty,yes,128,20
5,twenty,yes,128,14
5,twenty,yes,128,16
5,twenty,yes,128,17
5,twenty,yes,128,20
5,twenty,yes,128,16
5,twenty,yes,128,14
5,twenty,yes,128,16
5,twenty,yes,128,19
5,twenty,yes,128,18
5,twenty,yes,128,19
5,twenty,yes,128,23
5,twenty,yes,128,19
5,twenty,yes,128,18
5,twenty,yes,128,20
5,twenty,yes,128,20
5,twenty,yes,128,20
5,twenty,yes,128,14
5,twenty,yes,128,16
5,twenty,yes,128,19
5,twenty,yes,128,18
5,twenty,yes,128,17
5,twenty,yes,128,14
5,twenty,yes,128,23
5,twenty,yes,128,18
5,twenty,yes,128,22
5,twenty,yes,128,17
5,twenty,yes,128,19
5,twenty,yes,128,20
5,twenty,yes,128,20
5,twenty,yes,128,19
5,twenty,yes,128,16
5,twenty,yes,128,14
5,twenty,yes,128,19
5,twenty,yes,128,17
5,twenty,yes,128,14
5,twenty,yes,128,17
5,twenty,yes,128,18
5,twenty,yes,128,20
5,twenty,yes,128,18
5,twenty,yes,128,19
5,twenty,yes,128,14
5,twenty,yes,128,13
5,twenty,yes,128,18
5,twenty,yes,128,14
5,twenty,yes,128,22
5,twenty,yes,128,21
5,twenty,yes,128,15
5,twenty,yes,128,13
5,twenty,yes,128,17
5,twenty,yes,128,17
5,twenty,yes,128,17
5,twenty,yes,128,16
5,twenty,yes,128,20
5,twenty,yes,128,20
5,twenty,yes,128,18
5,twenty,yes,128,17
5,twenty,yes,128,17
5,twenty,yes,128,14
5,twenty,yes,128,17
5,twenty,yes,128,15
5,twenty,yes,128,16
6,twenty,no,2,2
6,twenty,no,2,2
6,twenty,no,2,2
6,twenty,no,2,2
6,twenty,no,2,2
6,twenty,no,2,2
6,twenty,no,2,2
6,twenty,no,2,2
6,twenty,no,2,2
6,twenty,no,2,2
6,twenty,no,2,1
6,twenty,no,2,2
6,twenty,no,2,2
6,twenty,no,2,2
6,twenty,no,2,2
6,twenty,no,2,2
6,twenty,no,2,2
6,twenty,no,2,2
6,twenty,no,2,2
6,twenty,no,2,2
6,twenty,no,2,2
6,twenty,no,2,2
6,twenty,no,2,2
6,twenty,no,2,2
6,twenty,no,2,2
6,twenty,no,2,2
6,twenty,no,2,2
6,twenty,no,2,2
6,twenty,no,2,2
6,twenty,no,2,2
6,twenty,no,2,2
6,twenty,no,2,2
6,twenty,no,2,2
6,twenty,no,2,2
6,twenty,no,2,2
6,twenty,no,2,2
6,twenty,no,2,2
6,twenty,no,2,2
6,twenty,no,2,2
6,twenty,no,2,2
6,twenty,no,2,2
6,twenty,no,2,2
6,twenty,no,2,2
6,twenty,no,2,2
6,twenty,no,2,2
6,twenty,no,2,2
6,twenty,no,2,2
6,twenty,no,2,2
6,twenty,no,2,2
6,twenty,no,2,2
6,twenty,no,2,2
6,twenty,no,2,2
6,twenty,no,2,2
6,twenty,no,2,2
6,twenty,no,2,2
6,twenty,no,2,2
6,twenty,no,2,2
6,twenty,no,2,2
6,twenty,no,2,2
6,twenty,no,2,2
6,twenty,no,2,1
6,twenty,no,2,2
6,twenty,no,2,2
6,twenty,no,2,2
6,twenty,no,2,2
6,twenty,no,2,2
6,twenty,no,2,2
6,twenty,no,2,2
6,twenty,no,2,2
6,twenty,no,2,2
6,twenty,no,2,2
6,twenty,no,2,2
6,twenty,no,2,2
6,twenty,no,2,2
6,twenty,no,2,2
6,twenty,no,2,2
6,twenty,no,2,2
6,twenty,no,2,2
6,twenty,no,2,2
6,twenty,no,2,2
6,twenty,no,2,2
6,twenty,no,2,2
6,twenty,no,2,2
6,twenty,no,2,2
6,twenty,no,2,2
6,twenty,no,2,2
6,twenty,no,2,2
6,twenty,no,2,2
6,twenty,no,2,2
6,twenty,no,2,1
6,twenty,no,2,2
6,twenty,no,2,2
6,twenty,no,2,2
6,twenty,no,2,2
6,twenty,no,2,2
6,twenty,no,2,2
6,twenty,no,2,2
6,twenty,no,2,2
6,twenty,no,2,2
6,twenty,no,2,2
6,twenty,no,4,4
6,twenty,no,4,4
6,twenty,no,4,4
6,twenty,no,4,4
6,twenty,no,4,4
6,twenty,no,4,4
6,twenty,no,4,4
6,twenty,no,4,4
6,twenty,no,4,3
6,twenty,no,4,4
6,twenty,no,4,4
6,twenty,no,4,4
6,twenty,no,4,4
6,twenty,no,4,4
6,twenty,no,4,4
6,twenty,no,4,3
6,twenty,no,4,4
6,twenty,no,4,3
6,twenty,no,4,4
6,twenty,no,4,4
6,twenty,no,4,4
6,twenty,no,4,4
6,twenty,no,4,4
6,twenty,no,4,3
6,twenty,no,4,3
6,twenty,no,4,4
6,twenty,no,4,4
6,twenty,no,4,4
6,twenty,no,4,3
6,twenty,no,4,3
6,twenty,no,4,4
6,twenty,no,4,4
6,twenty,no,4,4
6,twenty,no,4,4
6,twenty,no,4,3
6,twenty,no,4,4
6,twenty,no,4,4
6,twenty,no,4,4
6,twenty,no,4,4
6,twenty,no,4,4
6,twenty,no,4,4
6,twenty,no,4,4
6,twenty,no,4,3
6,twenty,no,4,3
6,twenty,no,4,4
6,twenty,no,4,4
6,twenty,no,4,3
6,twenty,no,4,4
6,twenty,no,4,4
6,twenty,no,4,4
6,twenty,no,4,4
6,twenty,no,4,4
6,twenty,no,4,4
6,twenty,no,4,3
6,twenty,no,4,4
6,twenty,no,4,4
6,twenty,no,4,4
6,twenty,no,4,3
6,twenty,no,4,4
6,twenty,no,4,4
6,twenty,no,4,4
6,twenty,no,4,4
6,twenty,no,4,4
6,twenty,no,4,3
6,twenty,no,4,4
6,twenty,no,4,4
6,twenty,no,4,3
6,twenty,no,4,4
6,twenty,no,4,4
6,twenty,no,4,4
6,twenty,no,4,3
6,twenty,no,4,4
6,twenty,no,4,3
6,twenty,no,4,3
6,twenty,no,4,4
6,twenty,no,4,4
6,twenty,no,4,4
6,twenty,no,4,4
6,twenty,no,4,4
6,twenty,no,4,4
6,twenty,no,4,4
6,twenty,no,4,4
6,twenty,no,4,4
6,twenty,no,4,3
6,twenty,no,4,4
6,twenty,no,4,3
6,twenty,no,4,3
6,twenty,no,4,4
6,twenty,no,4,3
6,twenty,no,4,3
6,twenty,no,4,4
6,twenty,no,4,3
6,twenty,no,4,4
6,twenty,no,4,4
6,twenty,no,4,4
6,twenty,no,4,4
6,twenty,no,4,4
6,twenty,no,4,4
6,twenty,no,4,4
6,twenty,no,4,4
6,twenty,no,8,6
6,twenty,no,8,8
6,twenty,no,8,8
6,twenty,no,8,8
6,twenty,no,8,7
6,twenty,no,8,7
6,twenty,no,8,7
6,twenty,no,8,8
6,twenty,no,8,8
6,twenty,no,8,8
6,twenty,no,8,8
6,twenty,no,8,7
6,twenty,no,8,8
6,twenty,no,8,7
6,twenty,no,8,6
6,twenty,no,8,7
6,twenty,no,8,7
6,twenty,no,8,6
6,twenty,no,8,7
6,twenty,no,8,6
6,twenty,no,8,6
6,twenty,no,8,8
6,twenty,no,8,7
6,twenty,no,8,8
6,twenty,no,8,7
6,twenty,no,8,8
6,twenty,no,8,8
6,twenty,no,8,6
6,twenty,no,8,8
6,twenty,no,8,6
6,twenty,no,8,7
6,twenty,no,8,7
6,twenty,no,8,6
6,twenty,no,8,7
6,twenty,no,8,7
6,twenty,no,8,8
6,twenty,no,8,7
6,twenty,no,8,7
6,twenty,no,8,7
6,twenty,no,8,6
6,twenty,no,8,7
6,twenty,no,8,7
6,twenty,no,8,7
6,twenty,no,8,7
6,twenty,no,8,8
6,twenty,no,8,7
6,twenty,no,8,8
6,twenty,no,8,7
6,twenty,no,8,8
6,twenty,no,8,8
6,twenty,no,8,6
6,twenty,no,8,6
6,twenty,no,8,5
6,twenty,no,8,6
6,twenty,no,8,5
6,twenty,no,8,8
6,twenty,no,8,6
6,twenty,no,8,7
6,twenty,no,8,6
6,twenty,no,8,6
6,twenty,no,8,6
6,twenty,no,8,7
6,twenty,no,8,7
6,twenty,no,8,8
6,twenty,no,8,7
6,twenty,no,8,7
6,twenty,no,8,6
6,twenty,no,8,8
6,twenty,no,8,8
6,twenty,no,8,8
6,twenty,no,8,7
6,twenty,no,8,7
6,twenty,no,8,6
6,twenty,no,8,7
6,twenty,no,8,6
6,twenty,no,8,8
6,twenty,no,8,6
6,twenty,no,8,8
6,twenty,no,8,7
6,twenty,no,8,7
6,twenty,no,8,7
6,twenty,no,8,8
6,twenty,no,8,6
6,twenty,no,8,7
6,twenty,no,8,8
6,twenty,no,8,8
6,twenty,no,8,7
6,twenty,no,8,8
6,twenty,no,8,8
6,twenty,no,8,7
6,twenty,no,8,6
6,twenty,no,8,7
6,twenty,no,8,4
6,twenty,no,8,7
6,twenty,no,8,7
6,twenty,no,8,5
6,twenty,no,8,8
6,twenty,no,8,7
6,twenty,no,8,7
6,twenty,no,8,8
6,twenty,no,16,11
6,twenty,no,16,10
6,twenty,no,16,11
6,twenty,no,16,13
6,twenty,no,16,13
6,twenty,no,16,9
6,twenty,no,16,8
6,twenty,no,16,15
6,twenty,no,16,14
6,twenty,no,16,11
6,twenty,no,16,11
6,twenty,no,16,13
6,twenty,no,16,12
6,twenty,no,16,12
6,twenty,no,16,11
6,twenty,no,16,13
6,twenty,no,16,14
6,twenty,no,16,14
6,twenty,no,16,12
6,twenty,no,16,12
6,twenty,no,16,12
6,twenty,no,16,11
6,twenty,no,16,13
6,twenty,no,16,15
6,twenty,no,16,12
6,twenty,no,16,13
6,twenty,no,16,14
6,twenty,no,16,12
6,twenty,no,16,10
6,twenty,no,16,11
6,twenty,no,16,12
6,twenty,no,16,12
6,twenty,no,16,13
6,twenty,no,16,13
6,twenty,no,16,13
6,twenty,no,16,13
6,twenty,no,16,12
6,twenty,no,16,12
6,twenty,no,16,14
6,twenty,no,16,11
6,twenty,no,16,11
6,twenty,no,16,11
6,twenty,no,16,13
6,twenty,no,16,10
6,twenty,no,16,12
6,twenty,no,16,13
6,twenty,no,16,13
6,twenty,no,16,14
6,twenty,no,16,11
6,twenty,no,16,9
6,twenty,no,16,13
6,twenty,no,16,10
6,twenty,no,16,11
6,twenty,no,16,14
6,twenty,no,16,12
6,twenty,no,16,12
6,twenty,no,16,9
6,twenty,no,16,12
6,twenty,no,16,11
6,twenty,no,16,12
6,twenty,no,16,10
6,twenty,no,16,12
6,twenty,no,16,13
6,twenty,no,16,13
6,twenty,no,16,9
6,twenty,no,16,11
6,twenty,no,16,12
6,twenty,no,16,14
6,twenty,no,16,11
6,twenty,no,16,13
6,twenty,no,16,10
6,twenty,no,16,11
6,twenty,no,16,13
6,twenty,no,16,10
6,twenty,no,16,11
6,twenty,no,16,14
6,twenty,no,16,12
6,twenty,no,16,13
6,twenty,no,16,13
6,twenty,no,16,12
6,twenty,no,16,10
6,twenty,no,16,12
6,twenty,no,16,11
6,twenty,no,16,12
6,twenty,no,16,13
6,twenty,no,16,13
6,twenty,no,16,13
6,twenty,no,16,14
6,twenty,no,16,13
6,twenty,no,16,10
6,twenty,no,16,11
6,twenty,no,16,13
6,twenty,no,16,13
6,twenty,no,16,11
6,twenty,no,16,10
6,twenty,no,16,13
6,twenty,no,16,12
6,twenty,no,16,13
6,twenty,no,16,13
6,twenty,no,16,12
6,twenty,no,32,19
6,twenty,no,32,17
6,twenty,no,32,21
6,twenty,no,32,23
6,twenty,no,32,19
6,twenty,no,32,21
6,twenty,no,32,20
6,twenty,no,32,21
6,twenty,no,32,21
6,twenty,no,32,21
6,twenty,no,32,20
6,twenty,no,32,19
6,twenty,no,32,20
6,twenty,no,32,17
6,twenty,no,32,22
6,twenty,no,32,20
6,twenty,no,32,17
6,twenty,no,32,18
6,twenty,no,32,17
6,twenty,no,32,20
6,twenty,no,32,18
6,twenty,no,32,16
6,twenty,no,32,19
6,twenty,no,32,15
6,twenty,no,32,17
6,twenty,no,32,20
6,twenty,no,32,22
6,twenty,no,32,21
6,twenty,no,32,22
6,twenty,no,32,21
6,twenty,no,32,20
6,twenty,no,32,18
6,twenty,no,32,20
6,twenty,no,32,22
6,twenty,no,32,21
6,twenty,no,32,19
6,twenty,no,32,18
6,twenty,no,32,18
6,twenty,no,32,23
6,twenty,no,32,18
6,twenty,no,32,16
6,twenty,no,32,18
6,twenty,no,32,22
6,twenty,no,32,17
6,twenty,no,32,23
6,twenty,no,32,19
6,twenty,no,32,17
6,twenty,no,32,20
6,twenty,no,32,15
6,twenty,no,32,19
6,twenty,no,32,18
6,twenty,no,32,23
6,twenty,no,32,20
6,twenty,no,32,17
6,twenty,no,32,17
6,twenty,no,32,20
6,twenty,no,32,23
6,twenty,no,32,16
6,twenty,no,32,23
6,twenty,no,32,19
6,twenty,no,32,18
6,twenty,no,32,21
6,twenty,no,32,22
6,twenty,no,32,19
6,twenty,no,32,19
6,twenty,no,32,21
6,twenty,no,32,19
6,twenty,no,32,20
6,twenty,no,32,23
6,twenty,no,32,20
6,twenty,no,32,21
6,twenty,no,32,18
6,twenty,no,32,21
6,twenty,no,32,19
6,twenty,no,32,18
6,twenty,no,32,18
6,twenty,no,32,17
6,twenty,no,32,24
6,twenty,no,32,22
6,twenty,no,32,21
6,twenty,no,32,20
6,twenty,no,32,23
6,twenty,no,32,19
6,twenty,no,32,19
6,twenty,no,32,20
6,twenty,no,32,20
6,twenty,no,32,18
6,twenty,no,32,21
6,twenty,no,32,21
6,twenty,no,32,19
6,twenty,no,32,21
6,twenty,no,32,21
6,twenty,no,32,15
6,twenty,no,32,21
6,twenty,no,32,22
6,twenty,no,32,18
6,twenty,no,32,21
6,twenty,no,32,21
6,twenty,no,32,17
6,twenty,no,32,21
6,twenty,no,64,31
6,twenty,no,64,26
6,twenty,no,64,24
6,twenty,no,64,29
6,twenty,no,64,27
6,twenty,no,64,30
6,twenty,no,64,30
6,twenty,no,64,34
6,twenty,no,64,28
6,twenty,no,64,29
6,twenty,no,64,28
6,twenty,no,64,30
6,twenty,no,64,29
6,twenty,no,64,32
6,twenty,no,64,32
6,twenty,no,64,30
6,twenty,no,64,26
6,twenty,no,64,29
6,twenty,no,64,28
6,twenty,no,64,30
6,twenty,no,64,33
6,twenty,no,64,31
6,twenty,no,64,28
6,twenty,no,64,28
6,twenty,no,64,31
6,twenty,no,64,27
6,twenty,no,64,30
6,twenty,no,64,29
6,twenty,no,64,31
6,twenty,no,64,32
6,twenty,no,64,30
6,twenty,no,64,29
6,twenty,no,64,28
6,twenty,no,64,29
6,twenty,no,64,30
6,twenty,no,64,31
6,twenty,no,64,32
6,twenty,no,64,27
6,twenty,no,64,31
6,twenty,no,64,30
6,twenty,no,64,29
6,twenty,no,64,29
6,twenty,no,64,27
6,twenty,no,64,28
6,twenty,no,64,34
6,twenty,no,64,29
6,twenty,no,64,27
6,twenty,no,64,27
6,twenty,no,64,25
6,twenty,no,64,30
6,twenty,no,64,32
6,twenty,no,64,29
6,twenty,no,64,32
6,twenty,no,64,28
6,twenty,no,64,25
6,twenty,no,64,28
6,twenty,no,64,33
6,twenty,no,64,32
6,twenty,no,64,33
6,twenty,no,64,28
6,twenty,no,64,29
6,twenty,no,64,25
6,twenty,no,64,29
6,twenty,no,64,29
6,twenty,no,64,27
6,twenty,no,64,31
6,twenty,no,64,32
6,twenty,no,64,28
6,twenty,no,64,31
6,twenty,no,64,34
6,twenty,no,64,30
6,twenty,no,64,30
6,twenty,no,64,30
6,twenty,no,64,33
6,twenty,no,64,30
6,twenty,no,64,32
6,twenty,no,64,27
6,twenty,no,64,27
6,twenty,no,64,29
6,twenty,no,64,34
6,twenty,no,64,28
6,twenty,no,64,29
6,twenty,no,64,26
6,twenty,no,64,38
6,twenty,no,64,24
6,twenty,no,64,29
6,twenty,no,64,27
6,twenty,no,64,30
6,twenty,no,64,30
6,twenty,no,64,29
6,twenty,no,64,28
6,twenty,no,64,27
6,twenty,no,64,24
6,twenty,no,64,29
6,twenty,no,64,35
6,twenty,no,64,30
6,twenty,no,64,29
6,twenty,no,64,28
6,twenty,no,64,33
6,twenty,no,64,31
6,twenty,no,128,46
6,twenty,no,128,42
6,twenty,no,128,37
6,twenty,no,128,44
6,twenty,no,128,43
6,twenty,no,128,41
6,twenty,no,128,51
6,twenty,no,128,39
6,twenty,no,128,48
6,twenty,no,128,41
6,twenty,no,128,36
6,twenty,no,128,47
6,twenty,no,128,41
6,twenty,no,128,41
6,twenty,no,128,40
6,twenty,no,128,37
6,twenty,no,128,35
6,twenty,no,128,42
6,twenty,no,128,46
6,twenty,no,128,43
6,twenty,no,128,42
6,twenty,no,128,43
6,twenty,no,128,38
6,twenty,no,128,44
6,twenty,no,128,37
6,twenty,no,128,36
6,twenty,no,128,37
6,twenty,no,128,40
6,twenty,no,128,42
6,twenty,no,128,39
6,twenty,no,128,43
6,twenty,no,128,40
6,twenty,no,128,44
6,twenty,no,128,48
6,twenty,no,128,39
6,twenty,no,128,43
6,twenty,no,128,41
6,twenty,no,128,39
6,twenty,no,128,42
6,twenty,no,128,42
6,twenty,no,128,37
6,twenty,no,128,41
6,twenty,no,128,35
6,twenty,no,128,41
6,twenty,no,128,43
6,twenty,no,128,40
6,twenty,no,128,39
6,twenty,no,128,43
6,twenty,no,128,36
6,twenty,no,128,38
6,twenty,no,128,31
6,twenty,no,128,43
6,twenty,no,128,42
6,twenty,no,128,36
6,twenty,no,128,38
6,twenty,no,128,38
6,twenty,no,128,41
6,twenty,no,128,43
6,twenty,no,128,41
6,twenty,no,128,39
6,twenty,no,128,40
6,twenty,no,128,41
6,twenty,no,128,37
6,twenty,no,128,41
6,twenty,no,128,41
6,twenty,no,128,43
6,twenty,no,128,40
6,twenty,no,128,37
6,twenty,no,128,39
6,twenty,no,128,38
6,twenty,no,128,40
6,twenty,no,128,40
6,twenty,no,128,37
6,twenty,no,128,37
6,twenty,no,128,39
6,twenty,no,128,44
6,twenty,no,128,37
6,twenty,no,128,43
6,twenty,no,128,46
6,twenty,no,128,41
6,twenty,no,128,42
6,twenty,no,128,42
6,twenty,no,128,36
6,twenty,no,128,41
6,twenty,no,128,40
6,twenty,no,128,42
6,twenty,no,128,44
6,twenty,no,128,44
6,twenty,no,128,35
6,twenty,no,128,43
6,twenty,no,128,46
6,twenty,no,128,42
6,twenty,no,128,48
6,twenty,no,128,37
6,twenty,no,128,42
6,twenty,no,128,41
6,twenty,no,128,44
6,twenty,no,128,35
6,twenty,no,128,36
6,twenty,no,128,38
