Pop,Theta,samplingSize,n.haplotypes
1,two,2,1
1,two,2,2
1,two,2,1
1,two,2,1
1,two,2,1
1,two,2,2
1,two,2,2
1,two,2,1
1,two,2,1
1,two,2,2
1,two,2,2
1,two,2,2
1,two,2,2
1,two,2,2
1,two,2,1
1,two,2,1
1,two,2,2
1,two,2,2
1,two,2,1
1,two,2,2
1,two,2,2
1,two,2,2
1,two,2,2
1,two,2,1
1,two,2,1
1,two,2,2
1,two,2,2
1,two,2,1
1,two,2,1
1,two,2,1
1,two,2,2
1,two,2,1
1,two,2,1
1,two,2,2
1,two,2,2
1,two,2,1
1,two,2,2
1,two,2,2
1,two,2,1
1,two,2,2
1,two,2,1
1,two,2,1
1,two,2,1
1,two,2,2
1,two,2,1
1,two,2,1
1,two,2,1
1,two,2,1
1,two,2,2
1,two,2,1
1,two,2,1
1,two,2,1
1,two,2,1
1,two,2,1
1,two,2,1
1,two,2,1
1,two,2,1
1,two,2,2
1,two,2,1
1,two,2,1
1,two,2,1
1,two,2,1
1,two,2,1
1,two,2,2
1,two,2,2
1,two,2,1
1,two,2,1
1,two,2,1
1,two,2,1
1,two,2,2
1,two,2,1
1,two,2,2
1,two,2,1
1,two,2,1
1,two,2,1
1,two,2,2
1,two,2,1
1,two,2,2
1,two,2,1
1,two,2,2
1,two,2,1
1,two,2,1
1,two,2,1
1,two,2,1
1,two,2,1
1,two,2,2
1,two,2,1
1,two,2,1
1,two,2,2
1,two,2,1
1,two,2,2
1,two,2,1
1,two,2,2
1,two,2,2
1,two,2,1
1,two,2,2
1,two,2,2
1,two,2,1
1,two,2,1
1,two,2,1
1,two,4,1
1,two,4,2
1,two,4,2
1,two,4,1
1,two,4,2
1,two,4,1
1,two,4,2
1,two,4,1
1,two,4,2
1,two,4,2
1,two,4,2
1,two,4,2
1,two,4,1
1,two,4,2
1,two,4,3
1,two,4,1
1,two,4,2
1,two,4,1
1,two,4,1
1,two,4,1
1,two,4,2
1,two,4,3
1,two,4,2
1,two,4,2
1,two,4,1
1,two,4,1
1,two,4,1
1,two,4,1
1,two,4,1
1,two,4,2
1,two,4,1
1,two,4,1
1,two,4,1
1,two,4,2
1,two,4,2
1,two,4,2
1,two,4,2
1,two,4,2
1,two,4,1
1,two,4,1
1,two,4,2
1,two,4,2
1,two,4,1
1,two,4,2
1,two,4,1
1,two,4,2
1,two,4,1
1,two,4,2
1,two,4,1
1,two,4,1
1,two,4,1
1,two,4,3
1,two,4,2
1,two,4,3
1,two,4,3
1,two,4,1
1,two,4,2
1,two,4,2
1,two,4,2
1,two,4,3
1,two,4,1
1,two,4,2
1,two,4,2
1,two,4,1
1,two,4,3
1,two,4,1
1,two,4,2
1,two,4,1
1,two,4,1
1,two,4,2
1,two,4,2
1,two,4,3
1,two,4,1
1,two,4,3
1,two,4,1
1,two,4,2
1,two,4,3
1,two,4,1
1,two,4,2
1,two,4,2
1,two,4,2
1,two,4,1
1,two,4,3
1,two,4,1
1,two,4,2
1,two,4,2
1,two,4,1
1,two,4,3
1,two,4,1
1,two,4,3
1,two,4,1
1,two,4,2
1,two,4,1
1,two,4,1
1,two,4,2
1,two,4,3
1,two,4,2
1,two,4,1
1,two,4,1
1,two,4,3
1,two,8,3
1,two,8,2
1,two,8,1
1,two,8,3
1,two,8,1
1,two,8,3
1,two,8,3
1,two,8,4
1,two,8,2
1,two,8,1
1,two,8,3
1,two,8,2
1,two,8,2
1,two,8,4
1,two,8,4
1,two,8,2
1,two,8,3
1,two,8,3
1,two,8,3
1,two,8,2
1,two,8,2
1,two,8,2
1,two,8,2
1,two,8,2
1,two,8,1
1,two,8,3
1,two,8,2
1,two,8,3
1,two,8,2
1,two,8,4
1,two,8,2
1,two,8,2
1,two,8,1
1,two,8,2
1,two,8,3
1,two,8,2
1,two,8,3
1,two,8,2
1,two,8,3
1,two,8,4
1,two,8,3
1,two,8,2
1,two,8,1
1,two,8,4
1,two,8,3
1,two,8,4
1,two,8,4
1,two,8,1
1,two,8,1
1,two,8,2
1,two,8,2
1,two,8,2
1,two,8,4
1,two,8,2
1,two,8,1
1,two,8,4
1,two,8,2
1,two,8,2
1,two,8,1
1,two,8,1
1,two,8,1
1,two,8,3
1,two,8,2
1,two,8,2
1,two,8,3
1,two,8,2
1,two,8,2
1,two,8,3
1,two,8,4
1,two,8,3
1,two,8,2
1,two,8,2
1,two,8,2
1,two,8,1
1,two,8,2
1,two,8,1
1,two,8,2
1,two,8,3
1,two,8,3
1,two,8,2
1,two,8,3
1,two,8,2
1,two,8,3
1,two,8,2
1,two,8,2
1,two,8,2
1,two,8,2
1,two,8,3
1,two,8,3
1,two,8,3
1,two,8,3
1,two,8,4
1,two,8,2
1,two,8,3
1,two,8,2
1,two,8,2
1,two,8,3
1,two,8,2
1,two,8,1
1,two,8,2
1,two,16,3
1,two,16,3
1,two,16,3
1,two,16,3
1,two,16,2
1,two,16,4
1,two,16,3
1,two,16,1
1,two,16,5
1,two,16,4
1,two,16,2
1,two,16,4
1,two,16,5
1,two,16,2
1,two,16,3
1,two,16,3
1,two,16,1
1,two,16,2
1,two,16,2
1,two,16,2
1,two,16,4
1,two,16,3
1,two,16,5
1,two,16,2
1,two,16,2
1,two,16,3
1,two,16,3
1,two,16,6
1,two,16,2
1,two,16,4
1,two,16,3
1,two,16,5
1,two,16,3
1,two,16,3
1,two,16,2
1,two,16,2
1,two,16,3
1,two,16,4
1,two,16,5
1,two,16,3
1,two,16,4
1,two,16,5
1,two,16,7
1,two,16,4
1,two,16,2
1,two,16,5
1,two,16,3
1,two,16,4
1,two,16,2
1,two,16,3
1,two,16,5
1,two,16,2
1,two,16,2
1,two,16,3
1,two,16,3
1,two,16,4
1,two,16,2
1,two,16,3
1,two,16,2
1,two,16,3
1,two,16,2
1,two,16,3
1,two,16,4
1,two,16,3
1,two,16,5
1,two,16,4
1,two,16,5
1,two,16,6
1,two,16,3
1,two,16,4
1,two,16,3
1,two,16,1
1,two,16,3
1,two,16,4
1,two,16,3
1,two,16,3
1,two,16,2
1,two,16,4
1,two,16,3
1,two,16,5
1,two,16,3
1,two,16,4
1,two,16,3
1,two,16,5
1,two,16,2
1,two,16,3
1,two,16,4
1,two,16,3
1,two,16,5
1,two,16,6
1,two,16,2
1,two,16,2
1,two,16,5
1,two,16,3
1,two,16,4
1,two,16,2
1,two,16,2
1,two,16,5
1,two,16,3
1,two,16,2
1,two,32,5
1,two,32,7
1,two,32,3
1,two,32,4
1,two,32,6
1,two,32,4
1,two,32,5
1,two,32,6
1,two,32,5
1,two,32,4
1,two,32,6
1,two,32,5
1,two,32,6
1,two,32,7
1,two,32,4
1,two,32,4
1,two,32,5
1,two,32,3
1,two,32,5
1,two,32,7
1,two,32,3
1,two,32,5
1,two,32,3
1,two,32,5
1,two,32,4
1,two,32,5
1,two,32,4
1,two,32,5
1,two,32,7
1,two,32,5
1,two,32,5
1,two,32,3
1,two,32,6
1,two,32,6
1,two,32,6
1,two,32,4
1,two,32,3
1,two,32,3
1,two,32,6
1,two,32,7
1,two,32,3
1,two,32,3
1,two,32,5
1,two,32,7
1,two,32,3
1,two,32,5
1,two,32,4
1,two,32,2
1,two,32,6
1,two,32,7
1,two,32,5
1,two,32,2
1,two,32,5
1,two,32,8
1,two,32,4
1,two,32,4
1,two,32,5
1,two,32,5
1,two,32,6
1,two,32,5
1,two,32,7
1,two,32,5
1,two,32,5
1,two,32,5
1,two,32,5
1,two,32,4
1,two,32,4
1,two,32,4
1,two,32,7
1,two,32,4
1,two,32,5
1,two,32,4
1,two,32,2
1,two,32,5
1,two,32,5
1,two,32,5
1,two,32,4
1,two,32,4
1,two,32,6
1,two,32,2
1,two,32,4
1,two,32,8
1,two,32,5
1,two,32,6
1,two,32,4
1,two,32,6
1,two,32,3
1,two,32,6
1,two,32,6
1,two,32,7
1,two,32,4
1,two,32,3
1,two,32,6
1,two,32,3
1,two,32,4
1,two,32,6
1,two,32,6
1,two,32,6
1,two,32,8
1,two,32,5
1,two,64,8
1,two,64,6
1,two,64,9
1,two,64,7
1,two,64,6
1,two,64,8
1,two,64,6
1,two,64,7
1,two,64,6
1,two,64,5
1,two,64,5
1,two,64,6
1,two,64,7
1,two,64,5
1,two,64,5
1,two,64,9
1,two,64,7
1,two,64,7
1,two,64,5
1,two,64,6
1,two,64,5
1,two,64,6
1,two,64,8
1,two,64,9
1,two,64,8
1,two,64,8
1,two,64,9
1,two,64,6
1,two,64,8
1,two,64,8
1,two,64,7
1,two,64,9
1,two,64,7
1,two,64,7
1,two,64,7
1,two,64,7
1,two,64,7
1,two,64,6
1,two,64,5
1,two,64,8
1,two,64,7
1,two,64,7
1,two,64,8
1,two,64,8
1,two,64,9
1,two,64,6
1,two,64,7
1,two,64,4
1,two,64,5
1,two,64,7
1,two,64,5
1,two,64,6
1,two,64,5
1,two,64,7
1,two,64,6
1,two,64,5
1,two,64,8
1,two,64,6
1,two,64,8
1,two,64,8
1,two,64,7
1,two,64,5
1,two,64,5
1,two,64,7
1,two,64,8
1,two,64,7
1,two,64,4
1,two,64,5
1,two,64,5
1,two,64,4
1,two,64,6
1,two,64,9
1,two,64,6
1,two,64,7
1,two,64,5
1,two,64,7
1,two,64,9
1,two,64,6
1,two,64,7
1,two,64,6
1,two,64,4
1,two,64,7
1,two,64,7
1,two,64,7
1,two,64,6
1,two,64,8
1,two,64,6
1,two,64,6
1,two,64,5
1,two,64,6
1,two,64,5
1,two,64,6
1,two,64,9
1,two,64,6
1,two,64,7
1,two,64,5
1,two,64,8
1,two,64,7
1,two,64,8
1,two,64,9
1,two,128,7
1,two,128,9
1,two,128,6
1,two,128,9
1,two,128,10
1,two,128,9
1,two,128,8
1,two,128,8
1,two,128,8
1,two,128,10
1,two,128,9
1,two,128,9
1,two,128,11
1,two,128,9
1,two,128,8
1,two,128,8
1,two,128,8
1,two,128,5
1,two,128,6
1,two,128,8
1,two,128,9
1,two,128,7
1,two,128,9
1,two,128,9
1,two,128,8
1,two,128,8
1,two,128,8
1,two,128,8
1,two,128,8
1,two,128,8
1,two,128,9
1,two,128,9
1,two,128,10
1,two,128,9
1,two,128,8
1,two,128,9
1,two,128,7
1,two,128,9
1,two,128,8
1,two,128,7
1,two,128,9
1,two,128,10
1,two,128,9
1,two,128,7
1,two,128,7
1,two,128,9
1,two,128,9
1,two,128,9
1,two,128,10
1,two,128,9
1,two,128,10
1,two,128,9
1,two,128,9
1,two,128,7
1,two,128,10
1,two,128,6
1,two,128,6
1,two,128,8
1,two,128,8
1,two,128,8
1,two,128,8
1,two,128,8
1,two,128,8
1,two,128,8
1,two,128,9
1,two,128,9
1,two,128,9
1,two,128,8
1,two,128,8
1,two,128,10
1,two,128,9
1,two,128,8
1,two,128,7
1,two,128,7
1,two,128,8
1,two,128,9
1,two,128,8
1,two,128,9
1,two,128,7
1,two,128,10
1,two,128,8
1,two,128,10
1,two,128,8
1,two,128,8
1,two,128,11
1,two,128,9
1,two,128,10
1,two,128,9
1,two,128,10
1,two,128,11
1,two,128,8
1,two,128,7
1,two,128,8
1,two,128,9
1,two,128,7
1,two,128,10
1,two,128,9
1,two,128,10
1,two,128,10
1,two,128,9
2,ten,2,2
2,ten,2,2
2,ten,2,2
2,ten,2,1
2,ten,2,2
2,ten,2,2
2,ten,2,2
2,ten,2,2
2,ten,2,2
2,ten,2,2
2,ten,2,2
2,ten,2,2
2,ten,2,2
2,ten,2,2
2,ten,2,2
2,ten,2,2
2,ten,2,2
2,ten,2,2
2,ten,2,2
2,ten,2,2
2,ten,2,2
2,ten,2,2
2,ten,2,2
2,ten,2,1
2,ten,2,2
2,ten,2,2
2,ten,2,2
2,ten,2,2
2,ten,2,2
2,ten,2,2
2,ten,2,2
2,ten,2,2
2,ten,2,2
2,ten,2,2
2,ten,2,2
2,ten,2,2
2,ten,2,2
2,ten,2,2
2,ten,2,2
2,ten,2,2
2,ten,2,2
2,ten,2,2
2,ten,2,2
2,ten,2,2
2,ten,2,1
2,ten,2,2
2,ten,2,2
2,ten,2,2
2,ten,2,2
2,ten,2,2
2,ten,2,1
2,ten,2,2
2,ten,2,2
2,ten,2,2
2,ten,2,2
2,ten,2,1
2,ten,2,2
2,ten,2,2
2,ten,2,2
2,ten,2,2
2,ten,2,2
2,ten,2,2
2,ten,2,2
2,ten,2,2
2,ten,2,2
2,ten,2,2
2,ten,2,2
2,ten,2,1
2,ten,2,1
2,ten,2,2
2,ten,2,2
2,ten,2,2
2,ten,2,1
2,ten,2,2
2,ten,2,2
2,ten,2,2
2,ten,2,2
2,ten,2,2
2,ten,2,2
2,ten,2,2
2,ten,2,2
2,ten,2,2
2,ten,2,2
2,ten,2,2
2,ten,2,2
2,ten,2,2
2,ten,2,2
2,ten,2,2
2,ten,2,2
2,ten,2,2
2,ten,2,2
2,ten,2,1
2,ten,2,1
2,ten,2,2
2,ten,2,1
2,ten,2,2
2,ten,2,2
2,ten,2,2
2,ten,2,1
2,ten,2,2
2,ten,4,4
2,ten,4,4
2,ten,4,3
2,ten,4,4
2,ten,4,4
2,ten,4,4
2,ten,4,4
2,ten,4,3
2,ten,4,4
2,ten,4,4
2,ten,4,4
2,ten,4,4
2,ten,4,3
2,ten,4,4
2,ten,4,3
2,ten,4,3
2,ten,4,4
2,ten,4,4
2,ten,4,3
2,ten,4,3
2,ten,4,4
2,ten,4,4
2,ten,4,4
2,ten,4,3
2,ten,4,3
2,ten,4,4
2,ten,4,4
2,ten,4,3
2,ten,4,4
2,ten,4,4
2,ten,4,4
2,ten,4,3
2,ten,4,4
2,ten,4,3
2,ten,4,4
2,ten,4,4
2,ten,4,4
2,ten,4,4
2,ten,4,3
2,ten,4,4
2,ten,4,4
2,ten,4,3
2,ten,4,4
2,ten,4,4
2,ten,4,4
2,ten,4,4
2,ten,4,4
2,ten,4,4
2,ten,4,3
2,ten,4,4
2,ten,4,4
2,ten,4,4
2,ten,4,4
2,ten,4,4
2,ten,4,4
2,ten,4,4
2,ten,4,4
2,ten,4,3
2,ten,4,4
2,ten,4,3
2,ten,4,4
2,ten,4,4
2,ten,4,4
2,ten,4,4
2,ten,4,4
2,ten,4,4
2,ten,4,4
2,ten,4,4
2,ten,4,4
2,ten,4,3
2,ten,4,4
2,ten,4,4
2,ten,4,4
2,ten,4,4
2,ten,4,4
2,ten,4,4
2,ten,4,2
2,ten,4,4
2,ten,4,3
2,ten,4,4
2,ten,4,3
2,ten,4,4
2,ten,4,4
2,ten,4,4
2,ten,4,3
2,ten,4,4
2,ten,4,4
2,ten,4,3
2,ten,4,4
2,ten,4,4
2,ten,4,4
2,ten,4,4
2,ten,4,3
2,ten,4,4
2,ten,4,4
2,ten,4,4
2,ten,4,3
2,ten,4,4
2,ten,4,3
2,ten,4,4
2,ten,8,6
2,ten,8,7
2,ten,8,7
2,ten,8,5
2,ten,8,8
2,ten,8,4
2,ten,8,6
2,ten,8,6
2,ten,8,5
2,ten,8,7
2,ten,8,4
2,ten,8,7
2,ten,8,4
2,ten,8,6
2,ten,8,7
2,ten,8,6
2,ten,8,8
2,ten,8,7
2,ten,8,6
2,ten,8,5
2,ten,8,7
2,ten,8,6
2,ten,8,5
2,ten,8,6
2,ten,8,8
2,ten,8,5
2,ten,8,5
2,ten,8,7
2,ten,8,5
2,ten,8,5
2,ten,8,6
2,ten,8,5
2,ten,8,7
2,ten,8,6
2,ten,8,7
2,ten,8,7
2,ten,8,7
2,ten,8,6
2,ten,8,6
2,ten,8,7
2,ten,8,6
2,ten,8,6
2,ten,8,6
2,ten,8,6
2,ten,8,7
2,ten,8,7
2,ten,8,6
2,ten,8,7
2,ten,8,5
2,ten,8,5
2,ten,8,5
2,ten,8,6
2,ten,8,6
2,ten,8,6
2,ten,8,5
2,ten,8,7
2,ten,8,5
2,ten,8,6
2,ten,8,6
2,ten,8,8
2,ten,8,8
2,ten,8,6
2,ten,8,8
2,ten,8,6
2,ten,8,6
2,ten,8,5
2,ten,8,6
2,ten,8,6
2,ten,8,7
2,ten,8,6
2,ten,8,6
2,ten,8,4
2,ten,8,7
2,ten,8,6
2,ten,8,6
2,ten,8,6
2,ten,8,6
2,ten,8,7
2,ten,8,6
2,ten,8,6
2,ten,8,5
2,ten,8,6
2,ten,8,7
2,ten,8,5
2,ten,8,7
2,ten,8,6
2,ten,8,7
2,ten,8,7
2,ten,8,7
2,ten,8,7
2,ten,8,6
2,ten,8,3
2,ten,8,5
2,ten,8,7
2,ten,8,6
2,ten,8,6
2,ten,8,7
2,ten,8,8
2,ten,8,7
2,ten,8,7
2,ten,16,9
2,ten,16,11
2,ten,16,8
2,ten,16,13
2,ten,16,11
2,ten,16,10
2,ten,16,10
2,ten,16,10
2,ten,16,11
2,ten,16,12
2,ten,16,10
2,ten,16,12
2,ten,16,11
2,ten,16,11
2,ten,16,10
2,ten,16,10
2,ten,16,7
2,ten,16,10
2,ten,16,10
2,ten,16,12
2,ten,16,9
2,ten,16,12
2,ten,16,14
2,ten,16,11
2,ten,16,12
2,ten,16,13
2,ten,16,12
2,ten,16,13
2,ten,16,11
2,ten,16,10
2,ten,16,10
2,ten,16,11
2,ten,16,10
2,ten,16,10
2,ten,16,12
2,ten,16,9
2,ten,16,10
2,ten,16,11
2,ten,16,11
2,ten,16,11
2,ten,16,9
2,ten,16,9
2,ten,16,11
2,ten,16,11
2,ten,16,10
2,ten,16,12
2,ten,16,9
2,ten,16,13
2,ten,16,10
2,ten,16,9
2,ten,16,11
2,ten,16,9
2,ten,16,10
2,ten,16,8
2,ten,16,12
2,ten,16,9
2,ten,16,9
2,ten,16,10
2,ten,16,7
2,ten,16,11
2,ten,16,11
2,ten,16,10
2,ten,16,9
2,ten,16,9
2,ten,16,12
2,ten,16,9
2,ten,16,10
2,ten,16,12
2,ten,16,10
2,ten,16,10
2,ten,16,9
2,ten,16,9
2,ten,16,8
2,ten,16,12
2,ten,16,11
2,ten,16,10
2,ten,16,10
2,ten,16,13
2,ten,16,9
2,ten,16,12
2,ten,16,9
2,ten,16,8
2,ten,16,6
2,ten,16,11
2,ten,16,8
2,ten,16,12
2,ten,16,8
2,ten,16,10
2,ten,16,9
2,ten,16,8
2,ten,16,11
2,ten,16,8
2,ten,16,13
2,ten,16,10
2,ten,16,9
2,ten,16,9
2,ten,16,13
2,ten,16,10
2,ten,16,12
2,ten,16,11
2,ten,32,15
2,ten,32,12
2,ten,32,17
2,ten,32,13
2,ten,32,17
2,ten,32,15
2,ten,32,13
2,ten,32,13
2,ten,32,15
2,ten,32,13
2,ten,32,15
2,ten,32,13
2,ten,32,16
2,ten,32,14
2,ten,32,14
2,ten,32,15
2,ten,32,15
2,ten,32,15
2,ten,32,16
2,ten,32,14
2,ten,32,15
2,ten,32,16
2,ten,32,15
2,ten,32,13
2,ten,32,13
2,ten,32,16
2,ten,32,15
2,ten,32,18
2,ten,32,17
2,ten,32,15
2,ten,32,12
2,ten,32,14
2,ten,32,16
2,ten,32,14
2,ten,32,13
2,ten,32,12
2,ten,32,20
2,ten,32,16
2,ten,32,15
2,ten,32,16
2,ten,32,13
2,ten,32,16
2,ten,32,12
2,ten,32,17
2,ten,32,18
2,ten,32,12
2,ten,32,14
2,ten,32,16
2,ten,32,11
2,ten,32,14
2,ten,32,16
2,ten,32,16
2,ten,32,16
2,ten,32,18
2,ten,32,16
2,ten,32,18
2,ten,32,16
2,ten,32,15
2,ten,32,15
2,ten,32,18
2,ten,32,12
2,ten,32,16
2,ten,32,18
2,ten,32,12
2,ten,32,16
2,ten,32,16
2,ten,32,15
2,ten,32,13
2,ten,32,13
2,ten,32,14
2,ten,32,14
2,ten,32,13
2,ten,32,14
2,ten,32,14
2,ten,32,15
2,ten,32,15
2,ten,32,13
2,ten,32,16
2,ten,32,14
2,ten,32,17
2,ten,32,16
2,ten,32,16
2,ten,32,17
2,ten,32,12
2,ten,32,11
2,ten,32,15
2,ten,32,16
2,ten,32,16
2,ten,32,12
2,ten,32,12
2,ten,32,13
2,ten,32,12
2,ten,32,16
2,ten,32,15
2,ten,32,16
2,ten,32,14
2,ten,32,15
2,ten,32,15
2,ten,32,16
2,ten,32,13
2,ten,64,25
2,ten,64,21
2,ten,64,21
2,ten,64,18
2,ten,64,20
2,ten,64,16
2,ten,64,22
2,ten,64,19
2,ten,64,21
2,ten,64,21
2,ten,64,20
2,ten,64,22
2,ten,64,22
2,ten,64,22
2,ten,64,22
2,ten,64,19
2,ten,64,21
2,ten,64,23
2,ten,64,19
2,ten,64,24
2,ten,64,18
2,ten,64,18
2,ten,64,20
2,ten,64,19
2,ten,64,19
2,ten,64,20
2,ten,64,23
2,ten,64,20
2,ten,64,21
2,ten,64,21
2,ten,64,16
2,ten,64,18
2,ten,64,21
2,ten,64,24
2,ten,64,22
2,ten,64,19
2,ten,64,21
2,ten,64,18
2,ten,64,21
2,ten,64,18
2,ten,64,19
2,ten,64,23
2,ten,64,23
2,ten,64,19
2,ten,64,22
2,ten,64,20
2,ten,64,18
2,ten,64,25
2,ten,64,19
2,ten,64,17
2,ten,64,19
2,ten,64,22
2,ten,64,21
2,ten,64,22
2,ten,64,20
2,ten,64,21
2,ten,64,20
2,ten,64,20
2,ten,64,23
2,ten,64,20
2,ten,64,23
2,ten,64,22
2,ten,64,21
2,ten,64,19
2,ten,64,23
2,ten,64,21
2,ten,64,16
2,ten,64,21
2,ten,64,24
2,ten,64,22
2,ten,64,18
2,ten,64,22
2,ten,64,21
2,ten,64,19
2,ten,64,20
2,ten,64,21
2,ten,64,18
2,ten,64,18
2,ten,64,22
2,ten,64,19
2,ten,64,22
2,ten,64,21
2,ten,64,22
2,ten,64,22
2,ten,64,17
2,ten,64,17
2,ten,64,20
2,ten,64,20
2,ten,64,19
2,ten,64,21
2,ten,64,18
2,ten,64,21
2,ten,64,24
2,ten,64,22
2,ten,64,20
2,ten,64,17
2,ten,64,19
2,ten,64,19
2,ten,64,19
2,ten,64,17
2,ten,128,21
2,ten,128,32
2,ten,128,30
2,ten,128,24
2,ten,128,25
2,ten,128,29
2,ten,128,30
2,ten,128,26
2,ten,128,28
2,ten,128,24
2,ten,128,27
2,ten,128,29
2,ten,128,28
2,ten,128,26
2,ten,128,23
2,ten,128,27
2,ten,128,31
2,ten,128,29
2,ten,128,27
2,ten,128,29
2,ten,128,30
2,ten,128,25
2,ten,128,28
2,ten,128,28
2,ten,128,28
2,ten,128,26
2,ten,128,25
2,ten,128,29
2,ten,128,27
2,ten,128,29
2,ten,128,28
2,ten,128,28
2,ten,128,25
2,ten,128,25
2,ten,128,29
2,ten,128,26
2,ten,128,30
2,ten,128,27
2,ten,128,29
2,ten,128,26
2,ten,128,27
2,ten,128,25
2,ten,128,24
2,ten,128,26
2,ten,128,27
2,ten,128,26
2,ten,128,28
2,ten,128,26
2,ten,128,27
2,ten,128,26
2,ten,128,27
2,ten,128,24
2,ten,128,27
2,ten,128,24
2,ten,128,24
2,ten,128,27
2,ten,128,22
2,ten,128,26
2,ten,128,26
2,ten,128,25
2,ten,128,25
2,ten,128,23
2,ten,128,26
2,ten,128,34
2,ten,128,29
2,ten,128,26
2,ten,128,22
2,ten,128,30
2,ten,128,29
2,ten,128,26
2,ten,128,26
2,ten,128,26
2,ten,128,21
2,ten,128,27
2,ten,128,30
2,ten,128,24
2,ten,128,30
2,ten,128,22
2,ten,128,23
2,ten,128,32
2,ten,128,25
2,ten,128,29
2,ten,128,24
2,ten,128,26
2,ten,128,28
2,ten,128,25
2,ten,128,27
2,ten,128,27
2,ten,128,28
2,ten,128,23
2,ten,128,30
2,ten,128,28
2,ten,128,24
2,ten,128,27
2,ten,128,28
2,ten,128,26
2,ten,128,25
2,ten,128,23
2,ten,128,28
2,ten,128,29
3,twenty,2,2
3,twenty,2,2
3,twenty,2,2
3,twenty,2,2
3,twenty,2,2
3,twenty,2,2
3,twenty,2,2
3,twenty,2,2
3,twenty,2,2
3,twenty,2,2
3,twenty,2,2
3,twenty,2,2
3,twenty,2,2
3,twenty,2,2
3,twenty,2,2
3,twenty,2,2
3,twenty,2,2
3,twenty,2,2
3,twenty,2,2
3,twenty,2,2
3,twenty,2,2
3,twenty,2,2
3,twenty,2,1
3,twenty,2,2
3,twenty,2,2
3,twenty,2,2
3,twenty,2,2
3,twenty,2,2
3,twenty,2,2
3,twenty,2,2
3,twenty,2,2
3,twenty,2,2
3,twenty,2,2
3,twenty,2,2
3,twenty,2,2
3,twenty,2,2
3,twenty,2,2
3,twenty,2,1
3,twenty,2,2
3,twenty,2,2
3,twenty,2,2
3,twenty,2,2
3,twenty,2,2
3,twenty,2,2
3,twenty,2,2
3,twenty,2,2
3,twenty,2,2
3,twenty,2,2
3,twenty,2,2
3,twenty,2,2
3,twenty,2,2
3,twenty,2,2
3,twenty,2,2
3,twenty,2,2
3,twenty,2,2
3,twenty,2,2
3,twenty,2,2
3,twenty,2,2
3,twenty,2,2
3,twenty,2,2
3,twenty,2,2
3,twenty,2,2
3,twenty,2,2
3,twenty,2,2
3,twenty,2,2
3,twenty,2,2
3,twenty,2,2
3,twenty,2,2
3,twenty,2,2
3,twenty,2,2
3,twenty,2,2
3,twenty,2,2
3,twenty,2,2
3,twenty,2,2
3,twenty,2,2
3,twenty,2,2
3,twenty,2,2
3,twenty,2,2
3,twenty,2,2
3,twenty,2,2
3,twenty,2,2
3,twenty,2,2
3,twenty,2,2
3,twenty,2,2
3,twenty,2,2
3,twenty,2,1
3,twenty,2,1
3,twenty,2,2
3,twenty,2,2
3,twenty,2,2
3,twenty,2,2
3,twenty,2,2
3,twenty,2,2
3,twenty,2,2
3,twenty,2,2
3,twenty,2,1
3,twenty,2,2
3,twenty,2,2
3,twenty,2,2
3,twenty,2,2
3,twenty,4,4
3,twenty,4,4
3,twenty,4,4
3,twenty,4,4
3,twenty,4,4
3,twenty,4,3
3,twenty,4,4
3,twenty,4,4
3,twenty,4,4
3,twenty,4,4
3,twenty,4,4
3,twenty,4,4
3,twenty,4,4
3,twenty,4,4
3,twenty,4,2
3,twenty,4,4
3,twenty,4,3
3,twenty,4,3
3,twenty,4,4
3,twenty,4,3
3,twenty,4,4
3,twenty,4,4
3,twenty,4,4
3,twenty,4,4
3,twenty,4,4
3,twenty,4,4
3,twenty,4,4
3,twenty,4,3
3,twenty,4,4
3,twenty,4,4
3,twenty,4,4
3,twenty,4,4
3,twenty,4,4
3,twenty,4,4
3,twenty,4,4
3,twenty,4,3
3,twenty,4,4
3,twenty,4,4
3,twenty,4,4
3,twenty,4,4
3,twenty,4,3
3,twenty,4,4
3,twenty,4,3
3,twenty,4,4
3,twenty,4,4
3,twenty,4,4
3,twenty,4,4
3,twenty,4,4
3,twenty,4,3
3,twenty,4,4
3,twenty,4,4
3,twenty,4,2
3,twenty,4,4
3,twenty,4,4
3,twenty,4,4
3,twenty,4,4
3,twenty,4,4
3,twenty,4,4
3,twenty,4,4
3,twenty,4,4
3,twenty,4,3
3,twenty,4,4
3,twenty,4,4
3,twenty,4,4
3,twenty,4,3
3,twenty,4,4
3,twenty,4,4
3,twenty,4,4
3,twenty,4,3
3,twenty,4,4
3,twenty,4,4
3,twenty,4,3
3,twenty,4,3
3,twenty,4,3
3,twenty,4,4
3,twenty,4,2
3,twenty,4,3
3,twenty,4,4
3,twenty,4,4
3,twenty,4,2
3,twenty,4,3
3,twenty,4,4
3,twenty,4,4
3,twenty,4,3
3,twenty,4,4
3,twenty,4,4
3,twenty,4,4
3,twenty,4,3
3,twenty,4,4
3,twenty,4,4
3,twenty,4,4
3,twenty,4,4
3,twenty,4,3
3,twenty,4,3
3,twenty,4,4
3,twenty,4,4
3,twenty,4,4
3,twenty,4,4
3,twenty,4,4
3,twenty,4,4
3,twenty,8,8
3,twenty,8,7
3,twenty,8,6
3,twenty,8,6
3,twenty,8,6
3,twenty,8,8
3,twenty,8,8
3,twenty,8,6
3,twenty,8,7
3,twenty,8,7
3,twenty,8,7
3,twenty,8,7
3,twenty,8,7
3,twenty,8,8
3,twenty,8,6
3,twenty,8,6
3,twenty,8,6
3,twenty,8,8
3,twenty,8,7
3,twenty,8,8
3,twenty,8,6
3,twenty,8,6
3,twenty,8,8
3,twenty,8,6
3,twenty,8,7
3,twenty,8,7
3,twenty,8,8
3,twenty,8,7
3,twenty,8,7
3,twenty,8,6
3,twenty,8,8
3,twenty,8,6
3,twenty,8,6
3,twenty,8,8
3,twenty,8,7
3,twenty,8,7
3,twenty,8,5
3,twenty,8,6
3,twenty,8,6
3,twenty,8,6
3,twenty,8,7
3,twenty,8,7
3,twenty,8,7
3,twenty,8,8
3,twenty,8,8
3,twenty,8,8
3,twenty,8,7
3,twenty,8,8
3,twenty,8,8
3,twenty,8,5
3,twenty,8,7
3,twenty,8,6
3,twenty,8,4
3,twenty,8,7
3,twenty,8,7
3,twenty,8,7
3,twenty,8,7
3,twenty,8,7
3,twenty,8,6
3,twenty,8,7
3,twenty,8,7
3,twenty,8,8
3,twenty,8,8
3,twenty,8,6
3,twenty,8,7
3,twenty,8,7
3,twenty,8,8
3,twenty,8,6
3,twenty,8,7
3,twenty,8,6
3,twenty,8,7
3,twenty,8,7
3,twenty,8,7
3,twenty,8,8
3,twenty,8,6
3,twenty,8,8
3,twenty,8,8
3,twenty,8,8
3,twenty,8,5
3,twenty,8,8
3,twenty,8,7
3,twenty,8,7
3,twenty,8,8
3,twenty,8,8
3,twenty,8,8
3,twenty,8,7
3,twenty,8,6
3,twenty,8,8
3,twenty,8,7
3,twenty,8,6
3,twenty,8,8
3,twenty,8,8
3,twenty,8,8
3,twenty,8,7
3,twenty,8,7
3,twenty,8,7
3,twenty,8,7
3,twenty,8,6
3,twenty,8,8
3,twenty,8,5
3,twenty,16,12
3,twenty,16,11
3,twenty,16,11
3,twenty,16,13
3,twenty,16,11
3,twenty,16,13
3,twenty,16,14
3,twenty,16,10
3,twenty,16,12
3,twenty,16,14
3,twenty,16,12
3,twenty,16,16
3,twenty,16,12
3,twenty,16,14
3,twenty,16,12
3,twenty,16,14
3,twenty,16,13
3,twenty,16,13
3,twenty,16,11
3,twenty,16,14
3,twenty,16,12
3,twenty,16,13
3,twenty,16,11
3,twenty,16,13
3,twenty,16,13
3,twenty,16,13
3,twenty,16,11
3,twenty,16,14
3,twenty,16,11
3,twenty,16,10
3,twenty,16,11
3,twenty,16,13
3,twenty,16,10
3,twenty,16,12
3,twenty,16,16
3,twenty,16,10
3,twenty,16,14
3,twenty,16,12
3,twenty,16,13
3,twenty,16,13
3,twenty,16,13
3,twenty,16,12
3,twenty,16,13
3,twenty,16,13
3,twenty,16,12
3,twenty,16,10
3,twenty,16,12
3,twenty,16,11
3,twenty,16,15
3,twenty,16,13
3,twenty,16,11
3,twenty,16,11
3,twenty,16,13
3,twenty,16,13
3,twenty,16,11
3,twenty,16,15
3,twenty,16,13
3,twenty,16,13
3,twenty,16,8
3,twenty,16,14
3,twenty,16,13
3,twenty,16,11
3,twenty,16,13
3,twenty,16,10
3,twenty,16,12
3,twenty,16,14
3,twenty,16,10
3,twenty,16,10
3,twenty,16,12
3,twenty,16,10
3,twenty,16,13
3,twenty,16,14
3,twenty,16,11
3,twenty,16,11
3,twenty,16,12
3,twenty,16,14
3,twenty,16,14
3,twenty,16,13
3,twenty,16,12
3,twenty,16,13
3,twenty,16,12
3,twenty,16,11
3,twenty,16,10
3,twenty,16,12
3,twenty,16,12
3,twenty,16,10
3,twenty,16,12
3,twenty,16,13
3,twenty,16,12
3,twenty,16,8
3,twenty,16,9
3,twenty,16,13
3,twenty,16,12
3,twenty,16,14
3,twenty,16,11
3,twenty,16,13
3,twenty,16,10
3,twenty,16,9
3,twenty,16,14
3,twenty,16,12
3,twenty,32,20
3,twenty,32,19
3,twenty,32,22
3,twenty,32,21
3,twenty,32,23
3,twenty,32,18
3,twenty,32,17
3,twenty,32,20
3,twenty,32,17
3,twenty,32,17
3,twenty,32,17
3,twenty,32,18
3,twenty,32,20
3,twenty,32,20
3,twenty,32,20
3,twenty,32,21
3,twenty,32,21
3,twenty,32,21
3,twenty,32,24
3,twenty,32,22
3,twenty,32,21
3,twenty,32,21
3,twenty,32,21
3,twenty,32,22
3,twenty,32,19
3,twenty,32,17
3,twenty,32,15
3,twenty,32,21
3,twenty,32,20
3,twenty,32,24
3,twenty,32,21
3,twenty,32,17
3,twenty,32,18
3,twenty,32,20
3,twenty,32,23
3,twenty,32,16
3,twenty,32,19
3,twenty,32,23
3,twenty,32,23
3,twenty,32,19
3,twenty,32,15
3,twenty,32,16
3,twenty,32,22
3,twenty,32,17
3,twenty,32,15
3,twenty,32,20
3,twenty,32,20
3,twenty,32,20
3,twenty,32,19
3,twenty,32,21
3,twenty,32,18
3,twenty,32,27
3,twenty,32,19
3,twenty,32,20
3,twenty,32,19
3,twenty,32,21
3,twenty,32,19
3,twenty,32,21
3,twenty,32,19
3,twenty,32,21
3,twenty,32,15
3,twenty,32,19
3,twenty,32,18
3,twenty,32,19
3,twenty,32,16
3,twenty,32,20
3,twenty,32,22
3,twenty,32,20
3,twenty,32,20
3,twenty,32,18
3,twenty,32,18
3,twenty,32,18
3,twenty,32,17
3,twenty,32,20
3,twenty,32,24
3,twenty,32,19
3,twenty,32,20
3,twenty,32,19
3,twenty,32,19
3,twenty,32,21
3,twenty,32,22
3,twenty,32,18
3,twenty,32,23
3,twenty,32,18
3,twenty,32,21
3,twenty,32,18
3,twenty,32,19
3,twenty,32,16
3,twenty,32,19
3,twenty,32,19
3,twenty,32,20
3,twenty,32,23
3,twenty,32,20
3,twenty,32,19
3,twenty,32,18
3,twenty,32,22
3,twenty,32,21
3,twenty,32,20
3,twenty,32,21
3,twenty,32,18
3,twenty,64,28
3,twenty,64,28
3,twenty,64,27
3,twenty,64,23
3,twenty,64,26
3,twenty,64,30
3,twenty,64,30
3,twenty,64,29
3,twenty,64,32
3,twenty,64,31
3,twenty,64,29
3,twenty,64,27
3,twenty,64,23
3,twenty,64,31
3,twenty,64,32
3,twenty,64,28
3,twenty,64,34
3,twenty,64,27
3,twenty,64,30
3,twenty,64,30
3,twenty,64,30
3,twenty,64,29
3,twenty,64,36
3,twenty,64,29
3,twenty,64,28
3,twenty,64,34
3,twenty,64,29
3,twenty,64,31
3,twenty,64,38
3,twenty,64,26
3,twenty,64,29
3,twenty,64,28
3,twenty,64,33
3,twenty,64,23
3,twenty,64,27
3,twenty,64,29
3,twenty,64,34
3,twenty,64,30
3,twenty,64,30
3,twenty,64,36
3,twenty,64,36
3,twenty,64,31
3,twenty,64,34
3,twenty,64,25
3,twenty,64,28
3,twenty,64,24
3,twenty,64,29
3,twenty,64,27
3,twenty,64,33
3,twenty,64,26
3,twenty,64,30
3,twenty,64,33
3,twenty,64,28
3,twenty,64,31
3,twenty,64,35
3,twenty,64,32
3,twenty,64,30
3,twenty,64,27
3,twenty,64,30
3,twenty,64,29
3,twenty,64,30
3,twenty,64,33
3,twenty,64,26
3,twenty,64,34
3,twenty,64,30
3,twenty,64,27
3,twenty,64,25
3,twenty,64,27
3,twenty,64,28
3,twenty,64,28
3,twenty,64,29
3,twenty,64,33
3,twenty,64,29
3,twenty,64,22
3,twenty,64,26
3,twenty,64,31
3,twenty,64,31
3,twenty,64,29
3,twenty,64,29
3,twenty,64,23
3,twenty,64,30
3,twenty,64,29
3,twenty,64,25
3,twenty,64,30
3,twenty,64,27
3,twenty,64,31
3,twenty,64,33
3,twenty,64,24
3,twenty,64,29
3,twenty,64,36
3,twenty,64,30
3,twenty,64,25
3,twenty,64,28
3,twenty,64,27
3,twenty,64,31
3,twenty,64,32
3,twenty,64,26
3,twenty,64,32
3,twenty,64,30
3,twenty,64,25
3,twenty,128,45
3,twenty,128,40
3,twenty,128,43
3,twenty,128,38
3,twenty,128,42
3,twenty,128,38
3,twenty,128,41
3,twenty,128,44
3,twenty,128,34
3,twenty,128,46
3,twenty,128,40
3,twenty,128,37
3,twenty,128,40
3,twenty,128,42
3,twenty,128,41
3,twenty,128,47
3,twenty,128,39
3,twenty,128,37
3,twenty,128,45
3,twenty,128,38
3,twenty,128,36
3,twenty,128,44
3,twenty,128,39
3,twenty,128,43
3,twenty,128,44
3,twenty,128,44
3,twenty,128,41
3,twenty,128,40
3,twenty,128,41
3,twenty,128,40
3,twenty,128,37
3,twenty,128,43
3,twenty,128,43
3,twenty,128,41
3,twenty,128,40
3,twenty,128,40
3,twenty,128,38
3,twenty,128,40
3,twenty,128,42
3,twenty,128,37
3,twenty,128,41
3,twenty,128,43
3,twenty,128,37
3,twenty,128,37
3,twenty,128,45
3,twenty,128,42
3,twenty,128,40
3,twenty,128,37
3,twenty,128,41
3,twenty,128,43
3,twenty,128,39
3,twenty,128,40
3,twenty,128,48
3,twenty,128,42
3,twenty,128,44
3,twenty,128,43
3,twenty,128,41
3,twenty,128,42
3,twenty,128,38
3,twenty,128,43
3,twenty,128,42
3,twenty,128,45
3,twenty,128,40
3,twenty,128,39
3,twenty,128,40
3,twenty,128,47
3,twenty,128,41
3,twenty,128,44
3,twenty,128,39
3,twenty,128,35
3,twenty,128,39
3,twenty,128,45
3,twenty,128,43
3,twenty,128,39
3,twenty,128,40
3,twenty,128,37
3,twenty,128,38
3,twenty,128,45
3,twenty,128,40
3,twenty,128,45
3,twenty,128,42
3,twenty,128,40
3,twenty,128,43
3,twenty,128,37
3,twenty,128,40
3,twenty,128,38
3,twenty,128,41
3,twenty,128,43
3,twenty,128,35
3,twenty,128,44
3,twenty,128,41
3,twenty,128,46
3,twenty,128,41
3,twenty,128,42
3,twenty,128,39
3,twenty,128,42
3,twenty,128,41
3,twenty,128,41
3,twenty,128,38
3,twenty,128,39
4,five,2,2
4,five,2,2
4,five,2,2
4,five,2,2
4,five,2,1
4,five,2,1
4,five,2,2
4,five,2,2
4,five,2,2
4,five,2,2
4,five,2,2
4,five,2,1
4,five,2,2
4,five,2,1
4,five,2,2
4,five,2,2
4,five,2,2
4,five,2,2
4,five,2,2
4,five,2,1
4,five,2,2
4,five,2,2
4,five,2,2
4,five,2,1
4,five,2,2
4,five,2,2
4,five,2,1
4,five,2,1
4,five,2,2
4,five,2,2
4,five,2,2
4,five,2,2
4,five,2,2
4,five,2,2
4,five,2,2
4,five,2,2
4,five,2,2
4,five,2,2
4,five,2,1
4,five,2,2
4,five,2,2
4,five,2,2
4,five,2,2
4,five,2,2
4,five,2,2
4,five,2,2
4,five,2,2
4,five,2,2
4,five,2,2
4,five,2,2
4,five,2,2
4,five,2,2
4,five,2,2
4,five,2,2
4,five,2,2
4,five,2,2
4,five,2,2
4,five,2,2
4,five,2,2
4,five,2,2
4,five,2,2
4,five,2,1
4,five,2,2
4,five,2,2
4,five,2,2
4,five,2,2
4,five,2,2
4,five,2,2
4,five,2,2
4,five,2,2
4,five,2,2
4,five,2,2
4,five,2,2
4,five,2,2
4,five,2,1
4,five,2,2
4,five,2,2
4,five,2,2
4,five,2,2
4,five,2,2
4,five,2,2
4,five,2,2
4,five,2,2
4,five,2,1
4,five,2,2
4,five,2,2
4,five,2,1
4,five,2,2
4,five,2,2
4,five,2,2
4,five,2,2
4,five,2,2
4,five,2,2
4,five,2,2
4,five,2,2
4,five,2,2
4,five,2,2
4,five,2,2
4,five,2,2
4,five,2,2
4,five,4,4
4,five,4,3
4,five,4,2
4,five,4,4
4,five,4,2
4,five,4,3
4,five,4,4
4,five,4,4
4,five,4,4
4,five,4,4
4,five,4,3
4,five,4,3
4,five,4,3
4,five,4,4
4,five,4,3
4,five,4,3
4,five,4,3
4,five,4,3
4,five,4,3
4,five,4,4
4,five,4,3
4,five,4,3
4,five,4,3
4,five,4,4
4,five,4,4
4,five,4,3
4,five,4,3
4,five,4,4
4,five,4,4
4,five,4,4
4,five,4,3
4,five,4,3
4,five,4,4
4,five,4,4
4,five,4,4
4,five,4,3
4,five,4,3
4,five,4,3
4,five,4,3
4,five,4,4
4,five,4,4
4,five,4,3
4,five,4,3
4,five,4,4
4,five,4,3
4,five,4,3
4,five,4,2
4,five,4,3
4,five,4,3
4,five,4,4
4,five,4,3
4,five,4,2
4,five,4,4
4,five,4,2
4,five,4,3
4,five,4,4
4,five,4,3
4,five,4,4
4,five,4,3
4,five,4,4
4,five,4,4
4,five,4,3
4,five,4,4
4,five,4,4
4,five,4,4
4,five,4,4
4,five,4,4
4,five,4,3
4,five,4,4
4,five,4,3
4,five,4,3
4,five,4,3
4,five,4,3
4,five,4,4
4,five,4,4
4,five,4,3
4,five,4,3
4,five,4,4
4,five,4,4
4,five,4,4
4,five,4,3
4,five,4,4
4,five,4,3
4,five,4,4
4,five,4,4
4,five,4,3
4,five,4,4
4,five,4,3
4,five,4,4
4,five,4,4
4,five,4,3
4,five,4,3
4,five,4,2
4,five,4,4
4,five,4,3
4,five,4,3
4,five,4,4
4,five,4,3
4,five,4,4
4,five,4,2
4,five,8,5
4,five,8,6
4,five,8,5
4,five,8,6
4,five,8,5
4,five,8,4
4,five,8,6
4,five,8,5
4,five,8,7
4,five,8,7
4,five,8,7
4,five,8,6
4,five,8,5
4,five,8,4
4,five,8,6
4,five,8,6
4,five,8,5
4,five,8,4
4,five,8,6
4,five,8,5
4,five,8,5
4,five,8,5
4,five,8,6
4,five,8,4
4,five,8,3
4,five,8,5
4,five,8,4
4,five,8,7
4,five,8,4
4,five,8,5
4,five,8,6
4,five,8,8
4,five,8,6
4,five,8,6
4,five,8,6
4,five,8,5
4,five,8,7
4,five,8,5
4,five,8,7
4,five,8,4
4,five,8,4
4,five,8,6
4,five,8,7
4,five,8,5
4,five,8,4
4,five,8,6
4,five,8,6
4,five,8,5
4,five,8,5
4,five,8,7
4,five,8,6
4,five,8,6
4,five,8,7
4,five,8,5
4,five,8,7
4,five,8,5
4,five,8,6
4,five,8,5
4,five,8,6
4,five,8,5
4,five,8,4
4,five,8,6
4,five,8,4
4,five,8,5
4,five,8,7
4,five,8,4
4,five,8,6
4,five,8,6
4,five,8,5
4,five,8,6
4,five,8,5
4,five,8,6
4,five,8,7
4,five,8,5
4,five,8,4
4,five,8,7
4,five,8,4
4,five,8,7
4,five,8,5
4,five,8,4
4,five,8,7
4,five,8,6
4,five,8,6
4,five,8,4
4,five,8,4
4,five,8,5
4,five,8,5
4,five,8,6
4,five,8,5
4,five,8,3
4,five,8,5
4,five,8,5
4,five,8,4
4,five,8,6
4,five,8,6
4,five,8,5
4,five,8,5
4,five,8,3
4,five,8,4
4,five,8,6
4,five,16,6
4,five,16,8
4,five,16,7
4,five,16,7
4,five,16,6
4,five,16,7
4,five,16,7
4,five,16,7
4,five,16,6
4,five,16,6
4,five,16,7
4,five,16,8
4,five,16,7
4,five,16,7
4,five,16,8
4,five,16,9
4,five,16,10
4,five,16,8
4,five,16,9
4,five,16,8
4,five,16,6
4,five,16,9
4,five,16,9
4,five,16,9
4,five,16,9
4,five,16,6
4,five,16,8
4,five,16,7
4,five,16,8
4,five,16,5
4,five,16,7
4,five,16,7
4,five,16,9
4,five,16,10
4,five,16,7
4,five,16,7
4,five,16,9
4,five,16,10
4,five,16,7
4,five,16,8
4,five,16,8
4,five,16,7
4,five,16,8
4,five,16,8
4,five,16,9
4,five,16,9
4,five,16,7
4,five,16,7
4,five,16,7
4,five,16,8
4,five,16,11
4,five,16,9
4,five,16,9
4,five,16,8
4,five,16,10
4,five,16,8
4,five,16,7
4,five,16,7
4,five,16,9
4,five,16,7
4,five,16,7
4,five,16,10
4,five,16,8
4,five,16,10
4,five,16,6
4,five,16,10
4,five,16,10
4,five,16,8
4,five,16,9
4,five,16,9
4,five,16,6
4,five,16,7
4,five,16,6
4,five,16,5
4,five,16,9
4,five,16,7
4,five,16,8
4,five,16,8
4,five,16,8
4,five,16,9
4,five,16,7
4,five,16,8
4,five,16,10
4,five,16,6
4,five,16,7
4,five,16,6
4,five,16,10
4,five,16,7
4,five,16,8
4,five,16,6
4,five,16,8
4,five,16,6
4,five,16,9
4,five,16,9
4,five,16,8
4,five,16,10
4,five,16,8
4,five,16,9
4,five,16,6
4,five,16,8
4,five,32,12
4,five,32,13
4,five,32,11
4,five,32,12
4,five,32,9
4,five,32,10
4,five,32,12
4,five,32,13
4,five,32,12
4,five,32,14
4,five,32,11
4,five,32,9
4,five,32,13
4,five,32,13
4,five,32,12
4,five,32,10
4,five,32,14
4,five,32,12
4,five,32,11
4,five,32,12
4,five,32,12
4,five,32,10
4,five,32,9
4,five,32,11
4,five,32,9
4,five,32,10
4,five,32,14
4,five,32,10
4,five,32,9
4,five,32,11
4,five,32,10
4,five,32,11
4,five,32,9
4,five,32,12
4,five,32,10
4,five,32,10
4,five,32,13
4,five,32,10
4,five,32,12
4,five,32,10
4,five,32,10
4,five,32,10
4,five,32,13
4,five,32,11
4,five,32,11
4,five,32,13
4,five,32,12
4,five,32,8
4,five,32,13
4,five,32,12
4,five,32,11
4,five,32,11
4,five,32,14
4,five,32,11
4,five,32,10
4,five,32,13
4,five,32,11
4,five,32,12
4,five,32,12
4,five,32,9
4,five,32,11
4,five,32,11
4,five,32,13
4,five,32,11
4,five,32,12
4,five,32,11
4,five,32,11
4,five,32,9
4,five,32,13
4,five,32,10
4,five,32,12
4,five,32,12
4,five,32,9
4,five,32,12
4,five,32,13
4,five,32,13
4,five,32,12
4,five,32,11
4,five,32,11
4,five,32,11
4,five,32,11
4,five,32,9
4,five,32,9
4,five,32,13
4,five,32,6
4,five,32,10
4,five,32,11
4,five,32,12
4,five,32,13
4,five,32,12
4,five,32,11
4,five,32,8
4,five,32,10
4,five,32,12
4,five,32,12
4,five,32,13
4,five,32,10
4,five,32,11
4,five,32,12
4,five,32,9
4,five,64,12
4,five,64,16
4,five,64,17
4,five,64,14
4,five,64,13
4,five,64,19
4,five,64,17
4,five,64,13
4,five,64,13
4,five,64,12
4,five,64,15
4,five,64,10
4,five,64,18
4,five,64,13
4,five,64,15
4,five,64,12
4,five,64,13
4,five,64,16
4,five,64,11
4,five,64,14
4,five,64,12
4,five,64,15
4,five,64,14
4,five,64,14
4,five,64,16
4,five,64,13
4,five,64,16
4,five,64,14
4,five,64,17
4,five,64,13
4,five,64,13
4,five,64,15
4,five,64,14
4,five,64,15
4,five,64,16
4,five,64,17
4,five,64,17
4,five,64,14
4,five,64,13
4,five,64,15
4,five,64,16
4,five,64,14
4,five,64,16
4,five,64,13
4,five,64,13
4,five,64,14
4,five,64,15
4,five,64,16
4,five,64,15
4,five,64,18
4,five,64,14
4,five,64,19
4,five,64,14
4,five,64,15
4,five,64,14
4,five,64,17
4,five,64,13
4,five,64,15
4,five,64,16
4,five,64,18
4,five,64,16
4,five,64,16
4,five,64,15
4,five,64,13
4,five,64,17
4,five,64,16
4,five,64,14
4,five,64,12
4,five,64,14
4,five,64,13
4,five,64,14
4,five,64,13
4,five,64,11
4,five,64,16
4,five,64,14
4,five,64,12
4,five,64,13
4,five,64,15
4,five,64,16
4,five,64,17
4,five,64,15
4,five,64,15
4,five,64,14
4,five,64,12
4,five,64,17
4,five,64,13
4,five,64,13
4,five,64,14
4,five,64,14
4,five,64,14
4,five,64,14
4,five,64,14
4,five,64,15
4,five,64,16
4,five,64,14
4,five,64,16
4,five,64,19
4,five,64,11
4,five,64,14
4,five,64,15
4,five,128,16
4,five,128,18
4,five,128,16
4,five,128,19
4,five,128,17
4,five,128,17
4,five,128,14
4,five,128,16
4,five,128,18
4,five,128,15
4,five,128,16
4,five,128,18
4,five,128,20
4,five,128,17
4,five,128,17
4,five,128,19
4,five,128,19
4,five,128,16
4,five,128,16
4,five,128,16
4,five,128,18
4,five,128,16
4,five,128,18
4,five,128,18
4,five,128,17
4,five,128,20
4,five,128,18
4,five,128,16
4,five,128,19
4,five,128,19
4,five,128,17
4,five,128,15
4,five,128,18
4,five,128,17
4,five,128,18
4,five,128,18
4,five,128,14
4,five,128,20
4,five,128,18
4,five,128,20
4,five,128,16
4,five,128,17
4,five,128,18
4,five,128,18
4,five,128,18
4,five,128,17
4,five,128,17
4,five,128,21
4,five,128,20
4,five,128,14
4,five,128,18
4,five,128,17
4,five,128,18
4,five,128,16
4,five,128,19
4,five,128,16
4,five,128,19
4,five,128,19
4,five,128,17
4,five,128,15
4,five,128,16
4,five,128,15
4,five,128,16
4,five,128,17
4,five,128,20
4,five,128,17
4,five,128,19
4,five,128,19
4,five,128,15
4,five,128,17
4,five,128,15
4,five,128,15
4,five,128,17
4,five,128,20
4,five,128,19
4,five,128,17
4,five,128,16
4,five,128,17
4,five,128,18
4,five,128,20
4,five,128,17
4,five,128,17
4,five,128,19
4,five,128,18
4,five,128,20
4,five,128,15
4,five,128,16
4,five,128,17
4,five,128,18
4,five,128,18
4,five,128,18
4,five,128,16
4,five,128,17
4,five,128,18
4,five,128,14
4,five,128,17
4,five,128,17
4,five,128,18
4,five,128,15
4,five,128,20
5,fifteen,2,2
5,fifteen,2,2
5,fifteen,2,2
5,fifteen,2,2
5,fifteen,2,2
5,fifteen,2,2
5,fifteen,2,2
5,fifteen,2,2
5,fifteen,2,2
5,fifteen,2,2
5,fifteen,2,2
5,fifteen,2,2
5,fifteen,2,2
5,fifteen,2,2
5,fifteen,2,2
5,fifteen,2,2
5,fifteen,2,2
5,fifteen,2,2
5,fifteen,2,2
5,fifteen,2,2
5,fifteen,2,2
5,fifteen,2,1
5,fifteen,2,2
5,fifteen,2,2
5,fifteen,2,2
5,fifteen,2,2
5,fifteen,2,2
5,fifteen,2,2
5,fifteen,2,2
5,fifteen,2,2
5,fifteen,2,2
5,fifteen,2,2
5,fifteen,2,1
5,fifteen,2,2
5,fifteen,2,2
5,fifteen,2,2
5,fifteen,2,2
5,fifteen,2,1
5,fifteen,2,2
5,fifteen,2,2
5,fifteen,2,2
5,fifteen,2,2
5,fifteen,2,2
5,fifteen,2,1
5,fifteen,2,2
5,fifteen,2,2
5,fifteen,2,2
5,fifteen,2,2
5,fifteen,2,2
5,fifteen,2,2
5,fifteen,2,2
5,fifteen,2,2
5,fifteen,2,2
5,fifteen,2,2
5,fifteen,2,2
5,fifteen,2,2
5,fifteen,2,2
5,fifteen,2,2
5,fifteen,2,2
5,fifteen,2,2
5,fifteen,2,2
5,fifteen,2,1
5,fifteen,2,2
5,fifteen,2,2
5,fifteen,2,2
5,fifteen,2,1
5,fifteen,2,2
5,fifteen,2,2
5,fifteen,2,2
5,fifteen,2,2
5,fifteen,2,2
5,fifteen,2,2
5,fifteen,2,2
5,fifteen,2,1
5,fifteen,2,2
5,fifteen,2,1
5,fifteen,2,2
5,fifteen,2,2
5,fifteen,2,2
5,fifteen,2,2
5,fifteen,2,2
5,fifteen,2,2
5,fifteen,2,2
5,fifteen,2,2
5,fifteen,2,2
5,fifteen,2,2
5,fifteen,2,2
5,fifteen,2,2
5,fifteen,2,1
5,fifteen,2,2
5,fifteen,2,2
5,fifteen,2,1
5,fifteen,2,2
5,fifteen,2,2
5,fifteen,2,2
5,fifteen,2,2
5,fifteen,2,2
5,fifteen,2,2
5,fifteen,2,1
5,fifteen,2,2
5,fifteen,4,2
5,fifteen,4,4
5,fifteen,4,2
5,fifteen,4,2
5,fifteen,4,2
5,fifteen,4,4
5,fifteen,4,4
5,fifteen,4,4
5,fifteen,4,3
5,fifteen,4,4
5,fifteen,4,3
5,fifteen,4,2
5,fifteen,4,4
5,fifteen,4,3
5,fifteen,4,4
5,fifteen,4,3
5,fifteen,4,3
5,fifteen,4,4
5,fifteen,4,4
5,fifteen,4,4
5,fifteen,4,3
5,fifteen,4,4
5,fifteen,4,3
5,fifteen,4,4
5,fifteen,4,3
5,fifteen,4,3
5,fifteen,4,3
5,fifteen,4,3
5,fifteen,4,4
5,fifteen,4,3
5,fifteen,4,4
5,fifteen,4,4
5,fifteen,4,3
5,fifteen,4,3
5,fifteen,4,4
5,fifteen,4,1
5,fifteen,4,3
5,fifteen,4,4
5,fifteen,4,3
5,fifteen,4,3
5,fifteen,4,4
5,fifteen,4,3
5,fifteen,4,4
5,fifteen,4,4
5,fifteen,4,2
5,fifteen,4,3
5,fifteen,4,4
5,fifteen,4,2
5,fifteen,4,4
5,fifteen,4,2
5,fifteen,4,4
5,fifteen,4,4
5,fifteen,4,3
5,fifteen,4,4
5,fifteen,4,3
5,fifteen,4,4
5,fifteen,4,4
5,fifteen,4,4
5,fifteen,4,3
5,fifteen,4,4
5,fifteen,4,3
5,fifteen,4,3
5,fifteen,4,2
5,fifteen,4,3
5,fifteen,4,4
5,fifteen,4,2
5,fifteen,4,3
5,fifteen,4,4
5,fifteen,4,4
5,fifteen,4,4
5,fifteen,4,4
5,fifteen,4,4
5,fifteen,4,3
5,fifteen,4,4
5,fifteen,4,3
5,fifteen,4,4
5,fifteen,4,4
5,fifteen,4,2
5,fifteen,4,4
5,fifteen,4,4
5,fifteen,4,3
5,fifteen,4,2
5,fifteen,4,4
5,fifteen,4,3
5,fifteen,4,3
5,fifteen,4,3
5,fifteen,4,4
5,fifteen,4,3
5,fifteen,4,4
5,fifteen,4,3
5,fifteen,4,4
5,fifteen,4,3
5,fifteen,4,3
5,fifteen,4,3
5,fifteen,4,3
5,fifteen,4,4
5,fifteen,4,3
5,fifteen,4,3
5,fifteen,4,4
5,fifteen,4,4
5,fifteen,8,6
5,fifteen,8,6
5,fifteen,8,6
5,fifteen,8,7
5,fifteen,8,6
5,fifteen,8,5
5,fifteen,8,8
5,fifteen,8,7
5,fifteen,8,5
5,fifteen,8,5
5,fifteen,8,4
5,fifteen,8,8
5,fifteen,8,6
5,fifteen,8,5
5,fifteen,8,6
5,fifteen,8,7
5,fifteen,8,5
5,fifteen,8,7
5,fifteen,8,7
5,fifteen,8,6
5,fifteen,8,6
5,fifteen,8,6
5,fifteen,8,3
5,fifteen,8,6
5,fifteen,8,6
5,fifteen,8,5
5,fifteen,8,7
5,fifteen,8,7
5,fifteen,8,4
5,fifteen,8,6
5,fifteen,8,7
5,fifteen,8,4
5,fifteen,8,5
5,fifteen,8,5
5,fifteen,8,6
5,fifteen,8,7
5,fifteen,8,6
5,fifteen,8,4
5,fifteen,8,5
5,fifteen,8,6
5,fifteen,8,5
5,fifteen,8,3
5,fifteen,8,5
5,fifteen,8,7
5,fifteen,8,6
5,fifteen,8,8
5,fifteen,8,6
5,fifteen,8,6
5,fifteen,8,4
5,fifteen,8,5
5,fifteen,8,5
5,fifteen,8,7
5,fifteen,8,7
5,fifteen,8,6
5,fifteen,8,5
5,fifteen,8,8
5,fifteen,8,5
5,fifteen,8,7
5,fifteen,8,5
5,fifteen,8,5
5,fifteen,8,7
5,fifteen,8,7
5,fifteen,8,4
5,fifteen,8,4
5,fifteen,8,6
5,fifteen,8,6
5,fifteen,8,7
5,fifteen,8,5
5,fifteen,8,7
5,fifteen,8,8
5,fifteen,8,5
5,fifteen,8,6
5,fifteen,8,5
5,fifteen,8,6
5,fifteen,8,5
5,fifteen,8,7
5,fifteen,8,6
5,fifteen,8,5
5,fifteen,8,7
5,fifteen,8,7
5,fifteen,8,6
5,fifteen,8,8
5,fifteen,8,6
5,fifteen,8,5
5,fifteen,8,7
5,fifteen,8,8
5,fifteen,8,7
5,fifteen,8,8
5,fifteen,8,7
5,fifteen,8,4
5,fifteen,8,5
5,fifteen,8,7
5,fifteen,8,5
5,fifteen,8,4
5,fifteen,8,6
5,fifteen,8,6
5,fifteen,8,7
5,fifteen,8,4
5,fifteen,8,6
5,fifteen,8,6
5,fifteen,16,9
5,fifteen,16,10
5,fifteen,16,11
5,fifteen,16,10
5,fifteen,16,6
5,fifteen,16,9
5,fifteen,16,9
5,fifteen,16,9
5,fifteen,16,8
5,fifteen,16,11
5,fifteen,16,11
5,fifteen,16,11
5,fifteen,16,8
5,fifteen,16,10
5,fifteen,16,11
5,fifteen,16,12
5,fifteen,16,13
5,fifteen,16,11
5,fifteen,16,12
5,fifteen,16,10
5,fifteen,16,10
5,fifteen,16,10
5,fifteen,16,9
5,fifteen,16,10
5,fifteen,16,10
5,fifteen,16,8
5,fifteen,16,11
5,fifteen,16,10
5,fifteen,16,11
5,fifteen,16,9
5,fifteen,16,9
5,fifteen,16,10
5,fifteen,16,10
5,fifteen,16,9
5,fifteen,16,11
5,fifteen,16,12
5,fifteen,16,10
5,fifteen,16,8
5,fifteen,16,8
5,fifteen,16,8
5,fifteen,16,11
5,fifteen,16,8
5,fifteen,16,11
5,fifteen,16,9
5,fifteen,16,11
5,fifteen,16,9
5,fifteen,16,11
5,fifteen,16,9
5,fifteen,16,10
5,fifteen,16,9
5,fifteen,16,11
5,fifteen,16,9
5,fifteen,16,10
5,fifteen,16,11
5,fifteen,16,12
5,fifteen,16,7
5,fifteen,16,10
5,fifteen,16,11
5,fifteen,16,6
5,fifteen,16,9
5,fifteen,16,10
5,fifteen,16,9
5,fifteen,16,10
5,fifteen,16,11
5,fifteen,16,12
5,fifteen,16,8
5,fifteen,16,9
5,fifteen,16,10
5,fifteen,16,10
5,fifteen,16,10
5,fifteen,16,12
5,fifteen,16,9
5,fifteen,16,8
5,fifteen,16,8
5,fifteen,16,12
5,fifteen,16,12
5,fifteen,16,9
5,fifteen,16,8
5,fifteen,16,11
5,fifteen,16,8
5,fifteen,16,9
5,fifteen,16,11
5,fifteen,16,9
5,fifteen,16,12
5,fifteen,16,8
5,fifteen,16,8
5,fifteen,16,10
5,fifteen,16,12
5,fifteen,16,9
5,fifteen,16,9
5,fifteen,16,11
5,fifteen,16,13
5,fifteen,16,12
5,fifteen,16,9
5,fifteen,16,11
5,fifteen,16,7
5,fifteen,16,9
5,fifteen,16,10
5,fifteen,16,10
5,fifteen,16,9
5,fifteen,32,14
5,fifteen,32,15
5,fifteen,32,13
5,fifteen,32,17
5,fifteen,32,16
5,fifteen,32,14
5,fifteen,32,15
5,fifteen,32,17
5,fifteen,32,18
5,fifteen,32,18
5,fifteen,32,16
5,fifteen,32,15
5,fifteen,32,17
5,fifteen,32,18
5,fifteen,32,16
5,fifteen,32,17
5,fifteen,32,20
5,fifteen,32,14
5,fifteen,32,15
5,fifteen,32,17
5,fifteen,32,16
5,fifteen,32,18
5,fifteen,32,15
5,fifteen,32,15
5,fifteen,32,16
5,fifteen,32,13
5,fifteen,32,12
5,fifteen,32,16
5,fifteen,32,15
5,fifteen,32,16
5,fifteen,32,13
5,fifteen,32,13
5,fifteen,32,17
5,fifteen,32,18
5,fifteen,32,16
5,fifteen,32,17
5,fifteen,32,17
5,fifteen,32,13
5,fifteen,32,16
5,fifteen,32,14
5,fifteen,32,15
5,fifteen,32,19
5,fifteen,32,14
5,fifteen,32,15
5,fifteen,32,13
5,fifteen,32,15
5,fifteen,32,17
5,fifteen,32,13
5,fifteen,32,18
5,fifteen,32,17
5,fifteen,32,17
5,fifteen,32,16
5,fifteen,32,17
5,fifteen,32,16
5,fifteen,32,17
5,fifteen,32,14
5,fifteen,32,16
5,fifteen,32,13
5,fifteen,32,13
5,fifteen,32,18
5,fifteen,32,15
5,fifteen,32,14
5,fifteen,32,15
5,fifteen,32,15
5,fifteen,32,17
5,fifteen,32,18
5,fifteen,32,16
5,fifteen,32,16
5,fifteen,32,16
5,fifteen,32,15
5,fifteen,32,14
5,fifteen,32,17
5,fifteen,32,20
5,fifteen,32,15
5,fifteen,32,13
5,fifteen,32,14
5,fifteen,32,20
5,fifteen,32,16
5,fifteen,32,14
5,fifteen,32,16
5,fifteen,32,15
5,fifteen,32,16
5,fifteen,32,15
5,fifteen,32,17
5,fifteen,32,17
5,fifteen,32,14
5,fifteen,32,16
5,fifteen,32,17
5,fifteen,32,14
5,fifteen,32,12
5,fifteen,32,14
5,fifteen,32,15
5,fifteen,32,16
5,fifteen,32,18
5,fifteen,32,14
5,fifteen,32,15
5,fifteen,32,17
5,fifteen,32,14
5,fifteen,32,15
5,fifteen,32,14
5,fifteen,64,25
5,fifteen,64,27
5,fifteen,64,24
5,fifteen,64,21
5,fifteen,64,27
5,fifteen,64,27
5,fifteen,64,21
5,fifteen,64,23
5,fifteen,64,29
5,fifteen,64,19
5,fifteen,64,23
5,fifteen,64,23
5,fifteen,64,26
5,fifteen,64,23
5,fifteen,64,24
5,fifteen,64,22
5,fifteen,64,21
5,fifteen,64,23
5,fifteen,64,23
5,fifteen,64,22
5,fifteen,64,24
5,fifteen,64,21
5,fifteen,64,25
5,fifteen,64,21
5,fifteen,64,26
5,fifteen,64,24
5,fifteen,64,20
5,fifteen,64,22
5,fifteen,64,24
5,fifteen,64,24
5,fifteen,64,16
5,fifteen,64,26
5,fifteen,64,24
5,fifteen,64,23
5,fifteen,64,28
5,fifteen,64,22
5,fifteen,64,24
5,fifteen,64,22
5,fifteen,64,27
5,fifteen,64,23
5,fifteen,64,20
5,fifteen,64,26
5,fifteen,64,18
5,fifteen,64,27
5,fifteen,64,23
5,fifteen,64,24
5,fifteen,64,23
5,fifteen,64,23
5,fifteen,64,23
5,fifteen,64,23
5,fifteen,64,22
5,fifteen,64,19
5,fifteen,64,28
5,fifteen,64,25
5,fifteen,64,26
5,fifteen,64,19
5,fifteen,64,24
5,fifteen,64,24
5,fifteen,64,21
5,fifteen,64,24
5,fifteen,64,23
5,fifteen,64,23
5,fifteen,64,21
5,fifteen,64,22
5,fifteen,64,21
5,fifteen,64,27
5,fifteen,64,26
5,fifteen,64,21
5,fifteen,64,27
5,fifteen,64,21
5,fifteen,64,23
5,fifteen,64,24
5,fifteen,64,22
5,fifteen,64,21
5,fifteen,64,22
5,fifteen,64,30
5,fifteen,64,25
5,fifteen,64,26
5,fifteen,64,25
5,fifteen,64,26
5,fifteen,64,19
5,fifteen,64,25
5,fifteen,64,25
5,fifteen,64,19
5,fifteen,64,29
5,fifteen,64,21
5,fifteen,64,25
5,fifteen,64,27
5,fifteen,64,22
5,fifteen,64,25
5,fifteen,64,22
5,fifteen,64,17
5,fifteen,64,21
5,fifteen,64,23
5,fifteen,64,19
5,fifteen,64,25
5,fifteen,64,25
5,fifteen,64,19
5,fifteen,64,29
5,fifteen,64,26
5,fifteen,128,34
5,fifteen,128,34
5,fifteen,128,30
5,fifteen,128,28
5,fifteen,128,28
5,fifteen,128,31
5,fifteen,128,35
5,fifteen,128,33
5,fifteen,128,29
5,fifteen,128,33
5,fifteen,128,33
5,fifteen,128,30
5,fifteen,128,32
5,fifteen,128,32
5,fifteen,128,34
5,fifteen,128,30
5,fifteen,128,29
5,fifteen,128,29
5,fifteen,128,35
5,fifteen,128,33
5,fifteen,128,30
5,fifteen,128,31
5,fifteen,128,28
5,fifteen,128,34
5,fifteen,128,30
5,fifteen,128,30
5,fifteen,128,31
5,fifteen,128,31
5,fifteen,128,27
5,fifteen,128,36
5,fifteen,128,30
5,fifteen,128,33
5,fifteen,128,33
5,fifteen,128,28
5,fifteen,128,33
5,fifteen,128,29
5,fifteen,128,32
5,fifteen,128,32
5,fifteen,128,38
5,fifteen,128,38
5,fifteen,128,33
5,fifteen,128,31
5,fifteen,128,31
5,fifteen,128,27
5,fifteen,128,34
5,fifteen,128,31
5,fifteen,128,32
5,fifteen,128,30
5,fifteen,128,30
5,fifteen,128,32
5,fifteen,128,29
5,fifteen,128,35
5,fifteen,128,37
5,fifteen,128,30
5,fifteen,128,31
5,fifteen,128,33
5,fifteen,128,31
5,fifteen,128,30
5,fifteen,128,28
5,fifteen,128,29
5,fifteen,128,34
5,fifteen,128,34
5,fifteen,128,35
5,fifteen,128,33
5,fifteen,128,30
5,fifteen,128,34
5,fifteen,128,32
5,fifteen,128,34
5,fifteen,128,31
5,fifteen,128,33
5,fifteen,128,35
5,fifteen,128,36
5,fifteen,128,31
5,fifteen,128,34
5,fifteen,128,28
5,fifteen,128,34
5,fifteen,128,32
5,fifteen,128,35
5,fifteen,128,34
5,fifteen,128,28
5,fifteen,128,32
5,fifteen,128,32
5,fifteen,128,33
5,fifteen,128,31
5,fifteen,128,31
5,fifteen,128,32
5,fifteen,128,32
5,fifteen,128,36
5,fifteen,128,33
5,fifteen,128,33
5,fifteen,128,31
5,fifteen,128,33
5,fifteen,128,27
5,fifteen,128,28
5,fifteen,128,30
5,fifteen,128,32
5,fifteen,128,32
5,fifteen,128,34
5,fifteen,128,31
5,fifteen,128,33
