Pop,Theta,Growth,samplingSize,n.seg.sites
1,two,yes,2,1
1,two,yes,2,1
1,two,yes,2,0
1,two,yes,2,0
1,two,yes,2,1
1,two,yes,2,1
1,two,yes,2,1
1,two,yes,2,0
1,two,yes,2,1
1,two,yes,2,2
1,two,yes,2,3
1,two,yes,2,0
1,two,yes,2,2
1,two,yes,2,0
1,two,yes,2,1
1,two,yes,2,0
1,two,yes,2,0
1,two,yes,2,1
1,two,yes,2,0
1,two,yes,2,0
1,two,yes,2,0
1,two,yes,2,1
1,two,yes,2,1
1,two,yes,2,2
1,two,yes,2,0
1,two,yes,2,0
1,two,yes,2,4
1,two,yes,2,3
1,two,yes,2,1
1,two,yes,2,1
1,two,yes,2,1
1,two,yes,2,0
1,two,yes,2,1
1,two,yes,2,1
1,two,yes,2,1
1,two,yes,2,1
1,two,yes,2,0
1,two,yes,2,0
1,two,yes,2,0
1,two,yes,2,1
1,two,yes,2,2
1,two,yes,2,1
1,two,yes,2,0
1,two,yes,2,1
1,two,yes,2,0
1,two,yes,2,2
1,two,yes,2,0
1,two,yes,2,3
1,two,yes,2,0
1,two,yes,2,1
1,two,yes,2,1
1,two,yes,2,0
1,two,yes,2,0
1,two,yes,2,1
1,two,yes,2,1
1,two,yes,2,1
1,two,yes,2,1
1,two,yes,2,1
1,two,yes,2,0
1,two,yes,2,0
1,two,yes,2,0
1,two,yes,2,0
1,two,yes,2,3
1,two,yes,2,1
1,two,yes,2,1
1,two,yes,2,0
1,two,yes,2,1
1,two,yes,2,1
1,two,yes,2,0
1,two,yes,2,2
1,two,yes,2,0
1,two,yes,2,0
1,two,yes,2,0
1,two,yes,2,0
1,two,yes,2,0
1,two,yes,2,1
1,two,yes,2,1
1,two,yes,2,1
1,two,yes,2,2
1,two,yes,2,0
1,two,yes,2,1
1,two,yes,2,2
1,two,yes,2,0
1,two,yes,2,0
1,two,yes,2,0
1,two,yes,2,1
1,two,yes,2,0
1,two,yes,2,1
1,two,yes,2,1
1,two,yes,2,0
1,two,yes,2,0
1,two,yes,2,3
1,two,yes,2,1
1,two,yes,2,0
1,two,yes,2,1
1,two,yes,2,0
1,two,yes,2,1
1,two,yes,2,2
1,two,yes,2,1
1,two,yes,2,1
1,two,yes,4,0
1,two,yes,4,2
1,two,yes,4,2
1,two,yes,4,1
1,two,yes,4,1
1,two,yes,4,1
1,two,yes,4,0
1,two,yes,4,0
1,two,yes,4,1
1,two,yes,4,1
1,two,yes,4,1
1,two,yes,4,0
1,two,yes,4,0
1,two,yes,4,1
1,two,yes,4,1
1,two,yes,4,0
1,two,yes,4,1
1,two,yes,4,0
1,two,yes,4,1
1,two,yes,4,1
1,two,yes,4,2
1,two,yes,4,1
1,two,yes,4,1
1,two,yes,4,2
1,two,yes,4,0
1,two,yes,4,0
1,two,yes,4,2
1,two,yes,4,1
1,two,yes,4,1
1,two,yes,4,1
1,two,yes,4,1
1,two,yes,4,0
1,two,yes,4,2
1,two,yes,4,1
1,two,yes,4,2
1,two,yes,4,3
1,two,yes,4,1
1,two,yes,4,0
1,two,yes,4,3
1,two,yes,4,3
1,two,yes,4,0
1,two,yes,4,2
1,two,yes,4,1
1,two,yes,4,1
1,two,yes,4,1
1,two,yes,4,0
1,two,yes,4,1
1,two,yes,4,1
1,two,yes,4,0
1,two,yes,4,1
1,two,yes,4,2
1,two,yes,4,2
1,two,yes,4,0
1,two,yes,4,0
1,two,yes,4,1
1,two,yes,4,3
1,two,yes,4,0
1,two,yes,4,1
1,two,yes,4,1
1,two,yes,4,1
1,two,yes,4,1
1,two,yes,4,1
1,two,yes,4,1
1,two,yes,4,2
1,two,yes,4,1
1,two,yes,4,2
1,two,yes,4,2
1,two,yes,4,2
1,two,yes,4,0
1,two,yes,4,2
1,two,yes,4,4
1,two,yes,4,2
1,two,yes,4,1
1,two,yes,4,2
1,two,yes,4,4
1,two,yes,4,2
1,two,yes,4,1
1,two,yes,4,2
1,two,yes,4,0
1,two,yes,4,0
1,two,yes,4,2
1,two,yes,4,1
1,two,yes,4,3
1,two,yes,4,1
1,two,yes,4,1
1,two,yes,4,0
1,two,yes,4,1
1,two,yes,4,3
1,two,yes,4,1
1,two,yes,4,2
1,two,yes,4,0
1,two,yes,4,1
1,two,yes,4,2
1,two,yes,4,2
1,two,yes,4,2
1,two,yes,4,0
1,two,yes,4,2
1,two,yes,4,1
1,two,yes,4,1
1,two,yes,4,2
1,two,yes,8,2
1,two,yes,8,2
1,two,yes,8,5
1,two,yes,8,3
1,two,yes,8,2
1,two,yes,8,3
1,two,yes,8,2
1,two,yes,8,3
1,two,yes,8,3
1,two,yes,8,2
1,two,yes,8,1
1,two,yes,8,4
1,two,yes,8,3
1,two,yes,8,4
1,two,yes,8,3
1,two,yes,8,4
1,two,yes,8,1
1,two,yes,8,3
1,two,yes,8,3
1,two,yes,8,1
1,two,yes,8,1
1,two,yes,8,2
1,two,yes,8,3
1,two,yes,8,3
1,two,yes,8,3
1,two,yes,8,4
1,two,yes,8,3
1,two,yes,8,2
1,two,yes,8,2
1,two,yes,8,5
1,two,yes,8,3
1,two,yes,8,1
1,two,yes,8,2
1,two,yes,8,2
1,two,yes,8,2
1,two,yes,8,5
1,two,yes,8,2
1,two,yes,8,2
1,two,yes,8,3
1,two,yes,8,3
1,two,yes,8,1
1,two,yes,8,2
1,two,yes,8,3
1,two,yes,8,4
1,two,yes,8,3
1,two,yes,8,2
1,two,yes,8,1
1,two,yes,8,4
1,two,yes,8,3
1,two,yes,8,2
1,two,yes,8,2
1,two,yes,8,0
1,two,yes,8,2
1,two,yes,8,1
1,two,yes,8,2
1,two,yes,8,1
1,two,yes,8,2
1,two,yes,8,2
1,two,yes,8,2
1,two,yes,8,2
1,two,yes,8,1
1,two,yes,8,1
1,two,yes,8,5
1,two,yes,8,1
1,two,yes,8,1
1,two,yes,8,1
1,two,yes,8,2
1,two,yes,8,3
1,two,yes,8,4
1,two,yes,8,2
1,two,yes,8,1
1,two,yes,8,4
1,two,yes,8,4
1,two,yes,8,4
1,two,yes,8,2
1,two,yes,8,3
1,two,yes,8,1
1,two,yes,8,2
1,two,yes,8,2
1,two,yes,8,1
1,two,yes,8,3
1,two,yes,8,1
1,two,yes,8,3
1,two,yes,8,2
1,two,yes,8,2
1,two,yes,8,4
1,two,yes,8,2
1,two,yes,8,1
1,two,yes,8,2
1,two,yes,8,4
1,two,yes,8,2
1,two,yes,8,4
1,two,yes,8,5
1,two,yes,8,1
1,two,yes,8,2
1,two,yes,8,2
1,two,yes,8,3
1,two,yes,8,2
1,two,yes,8,2
1,two,yes,8,4
1,two,yes,16,5
1,two,yes,16,3
1,two,yes,16,5
1,two,yes,16,3
1,two,yes,16,3
1,two,yes,16,4
1,two,yes,16,4
1,two,yes,16,5
1,two,yes,16,5
1,two,yes,16,4
1,two,yes,16,4
1,two,yes,16,4
1,two,yes,16,6
1,two,yes,16,6
1,two,yes,16,3
1,two,yes,16,2
1,two,yes,16,4
1,two,yes,16,3
1,two,yes,16,5
1,two,yes,16,5
1,two,yes,16,5
1,two,yes,16,5
1,two,yes,16,4
1,two,yes,16,3
1,two,yes,16,4
1,two,yes,16,4
1,two,yes,16,3
1,two,yes,16,1
1,two,yes,16,3
1,two,yes,16,3
1,two,yes,16,4
1,two,yes,16,3
1,two,yes,16,4
1,two,yes,16,5
1,two,yes,16,2
1,two,yes,16,5
1,two,yes,16,2
1,two,yes,16,3
1,two,yes,16,4
1,two,yes,16,4
1,two,yes,16,4
1,two,yes,16,7
1,two,yes,16,4
1,two,yes,16,5
1,two,yes,16,1
1,two,yes,16,4
1,two,yes,16,4
1,two,yes,16,5
1,two,yes,16,4
1,two,yes,16,4
1,two,yes,16,3
1,two,yes,16,2
1,two,yes,16,4
1,two,yes,16,4
1,two,yes,16,5
1,two,yes,16,4
1,two,yes,16,5
1,two,yes,16,4
1,two,yes,16,2
1,two,yes,16,2
1,two,yes,16,3
1,two,yes,16,3
1,two,yes,16,3
1,two,yes,16,3
1,two,yes,16,4
1,two,yes,16,3
1,two,yes,16,3
1,two,yes,16,3
1,two,yes,16,5
1,two,yes,16,5
1,two,yes,16,3
1,two,yes,16,2
1,two,yes,16,3
1,two,yes,16,2
1,two,yes,16,4
1,two,yes,16,2
1,two,yes,16,4
1,two,yes,16,5
1,two,yes,16,2
1,two,yes,16,5
1,two,yes,16,2
1,two,yes,16,5
1,two,yes,16,3
1,two,yes,16,5
1,two,yes,16,3
1,two,yes,16,2
1,two,yes,16,3
1,two,yes,16,1
1,two,yes,16,4
1,two,yes,16,3
1,two,yes,16,2
1,two,yes,16,3
1,two,yes,16,3
1,two,yes,16,3
1,two,yes,16,5
1,two,yes,16,4
1,two,yes,16,2
1,two,yes,16,5
1,two,yes,16,2
1,two,yes,16,2
1,two,yes,32,5
1,two,yes,32,5
1,two,yes,32,5
1,two,yes,32,3
1,two,yes,32,5
1,two,yes,32,5
1,two,yes,32,5
1,two,yes,32,2
1,two,yes,32,3
1,two,yes,32,6
1,two,yes,32,5
1,two,yes,32,6
1,two,yes,32,3
1,two,yes,32,4
1,two,yes,32,5
1,two,yes,32,3
1,two,yes,32,5
1,two,yes,32,5
1,two,yes,32,5
1,two,yes,32,5
1,two,yes,32,4
1,two,yes,32,5
1,two,yes,32,5
1,two,yes,32,5
1,two,yes,32,5
1,two,yes,32,5
1,two,yes,32,4
1,two,yes,32,5
1,two,yes,32,8
1,two,yes,32,4
1,two,yes,32,3
1,two,yes,32,7
1,two,yes,32,4
1,two,yes,32,5
1,two,yes,32,6
1,two,yes,32,4
1,two,yes,32,6
1,two,yes,32,5
1,two,yes,32,3
1,two,yes,32,7
1,two,yes,32,7
1,two,yes,32,5
1,two,yes,32,6
1,two,yes,32,8
1,two,yes,32,4
1,two,yes,32,5
1,two,yes,32,3
1,two,yes,32,3
1,two,yes,32,6
1,two,yes,32,5
1,two,yes,32,4
1,two,yes,32,2
1,two,yes,32,6
1,two,yes,32,3
1,two,yes,32,6
1,two,yes,32,5
1,two,yes,32,3
1,two,yes,32,6
1,two,yes,32,3
1,two,yes,32,7
1,two,yes,32,5
1,two,yes,32,5
1,two,yes,32,6
1,two,yes,32,3
1,two,yes,32,5
1,two,yes,32,3
1,two,yes,32,7
1,two,yes,32,5
1,two,yes,32,5
1,two,yes,32,3
1,two,yes,32,6
1,two,yes,32,6
1,two,yes,32,5
1,two,yes,32,5
1,two,yes,32,4
1,two,yes,32,7
1,two,yes,32,4
1,two,yes,32,6
1,two,yes,32,3
1,two,yes,32,3
1,two,yes,32,5
1,two,yes,32,5
1,two,yes,32,5
1,two,yes,32,5
1,two,yes,32,2
1,two,yes,32,6
1,two,yes,32,7
1,two,yes,32,6
1,two,yes,32,4
1,two,yes,32,4
1,two,yes,32,3
1,two,yes,32,6
1,two,yes,32,6
1,two,yes,32,3
1,two,yes,32,5
1,two,yes,32,5
1,two,yes,32,5
1,two,yes,32,5
1,two,yes,32,4
1,two,yes,32,5
1,two,yes,64,8
1,two,yes,64,6
1,two,yes,64,6
1,two,yes,64,5
1,two,yes,64,6
1,two,yes,64,5
1,two,yes,64,6
1,two,yes,64,6
1,two,yes,64,7
1,two,yes,64,6
1,two,yes,64,6
1,two,yes,64,5
1,two,yes,64,6
1,two,yes,64,6
1,two,yes,64,6
1,two,yes,64,4
1,two,yes,64,4
1,two,yes,64,5
1,two,yes,64,6
1,two,yes,64,5
1,two,yes,64,5
1,two,yes,64,6
1,two,yes,64,5
1,two,yes,64,5
1,two,yes,64,6
1,two,yes,64,4
1,two,yes,64,3
1,two,yes,64,5
1,two,yes,64,5
1,two,yes,64,7
1,two,yes,64,6
1,two,yes,64,7
1,two,yes,64,6
1,two,yes,64,8
1,two,yes,64,4
1,two,yes,64,5
1,two,yes,64,5
1,two,yes,64,6
1,two,yes,64,7
1,two,yes,64,5
1,two,yes,64,8
1,two,yes,64,7
1,two,yes,64,5
1,two,yes,64,3
1,two,yes,64,5
1,two,yes,64,4
1,two,yes,64,5
1,two,yes,64,5
1,two,yes,64,5
1,two,yes,64,8
1,two,yes,64,5
1,two,yes,64,8
1,two,yes,64,6
1,two,yes,64,5
1,two,yes,64,5
1,two,yes,64,5
1,two,yes,64,5
1,two,yes,64,5
1,two,yes,64,3
1,two,yes,64,5
1,two,yes,64,7
1,two,yes,64,7
1,two,yes,64,7
1,two,yes,64,7
1,two,yes,64,7
1,two,yes,64,5
1,two,yes,64,3
1,two,yes,64,7
1,two,yes,64,7
1,two,yes,64,3
1,two,yes,64,7
1,two,yes,64,7
1,two,yes,64,6
1,two,yes,64,5
1,two,yes,64,7
1,two,yes,64,6
1,two,yes,64,7
1,two,yes,64,4
1,two,yes,64,5
1,two,yes,64,6
1,two,yes,64,5
1,two,yes,64,7
1,two,yes,64,5
1,two,yes,64,6
1,two,yes,64,5
1,two,yes,64,6
1,two,yes,64,7
1,two,yes,64,6
1,two,yes,64,5
1,two,yes,64,6
1,two,yes,64,5
1,two,yes,64,7
1,two,yes,64,7
1,two,yes,64,6
1,two,yes,64,6
1,two,yes,64,6
1,two,yes,64,6
1,two,yes,64,7
1,two,yes,64,5
1,two,yes,64,5
1,two,yes,128,6
1,two,yes,128,8
1,two,yes,128,6
1,two,yes,128,10
1,two,yes,128,4
1,two,yes,128,6
1,two,yes,128,6
1,two,yes,128,6
1,two,yes,128,6
1,two,yes,128,5
1,two,yes,128,8
1,two,yes,128,7
1,two,yes,128,6
1,two,yes,128,7
1,two,yes,128,6
1,two,yes,128,5
1,two,yes,128,6
1,two,yes,128,8
1,two,yes,128,7
1,two,yes,128,8
1,two,yes,128,8
1,two,yes,128,7
1,two,yes,128,10
1,two,yes,128,6
1,two,yes,128,5
1,two,yes,128,7
1,two,yes,128,9
1,two,yes,128,6
1,two,yes,128,7
1,two,yes,128,7
1,two,yes,128,7
1,two,yes,128,8
1,two,yes,128,6
1,two,yes,128,6
1,two,yes,128,7
1,two,yes,128,8
1,two,yes,128,6
1,two,yes,128,7
1,two,yes,128,7
1,two,yes,128,5
1,two,yes,128,6
1,two,yes,128,7
1,two,yes,128,6
1,two,yes,128,6
1,two,yes,128,7
1,two,yes,128,6
1,two,yes,128,8
1,two,yes,128,5
1,two,yes,128,10
1,two,yes,128,7
1,two,yes,128,6
1,two,yes,128,6
1,two,yes,128,8
1,two,yes,128,6
1,two,yes,128,6
1,two,yes,128,6
1,two,yes,128,5
1,two,yes,128,7
1,two,yes,128,7
1,two,yes,128,7
1,two,yes,128,5
1,two,yes,128,6
1,two,yes,128,6
1,two,yes,128,10
1,two,yes,128,6
1,two,yes,128,7
1,two,yes,128,6
1,two,yes,128,8
1,two,yes,128,5
1,two,yes,128,8
1,two,yes,128,8
1,two,yes,128,7
1,two,yes,128,11
1,two,yes,128,7
1,two,yes,128,6
1,two,yes,128,6
1,two,yes,128,5
1,two,yes,128,8
1,two,yes,128,7
1,two,yes,128,9
1,two,yes,128,7
1,two,yes,128,7
1,two,yes,128,6
1,two,yes,128,6
1,two,yes,128,7
1,two,yes,128,5
1,two,yes,128,8
1,two,yes,128,8
1,two,yes,128,6
1,two,yes,128,6
1,two,yes,128,7
1,two,yes,128,7
1,two,yes,128,7
1,two,yes,128,8
1,two,yes,128,7
1,two,yes,128,6
1,two,yes,128,8
1,two,yes,128,8
1,two,yes,128,8
1,two,yes,128,7
2,two,no,2,1
2,two,no,2,0
2,two,no,2,0
2,two,no,2,0
2,two,no,2,0
2,two,no,2,0
2,two,no,2,0
2,two,no,2,0
2,two,no,2,0
2,two,no,2,0
2,two,no,2,0
2,two,no,2,0
2,two,no,2,0
2,two,no,2,2
2,two,no,2,0
2,two,no,2,0
2,two,no,2,0
2,two,no,2,0
2,two,no,2,0
2,two,no,2,2
2,two,no,2,0
2,two,no,2,0
2,two,no,2,0
2,two,no,2,0
2,two,no,2,0
2,two,no,2,3
2,two,no,2,1
2,two,no,2,0
2,two,no,2,0
2,two,no,2,0
2,two,no,2,1
2,two,no,2,0
2,two,no,2,0
2,two,no,2,0
2,two,no,2,2
2,two,no,2,0
2,two,no,2,2
2,two,no,2,2
2,two,no,2,2
2,two,no,2,0
2,two,no,2,0
2,two,no,2,1
2,two,no,2,2
2,two,no,2,0
2,two,no,2,0
2,two,no,2,0
2,two,no,2,0
2,two,no,2,0
2,two,no,2,0
2,two,no,2,0
2,two,no,2,0
2,two,no,2,0
2,two,no,2,0
2,two,no,2,0
2,two,no,2,0
2,two,no,2,0
2,two,no,2,0
2,two,no,2,0
2,two,no,2,1
2,two,no,2,0
2,two,no,2,1
2,two,no,2,0
2,two,no,2,0
2,two,no,2,0
2,two,no,2,1
2,two,no,2,2
2,two,no,2,0
2,two,no,2,0
2,two,no,2,0
2,two,no,2,0
2,two,no,2,0
2,two,no,2,2
2,two,no,2,0
2,two,no,2,0
2,two,no,2,2
2,two,no,2,0
2,two,no,2,1
2,two,no,2,0
2,two,no,2,2
2,two,no,2,0
2,two,no,2,0
2,two,no,2,0
2,two,no,2,0
2,two,no,2,0
2,two,no,2,0
2,two,no,2,0
2,two,no,2,2
2,two,no,2,0
2,two,no,2,1
2,two,no,2,0
2,two,no,2,0
2,two,no,2,0
2,two,no,2,0
2,two,no,2,0
2,two,no,2,0
2,two,no,2,2
2,two,no,2,0
2,two,no,2,0
2,two,no,2,2
2,two,no,2,0
2,two,no,4,2
2,two,no,4,0
2,two,no,4,1
2,two,no,4,0
2,two,no,4,2
2,two,no,4,0
2,two,no,4,1
2,two,no,4,2
2,two,no,4,2
2,two,no,4,4
2,two,no,4,2
2,two,no,4,0
2,two,no,4,5
2,two,no,4,3
2,two,no,4,0
2,two,no,4,1
2,two,no,4,0
2,two,no,4,0
2,two,no,4,0
2,two,no,4,0
2,two,no,4,0
2,two,no,4,1
2,two,no,4,0
2,two,no,4,0
2,two,no,4,2
2,two,no,4,2
2,two,no,4,0
2,two,no,4,1
2,two,no,4,1
2,two,no,4,2
2,two,no,4,0
2,two,no,4,2
2,two,no,4,2
2,two,no,4,2
2,two,no,4,0
2,two,no,4,0
2,two,no,4,0
2,two,no,4,3
2,two,no,4,2
2,two,no,4,1
2,two,no,4,0
2,two,no,4,2
2,two,no,4,3
2,two,no,4,0
2,two,no,4,3
2,two,no,4,2
2,two,no,4,1
2,two,no,4,2
2,two,no,4,0
2,two,no,4,0
2,two,no,4,1
2,two,no,4,0
2,two,no,4,0
2,two,no,4,0
2,two,no,4,0
2,two,no,4,3
2,two,no,4,2
2,two,no,4,0
2,two,no,4,3
2,two,no,4,2
2,two,no,4,0
2,two,no,4,0
2,two,no,4,2
2,two,no,4,2
2,two,no,4,1
2,two,no,4,0
2,two,no,4,0
2,two,no,4,2
2,two,no,4,0
2,two,no,4,2
2,two,no,4,3
2,two,no,4,1
2,two,no,4,2
2,two,no,4,2
2,two,no,4,0
2,two,no,4,2
2,two,no,4,2
2,two,no,4,0
2,two,no,4,4
2,two,no,4,3
2,two,no,4,0
2,two,no,4,2
2,two,no,4,0
2,two,no,4,2
2,two,no,4,0
2,two,no,4,1
2,two,no,4,0
2,two,no,4,2
2,two,no,4,0
2,two,no,4,0
2,two,no,4,1
2,two,no,4,2
2,two,no,4,0
2,two,no,4,0
2,two,no,4,3
2,two,no,4,0
2,two,no,4,0
2,two,no,4,2
2,two,no,4,3
2,two,no,4,0
2,two,no,8,0
2,two,no,8,4
2,two,no,8,3
2,two,no,8,1
2,two,no,8,4
2,two,no,8,3
2,two,no,8,0
2,two,no,8,2
2,two,no,8,5
2,two,no,8,0
2,two,no,8,5
2,two,no,8,2
2,two,no,8,3
2,two,no,8,1
2,two,no,8,2
2,two,no,8,3
2,two,no,8,3
2,two,no,8,3
2,two,no,8,2
2,two,no,8,0
2,two,no,8,1
2,two,no,8,3
2,two,no,8,0
2,two,no,8,1
2,two,no,8,1
2,two,no,8,2
2,two,no,8,4
2,two,no,8,2
2,two,no,8,4
2,two,no,8,2
2,two,no,8,1
2,two,no,8,1
2,two,no,8,2
2,two,no,8,2
2,two,no,8,2
2,two,no,8,2
2,two,no,8,3
2,two,no,8,0
2,two,no,8,1
2,two,no,8,2
2,two,no,8,1
2,two,no,8,5
2,two,no,8,3
2,two,no,8,5
2,two,no,8,1
2,two,no,8,2
2,two,no,8,2
2,two,no,8,5
2,two,no,8,2
2,two,no,8,3
2,two,no,8,2
2,two,no,8,2
2,two,no,8,2
2,two,no,8,1
2,two,no,8,4
2,two,no,8,0
2,two,no,8,2
2,two,no,8,1
2,two,no,8,0
2,two,no,8,1
2,two,no,8,2
2,two,no,8,3
2,two,no,8,0
2,two,no,8,3
2,two,no,8,1
2,two,no,8,2
2,two,no,8,1
2,two,no,8,3
2,two,no,8,2
2,two,no,8,2
2,two,no,8,0
2,two,no,8,3
2,two,no,8,3
2,two,no,8,2
2,two,no,8,2
2,two,no,8,0
2,two,no,8,3
2,two,no,8,2
2,two,no,8,1
2,two,no,8,1
2,two,no,8,5
2,two,no,8,1
2,two,no,8,0
2,two,no,8,4
2,two,no,8,3
2,two,no,8,1
2,two,no,8,4
2,two,no,8,3
2,two,no,8,0
2,two,no,8,3
2,two,no,8,1
2,two,no,8,3
2,two,no,8,1
2,two,no,8,4
2,two,no,8,2
2,two,no,8,3
2,two,no,8,3
2,two,no,8,2
2,two,no,8,2
2,two,no,8,0
2,two,no,16,4
2,two,no,16,3
2,two,no,16,6
2,two,no,16,5
2,two,no,16,3
2,two,no,16,5
2,two,no,16,3
2,two,no,16,6
2,two,no,16,2
2,two,no,16,4
2,two,no,16,5
2,two,no,16,4
2,two,no,16,3
2,two,no,16,3
2,two,no,16,2
2,two,no,16,2
2,two,no,16,1
2,two,no,16,3
2,two,no,16,0
2,two,no,16,3
2,two,no,16,4
2,two,no,16,1
2,two,no,16,3
2,two,no,16,2
2,two,no,16,0
2,two,no,16,4
2,two,no,16,5
2,two,no,16,2
2,two,no,16,1
2,two,no,16,3
2,two,no,16,2
2,two,no,16,8
2,two,no,16,3
2,two,no,16,1
2,two,no,16,5
2,two,no,16,2
2,two,no,16,3
2,two,no,16,5
2,two,no,16,4
2,two,no,16,6
2,two,no,16,2
2,two,no,16,6
2,two,no,16,3
2,two,no,16,8
2,two,no,16,2
2,two,no,16,4
2,two,no,16,3
2,two,no,16,2
2,two,no,16,4
2,two,no,16,1
2,two,no,16,1
2,two,no,16,2
2,two,no,16,3
2,two,no,16,4
2,two,no,16,2
2,two,no,16,3
2,two,no,16,0
2,two,no,16,3
2,two,no,16,2
2,two,no,16,4
2,two,no,16,4
2,two,no,16,3
2,two,no,16,6
2,two,no,16,5
2,two,no,16,1
2,two,no,16,2
2,two,no,16,2
2,two,no,16,5
2,two,no,16,3
2,two,no,16,3
2,two,no,16,4
2,two,no,16,4
2,two,no,16,6
2,two,no,16,3
2,two,no,16,3
2,two,no,16,0
2,two,no,16,2
2,two,no,16,4
2,two,no,16,1
2,two,no,16,7
2,two,no,16,2
2,two,no,16,2
2,two,no,16,4
2,two,no,16,2
2,two,no,16,5
2,two,no,16,5
2,two,no,16,2
2,two,no,16,2
2,two,no,16,2
2,two,no,16,4
2,two,no,16,3
2,two,no,16,5
2,two,no,16,3
2,two,no,16,7
2,two,no,16,3
2,two,no,16,5
2,two,no,16,5
2,two,no,16,4
2,two,no,16,1
2,two,no,16,5
2,two,no,32,4
2,two,no,32,3
2,two,no,32,5
2,two,no,32,3
2,two,no,32,5
2,two,no,32,6
2,two,no,32,4
2,two,no,32,3
2,two,no,32,7
2,two,no,32,2
2,two,no,32,8
2,two,no,32,2
2,two,no,32,5
2,two,no,32,5
2,two,no,32,7
2,two,no,32,4
2,two,no,32,4
2,two,no,32,6
2,two,no,32,6
2,two,no,32,3
2,two,no,32,5
2,two,no,32,5
2,two,no,32,6
2,two,no,32,4
2,two,no,32,8
2,two,no,32,4
2,two,no,32,7
2,two,no,32,4
2,two,no,32,9
2,two,no,32,3
2,two,no,32,5
2,two,no,32,4
2,two,no,32,4
2,two,no,32,6
2,two,no,32,6
2,two,no,32,9
2,two,no,32,6
2,two,no,32,5
2,two,no,32,8
2,two,no,32,5
2,two,no,32,8
2,two,no,32,6
2,two,no,32,4
2,two,no,32,5
2,two,no,32,7
2,two,no,32,6
2,two,no,32,7
2,two,no,32,6
2,two,no,32,2
2,two,no,32,8
2,two,no,32,5
2,two,no,32,8
2,two,no,32,5
2,two,no,32,6
2,two,no,32,4
2,two,no,32,3
2,two,no,32,5
2,two,no,32,6
2,two,no,32,8
2,two,no,32,5
2,two,no,32,7
2,two,no,32,4
2,two,no,32,6
2,two,no,32,7
2,two,no,32,6
2,two,no,32,4
2,two,no,32,6
2,two,no,32,7
2,two,no,32,5
2,two,no,32,6
2,two,no,32,6
2,two,no,32,7
2,two,no,32,3
2,two,no,32,6
2,two,no,32,3
2,two,no,32,6
2,two,no,32,5
2,two,no,32,4
2,two,no,32,6
2,two,no,32,7
2,two,no,32,3
2,two,no,32,5
2,two,no,32,5
2,two,no,32,4
2,two,no,32,6
2,two,no,32,7
2,two,no,32,3
2,two,no,32,6
2,two,no,32,8
2,two,no,32,5
2,two,no,32,7
2,two,no,32,7
2,two,no,32,4
2,two,no,32,3
2,two,no,32,6
2,two,no,32,5
2,two,no,32,6
2,two,no,32,7
2,two,no,32,4
2,two,no,32,6
2,two,no,64,7
2,two,no,64,8
2,two,no,64,8
2,two,no,64,9
2,two,no,64,6
2,two,no,64,7
2,two,no,64,9
2,two,no,64,9
2,two,no,64,7
2,two,no,64,8
2,two,no,64,8
2,two,no,64,10
2,two,no,64,10
2,two,no,64,10
2,two,no,64,9
2,two,no,64,9
2,two,no,64,6
2,two,no,64,10
2,two,no,64,8
2,two,no,64,7
2,two,no,64,11
2,two,no,64,9
2,two,no,64,8
2,two,no,64,6
2,two,no,64,8
2,two,no,64,9
2,two,no,64,7
2,two,no,64,7
2,two,no,64,9
2,two,no,64,5
2,two,no,64,7
2,two,no,64,8
2,two,no,64,11
2,two,no,64,9
2,two,no,64,8
2,two,no,64,8
2,two,no,64,6
2,two,no,64,7
2,two,no,64,7
2,two,no,64,9
2,two,no,64,10
2,two,no,64,6
2,two,no,64,5
2,two,no,64,9
2,two,no,64,11
2,two,no,64,8
2,two,no,64,5
2,two,no,64,8
2,two,no,64,6
2,two,no,64,7
2,two,no,64,7
2,two,no,64,8
2,two,no,64,6
2,two,no,64,9
2,two,no,64,3
2,two,no,64,5
2,two,no,64,9
2,two,no,64,8
2,two,no,64,10
2,two,no,64,5
2,two,no,64,8
2,two,no,64,8
2,two,no,64,5
2,two,no,64,8
2,two,no,64,9
2,two,no,64,9
2,two,no,64,9
2,two,no,64,5
2,two,no,64,8
2,two,no,64,8
2,two,no,64,9
2,two,no,64,9
2,two,no,64,8
2,two,no,64,7
2,two,no,64,8
2,two,no,64,11
2,two,no,64,5
2,two,no,64,6
2,two,no,64,9
2,two,no,64,7
2,two,no,64,8
2,two,no,64,8
2,two,no,64,9
2,two,no,64,7
2,two,no,64,6
2,two,no,64,9
2,two,no,64,8
2,two,no,64,8
2,two,no,64,8
2,two,no,64,9
2,two,no,64,7
2,two,no,64,8
2,two,no,64,7
2,two,no,64,8
2,two,no,64,4
2,two,no,64,5
2,two,no,64,10
2,two,no,64,9
2,two,no,64,7
2,two,no,64,8
2,two,no,128,8
2,two,no,128,5
2,two,no,128,10
2,two,no,128,12
2,two,no,128,10
2,two,no,128,11
2,two,no,128,10
2,two,no,128,10
2,two,no,128,11
2,two,no,128,11
2,two,no,128,8
2,two,no,128,6
2,two,no,128,11
2,two,no,128,10
2,two,no,128,10
2,two,no,128,10
2,two,no,128,11
2,two,no,128,11
2,two,no,128,11
2,two,no,128,11
2,two,no,128,11
2,two,no,128,11
2,two,no,128,9
2,two,no,128,9
2,two,no,128,10
2,two,no,128,12
2,two,no,128,9
2,two,no,128,10
2,two,no,128,9
2,two,no,128,8
2,two,no,128,9
2,two,no,128,9
2,two,no,128,9
2,two,no,128,12
2,two,no,128,10
2,two,no,128,10
2,two,no,128,10
2,two,no,128,10
2,two,no,128,10
2,two,no,128,11
2,two,no,128,10
2,two,no,128,9
2,two,no,128,9
2,two,no,128,9
2,two,no,128,10
2,two,no,128,10
2,two,no,128,9
2,two,no,128,9
2,two,no,128,10
2,two,no,128,9
2,two,no,128,10
2,two,no,128,9
2,two,no,128,8
2,two,no,128,10
2,two,no,128,8
2,two,no,128,11
2,two,no,128,11
2,two,no,128,7
2,two,no,128,9
2,two,no,128,9
2,two,no,128,10
2,two,no,128,11
2,two,no,128,10
2,two,no,128,9
2,two,no,128,10
2,two,no,128,10
2,two,no,128,11
2,two,no,128,10
2,two,no,128,10
2,two,no,128,10
2,two,no,128,11
2,two,no,128,9
2,two,no,128,11
2,two,no,128,9
2,two,no,128,8
2,two,no,128,10
2,two,no,128,10
2,two,no,128,11
2,two,no,128,8
2,two,no,128,9
2,two,no,128,7
2,two,no,128,10
2,two,no,128,9
2,two,no,128,9
2,two,no,128,8
2,two,no,128,9
2,two,no,128,10
2,two,no,128,9
2,two,no,128,9
2,two,no,128,9
2,two,no,128,9
2,two,no,128,8
2,two,no,128,10
2,two,no,128,10
2,two,no,128,7
2,two,no,128,12
2,two,no,128,10
2,two,no,128,8
2,two,no,128,10
2,two,no,128,10
3,ten,yes,2,2
3,ten,yes,2,3
3,ten,yes,2,6
3,ten,yes,2,7
3,ten,yes,2,3
3,ten,yes,2,9
3,ten,yes,2,5
3,ten,yes,2,5
3,ten,yes,2,0
3,ten,yes,2,3
3,ten,yes,2,2
3,ten,yes,2,4
3,ten,yes,2,6
3,ten,yes,2,1
3,ten,yes,2,0
3,ten,yes,2,9
3,ten,yes,2,1
3,ten,yes,2,4
3,ten,yes,2,7
3,ten,yes,2,5
3,ten,yes,2,7
3,ten,yes,2,5
3,ten,yes,2,5
3,ten,yes,2,2
3,ten,yes,2,5
3,ten,yes,2,3
3,ten,yes,2,6
3,ten,yes,2,4
3,ten,yes,2,0
3,ten,yes,2,6
3,ten,yes,2,0
3,ten,yes,2,3
3,ten,yes,2,3
3,ten,yes,2,6
3,ten,yes,2,3
3,ten,yes,2,5
3,ten,yes,2,4
3,ten,yes,2,9
3,ten,yes,2,6
3,ten,yes,2,2
3,ten,yes,2,6
3,ten,yes,2,0
3,ten,yes,2,4
3,ten,yes,2,5
3,ten,yes,2,5
3,ten,yes,2,5
3,ten,yes,2,4
3,ten,yes,2,6
3,ten,yes,2,0
3,ten,yes,2,5
3,ten,yes,2,2
3,ten,yes,2,7
3,ten,yes,2,3
3,ten,yes,2,6
3,ten,yes,2,7
3,ten,yes,2,3
3,ten,yes,2,6
3,ten,yes,2,4
3,ten,yes,2,6
3,ten,yes,2,4
3,ten,yes,2,0
3,ten,yes,2,10
3,ten,yes,2,5
3,ten,yes,2,9
3,ten,yes,2,5
3,ten,yes,2,7
3,ten,yes,2,6
3,ten,yes,2,5
3,ten,yes,2,9
3,ten,yes,2,7
3,ten,yes,2,6
3,ten,yes,2,4
3,ten,yes,2,1
3,ten,yes,2,0
3,ten,yes,2,6
3,ten,yes,2,5
3,ten,yes,2,6
3,ten,yes,2,1
3,ten,yes,2,8
3,ten,yes,2,0
3,ten,yes,2,7
3,ten,yes,2,7
3,ten,yes,2,3
3,ten,yes,2,0
3,ten,yes,2,4
3,ten,yes,2,8
3,ten,yes,2,1
3,ten,yes,2,4
3,ten,yes,2,10
3,ten,yes,2,1
3,ten,yes,2,6
3,ten,yes,2,1
3,ten,yes,2,5
3,ten,yes,2,1
3,ten,yes,2,7
3,ten,yes,2,8
3,ten,yes,2,6
3,ten,yes,2,2
3,ten,yes,2,0
3,ten,yes,2,2
3,ten,yes,4,7
3,ten,yes,4,14
3,ten,yes,4,10
3,ten,yes,4,11
3,ten,yes,4,7
3,ten,yes,4,6
3,ten,yes,4,9
3,ten,yes,4,5
3,ten,yes,4,6
3,ten,yes,4,7
3,ten,yes,4,9
3,ten,yes,4,11
3,ten,yes,4,4
3,ten,yes,4,9
3,ten,yes,4,9
3,ten,yes,4,12
3,ten,yes,4,11
3,ten,yes,4,8
3,ten,yes,4,3
3,ten,yes,4,10
3,ten,yes,4,10
3,ten,yes,4,10
3,ten,yes,4,5
3,ten,yes,4,5
3,ten,yes,4,5
3,ten,yes,4,5
3,ten,yes,4,10
3,ten,yes,4,9
3,ten,yes,4,7
3,ten,yes,4,1
3,ten,yes,4,12
3,ten,yes,4,13
3,ten,yes,4,8
3,ten,yes,4,11
3,ten,yes,4,5
3,ten,yes,4,9
3,ten,yes,4,7
3,ten,yes,4,7
3,ten,yes,4,5
3,ten,yes,4,1
3,ten,yes,4,1
3,ten,yes,4,5
3,ten,yes,4,10
3,ten,yes,4,5
3,ten,yes,4,7
3,ten,yes,4,10
3,ten,yes,4,11
3,ten,yes,4,10
3,ten,yes,4,6
3,ten,yes,4,11
3,ten,yes,4,4
3,ten,yes,4,7
3,ten,yes,4,6
3,ten,yes,4,8
3,ten,yes,4,8
3,ten,yes,4,4
3,ten,yes,4,3
3,ten,yes,4,7
3,ten,yes,4,11
3,ten,yes,4,9
3,ten,yes,4,7
3,ten,yes,4,9
3,ten,yes,4,10
3,ten,yes,4,12
3,ten,yes,4,9
3,ten,yes,4,8
3,ten,yes,4,10
3,ten,yes,4,13
3,ten,yes,4,11
3,ten,yes,4,8
3,ten,yes,4,12
3,ten,yes,4,11
3,ten,yes,4,7
3,ten,yes,4,5
3,ten,yes,4,8
3,ten,yes,4,4
3,ten,yes,4,13
3,ten,yes,4,7
3,ten,yes,4,7
3,ten,yes,4,9
3,ten,yes,4,9
3,ten,yes,4,8
3,ten,yes,4,9
3,ten,yes,4,8
3,ten,yes,4,6
3,ten,yes,4,5
3,ten,yes,4,13
3,ten,yes,4,4
3,ten,yes,4,6
3,ten,yes,4,8
3,ten,yes,4,8
3,ten,yes,4,7
3,ten,yes,4,6
3,ten,yes,4,11
3,ten,yes,4,9
3,ten,yes,4,3
3,ten,yes,4,3
3,ten,yes,4,7
3,ten,yes,4,6
3,ten,yes,4,12
3,ten,yes,8,8
3,ten,yes,8,8
3,ten,yes,8,12
3,ten,yes,8,12
3,ten,yes,8,12
3,ten,yes,8,11
3,ten,yes,8,13
3,ten,yes,8,11
3,ten,yes,8,10
3,ten,yes,8,11
3,ten,yes,8,14
3,ten,yes,8,15
3,ten,yes,8,13
3,ten,yes,8,15
3,ten,yes,8,10
3,ten,yes,8,14
3,ten,yes,8,17
3,ten,yes,8,14
3,ten,yes,8,12
3,ten,yes,8,17
3,ten,yes,8,14
3,ten,yes,8,10
3,ten,yes,8,15
3,ten,yes,8,11
3,ten,yes,8,11
3,ten,yes,8,12
3,ten,yes,8,10
3,ten,yes,8,11
3,ten,yes,8,13
3,ten,yes,8,9
3,ten,yes,8,12
3,ten,yes,8,12
3,ten,yes,8,12
3,ten,yes,8,14
3,ten,yes,8,16
3,ten,yes,8,13
3,ten,yes,8,17
3,ten,yes,8,16
3,ten,yes,8,11
3,ten,yes,8,9
3,ten,yes,8,15
3,ten,yes,8,13
3,ten,yes,8,10
3,ten,yes,8,10
3,ten,yes,8,10
3,ten,yes,8,10
3,ten,yes,8,12
3,ten,yes,8,8
3,ten,yes,8,15
3,ten,yes,8,11
3,ten,yes,8,14
3,ten,yes,8,9
3,ten,yes,8,6
3,ten,yes,8,13
3,ten,yes,8,14
3,ten,yes,8,11
3,ten,yes,8,8
3,ten,yes,8,13
3,ten,yes,8,12
3,ten,yes,8,9
3,ten,yes,8,15
3,ten,yes,8,13
3,ten,yes,8,7
3,ten,yes,8,9
3,ten,yes,8,13
3,ten,yes,8,9
3,ten,yes,8,10
3,ten,yes,8,12
3,ten,yes,8,13
3,ten,yes,8,12
3,ten,yes,8,11
3,ten,yes,8,15
3,ten,yes,8,13
3,ten,yes,8,7
3,ten,yes,8,14
3,ten,yes,8,12
3,ten,yes,8,10
3,ten,yes,8,6
3,ten,yes,8,12
3,ten,yes,8,10
3,ten,yes,8,11
3,ten,yes,8,15
3,ten,yes,8,13
3,ten,yes,8,12
3,ten,yes,8,11
3,ten,yes,8,13
3,ten,yes,8,12
3,ten,yes,8,9
3,ten,yes,8,8
3,ten,yes,8,9
3,ten,yes,8,11
3,ten,yes,8,10
3,ten,yes,8,8
3,ten,yes,8,13
3,ten,yes,8,7
3,ten,yes,8,15
3,ten,yes,8,11
3,ten,yes,8,14
3,ten,yes,8,11
3,ten,yes,8,13
3,ten,yes,16,20
3,ten,yes,16,14
3,ten,yes,16,15
3,ten,yes,16,18
3,ten,yes,16,21
3,ten,yes,16,16
3,ten,yes,16,19
3,ten,yes,16,14
3,ten,yes,16,20
3,ten,yes,16,17
3,ten,yes,16,15
3,ten,yes,16,18
3,ten,yes,16,14
3,ten,yes,16,18
3,ten,yes,16,20
3,ten,yes,16,15
3,ten,yes,16,19
3,ten,yes,16,13
3,ten,yes,16,11
3,ten,yes,16,15
3,ten,yes,16,19
3,ten,yes,16,20
3,ten,yes,16,12
3,ten,yes,16,11
3,ten,yes,16,10
3,ten,yes,16,17
3,ten,yes,16,19
3,ten,yes,16,13
3,ten,yes,16,19
3,ten,yes,16,12
3,ten,yes,16,15
3,ten,yes,16,13
3,ten,yes,16,8
3,ten,yes,16,12
3,ten,yes,16,20
3,ten,yes,16,15
3,ten,yes,16,16
3,ten,yes,16,19
3,ten,yes,16,15
3,ten,yes,16,17
3,ten,yes,16,22
3,ten,yes,16,15
3,ten,yes,16,13
3,ten,yes,16,14
3,ten,yes,16,7
3,ten,yes,16,15
3,ten,yes,16,15
3,ten,yes,16,18
3,ten,yes,16,19
3,ten,yes,16,15
3,ten,yes,16,20
3,ten,yes,16,16
3,ten,yes,16,21
3,ten,yes,16,15
3,ten,yes,16,10
3,ten,yes,16,13
3,ten,yes,16,16
3,ten,yes,16,16
3,ten,yes,16,20
3,ten,yes,16,12
3,ten,yes,16,16
3,ten,yes,16,18
3,ten,yes,16,20
3,ten,yes,16,15
3,ten,yes,16,17
3,ten,yes,16,17
3,ten,yes,16,11
3,ten,yes,16,13
3,ten,yes,16,17
3,ten,yes,16,16
3,ten,yes,16,21
3,ten,yes,16,17
3,ten,yes,16,16
3,ten,yes,16,14
3,ten,yes,16,14
3,ten,yes,16,14
3,ten,yes,16,15
3,ten,yes,16,16
3,ten,yes,16,15
3,ten,yes,16,22
3,ten,yes,16,19
3,ten,yes,16,17
3,ten,yes,16,19
3,ten,yes,16,16
3,ten,yes,16,15
3,ten,yes,16,16
3,ten,yes,16,13
3,ten,yes,16,12
3,ten,yes,16,21
3,ten,yes,16,16
3,ten,yes,16,12
3,ten,yes,16,18
3,ten,yes,16,10
3,ten,yes,16,17
3,ten,yes,16,19
3,ten,yes,16,15
3,ten,yes,16,18
3,ten,yes,16,17
3,ten,yes,16,19
3,ten,yes,16,17
3,ten,yes,32,26
3,ten,yes,32,27
3,ten,yes,32,24
3,ten,yes,32,19
3,ten,yes,32,17
3,ten,yes,32,22
3,ten,yes,32,20
3,ten,yes,32,22
3,ten,yes,32,21
3,ten,yes,32,26
3,ten,yes,32,19
3,ten,yes,32,24
3,ten,yes,32,19
3,ten,yes,32,21
3,ten,yes,32,21
3,ten,yes,32,21
3,ten,yes,32,27
3,ten,yes,32,20
3,ten,yes,32,21
3,ten,yes,32,16
3,ten,yes,32,20
3,ten,yes,32,18
3,ten,yes,32,17
3,ten,yes,32,18
3,ten,yes,32,19
3,ten,yes,32,22
3,ten,yes,32,22
3,ten,yes,32,27
3,ten,yes,32,18
3,ten,yes,32,19
3,ten,yes,32,21
3,ten,yes,32,22
3,ten,yes,32,25
3,ten,yes,32,17
3,ten,yes,32,23
3,ten,yes,32,20
3,ten,yes,32,22
3,ten,yes,32,22
3,ten,yes,32,18
3,ten,yes,32,20
3,ten,yes,32,22
3,ten,yes,32,23
3,ten,yes,32,21
3,ten,yes,32,25
3,ten,yes,32,20
3,ten,yes,32,22
3,ten,yes,32,24
3,ten,yes,32,18
3,ten,yes,32,18
3,ten,yes,32,21
3,ten,yes,32,23
3,ten,yes,32,25
3,ten,yes,32,23
3,ten,yes,32,21
3,ten,yes,32,18
3,ten,yes,32,25
3,ten,yes,32,18
3,ten,yes,32,21
3,ten,yes,32,22
3,ten,yes,32,19
3,ten,yes,32,19
3,ten,yes,32,21
3,ten,yes,32,23
3,ten,yes,32,15
3,ten,yes,32,18
3,ten,yes,32,18
3,ten,yes,32,22
3,ten,yes,32,21
3,ten,yes,32,17
3,ten,yes,32,21
3,ten,yes,32,19
3,ten,yes,32,23
3,ten,yes,32,27
3,ten,yes,32,16
3,ten,yes,32,16
3,ten,yes,32,22
3,ten,yes,32,22
3,ten,yes,32,28
3,ten,yes,32,18
3,ten,yes,32,18
3,ten,yes,32,21
3,ten,yes,32,16
3,ten,yes,32,25
3,ten,yes,32,20
3,ten,yes,32,21
3,ten,yes,32,20
3,ten,yes,32,23
3,ten,yes,32,22
3,ten,yes,32,23
3,ten,yes,32,19
3,ten,yes,32,21
3,ten,yes,32,25
3,ten,yes,32,20
3,ten,yes,32,18
3,ten,yes,32,19
3,ten,yes,32,21
3,ten,yes,32,27
3,ten,yes,32,19
3,ten,yes,32,21
3,ten,yes,32,20
3,ten,yes,64,23
3,ten,yes,64,31
3,ten,yes,64,27
3,ten,yes,64,26
3,ten,yes,64,31
3,ten,yes,64,20
3,ten,yes,64,26
3,ten,yes,64,27
3,ten,yes,64,26
3,ten,yes,64,27
3,ten,yes,64,27
3,ten,yes,64,30
3,ten,yes,64,25
3,ten,yes,64,32
3,ten,yes,64,22
3,ten,yes,64,30
3,ten,yes,64,24
3,ten,yes,64,27
3,ten,yes,64,27
3,ten,yes,64,27
3,ten,yes,64,25
3,ten,yes,64,26
3,ten,yes,64,26
3,ten,yes,64,22
3,ten,yes,64,24
3,ten,yes,64,27
3,ten,yes,64,30
3,ten,yes,64,31
3,ten,yes,64,25
3,ten,yes,64,27
3,ten,yes,64,22
3,ten,yes,64,24
3,ten,yes,64,28
3,ten,yes,64,29
3,ten,yes,64,27
3,ten,yes,64,27
3,ten,yes,64,24
3,ten,yes,64,23
3,ten,yes,64,25
3,ten,yes,64,27
3,ten,yes,64,27
3,ten,yes,64,28
3,ten,yes,64,21
3,ten,yes,64,24
3,ten,yes,64,28
3,ten,yes,64,27
3,ten,yes,64,25
3,ten,yes,64,30
3,ten,yes,64,29
3,ten,yes,64,27
3,ten,yes,64,22
3,ten,yes,64,27
3,ten,yes,64,22
3,ten,yes,64,23
3,ten,yes,64,22
3,ten,yes,64,27
3,ten,yes,64,24
3,ten,yes,64,25
3,ten,yes,64,29
3,ten,yes,64,26
3,ten,yes,64,29
3,ten,yes,64,28
3,ten,yes,64,25
3,ten,yes,64,27
3,ten,yes,64,26
3,ten,yes,64,24
3,ten,yes,64,29
3,ten,yes,64,27
3,ten,yes,64,31
3,ten,yes,64,28
3,ten,yes,64,30
3,ten,yes,64,25
3,ten,yes,64,25
3,ten,yes,64,23
3,ten,yes,64,29
3,ten,yes,64,25
3,ten,yes,64,29
3,ten,yes,64,29
3,ten,yes,64,26
3,ten,yes,64,27
3,ten,yes,64,27
3,ten,yes,64,32
3,ten,yes,64,24
3,ten,yes,64,28
3,ten,yes,64,25
3,ten,yes,64,26
3,ten,yes,64,24
3,ten,yes,64,21
3,ten,yes,64,27
3,ten,yes,64,29
3,ten,yes,64,24
3,ten,yes,64,25
3,ten,yes,64,23
3,ten,yes,64,24
3,ten,yes,64,28
3,ten,yes,64,28
3,ten,yes,64,25
3,ten,yes,64,27
3,ten,yes,64,27
3,ten,yes,64,29
3,ten,yes,128,35
3,ten,yes,128,34
3,ten,yes,128,29
3,ten,yes,128,33
3,ten,yes,128,27
3,ten,yes,128,31
3,ten,yes,128,35
3,ten,yes,128,37
3,ten,yes,128,36
3,ten,yes,128,33
3,ten,yes,128,33
3,ten,yes,128,34
3,ten,yes,128,37
3,ten,yes,128,34
3,ten,yes,128,34
3,ten,yes,128,29
3,ten,yes,128,31
3,ten,yes,128,35
3,ten,yes,128,33
3,ten,yes,128,33
3,ten,yes,128,35
3,ten,yes,128,27
3,ten,yes,128,33
3,ten,yes,128,36
3,ten,yes,128,32
3,ten,yes,128,28
3,ten,yes,128,36
3,ten,yes,128,38
3,ten,yes,128,36
3,ten,yes,128,36
3,ten,yes,128,35
3,ten,yes,128,34
3,ten,yes,128,33
3,ten,yes,128,34
3,ten,yes,128,35
3,ten,yes,128,27
3,ten,yes,128,31
3,ten,yes,128,35
3,ten,yes,128,33
3,ten,yes,128,35
3,ten,yes,128,36
3,ten,yes,128,33
3,ten,yes,128,29
3,ten,yes,128,33
3,ten,yes,128,33
3,ten,yes,128,33
3,ten,yes,128,30
3,ten,yes,128,35
3,ten,yes,128,35
3,ten,yes,128,34
3,ten,yes,128,34
3,ten,yes,128,36
3,ten,yes,128,29
3,ten,yes,128,36
3,ten,yes,128,36
3,ten,yes,128,36
3,ten,yes,128,30
3,ten,yes,128,36
3,ten,yes,128,36
3,ten,yes,128,33
3,ten,yes,128,29
3,ten,yes,128,32
3,ten,yes,128,33
3,ten,yes,128,37
3,ten,yes,128,34
3,ten,yes,128,39
3,ten,yes,128,34
3,ten,yes,128,32
3,ten,yes,128,33
3,ten,yes,128,37
3,ten,yes,128,35
3,ten,yes,128,31
3,ten,yes,128,30
3,ten,yes,128,35
3,ten,yes,128,37
3,ten,yes,128,31
3,ten,yes,128,33
3,ten,yes,128,35
3,ten,yes,128,33
3,ten,yes,128,37
3,ten,yes,128,26
3,ten,yes,128,35
3,ten,yes,128,35
3,ten,yes,128,33
3,ten,yes,128,35
3,ten,yes,128,38
3,ten,yes,128,29
3,ten,yes,128,32
3,ten,yes,128,34
3,ten,yes,128,31
3,ten,yes,128,37
3,ten,yes,128,30
3,ten,yes,128,33
3,ten,yes,128,36
3,ten,yes,128,38
3,ten,yes,128,32
3,ten,yes,128,35
3,ten,yes,128,33
3,ten,yes,128,32
3,ten,yes,128,36
4,ten,no,2,17
4,ten,no,2,16
4,ten,no,2,12
4,ten,no,2,17
4,ten,no,2,14
4,ten,no,2,18
4,ten,no,2,16
4,ten,no,2,2
4,ten,no,2,1
4,ten,no,2,0
4,ten,no,2,17
4,ten,no,2,15
4,ten,no,2,16
4,ten,no,2,3
4,ten,no,2,13
4,ten,no,2,18
4,ten,no,2,17
4,ten,no,2,15
4,ten,no,2,15
4,ten,no,2,6
4,ten,no,2,17
4,ten,no,2,17
4,ten,no,2,17
4,ten,no,2,16
4,ten,no,2,16
4,ten,no,2,2
4,ten,no,2,0
4,ten,no,2,1
4,ten,no,2,2
4,ten,no,2,17
4,ten,no,2,2
4,ten,no,2,1
4,ten,no,2,5
4,ten,no,2,0
4,ten,no,2,17
4,ten,no,2,16
4,ten,no,2,17
4,ten,no,2,0
4,ten,no,2,14
4,ten,no,2,0
4,ten,no,2,2
4,ten,no,2,4
4,ten,no,2,17
4,ten,no,2,14
4,ten,no,2,1
4,ten,no,2,3
4,ten,no,2,2
4,ten,no,2,18
4,ten,no,2,20
4,ten,no,2,18
4,ten,no,2,0
4,ten,no,2,0
4,ten,no,2,18
4,ten,no,2,3
4,ten,no,2,14
4,ten,no,2,10
4,ten,no,2,4
4,ten,no,2,1
4,ten,no,2,17
4,ten,no,2,11
4,ten,no,2,15
4,ten,no,2,2
4,ten,no,2,12
4,ten,no,2,16
4,ten,no,2,13
4,ten,no,2,0
4,ten,no,2,0
4,ten,no,2,2
4,ten,no,2,3
4,ten,no,2,1
4,ten,no,2,3
4,ten,no,2,2
4,ten,no,2,17
4,ten,no,2,16
4,ten,no,2,16
4,ten,no,2,13
4,ten,no,2,3
4,ten,no,2,16
4,ten,no,2,18
4,ten,no,2,16
4,ten,no,2,18
4,ten,no,2,11
4,ten,no,2,17
4,ten,no,2,0
4,ten,no,2,0
4,ten,no,2,16
4,ten,no,2,16
4,ten,no,2,3
4,ten,no,2,17
4,ten,no,2,2
4,ten,no,2,12
4,ten,no,2,1
4,ten,no,2,16
4,ten,no,2,12
4,ten,no,2,1
4,ten,no,2,1
4,ten,no,2,13
4,ten,no,2,13
4,ten,no,2,15
4,ten,no,2,11
4,ten,no,4,17
4,ten,no,4,12
4,ten,no,4,25
4,ten,no,4,25
4,ten,no,4,22
4,ten,no,4,25
4,ten,no,4,20
4,ten,no,4,24
4,ten,no,4,20
4,ten,no,4,18
4,ten,no,4,20
4,ten,no,4,18
4,ten,no,4,19
4,ten,no,4,25
4,ten,no,4,19
4,ten,no,4,6
4,ten,no,4,17
4,ten,no,4,21
4,ten,no,4,17
4,ten,no,4,18
4,ten,no,4,26
4,ten,no,4,17
4,ten,no,4,19
4,ten,no,4,22
4,ten,no,4,23
4,ten,no,4,1
4,ten,no,4,0
4,ten,no,4,19
4,ten,no,4,26
4,ten,no,4,25
4,ten,no,4,16
4,ten,no,4,12
4,ten,no,4,21
4,ten,no,4,19
4,ten,no,4,18
4,ten,no,4,21
4,ten,no,4,16
4,ten,no,4,23
4,ten,no,4,4
4,ten,no,4,22
4,ten,no,4,16
4,ten,no,4,20
4,ten,no,4,21
4,ten,no,4,15
4,ten,no,4,17
4,ten,no,4,16
4,ten,no,4,20
4,ten,no,4,20
4,ten,no,4,1
4,ten,no,4,20
4,ten,no,4,21
4,ten,no,4,21
4,ten,no,4,20
4,ten,no,4,21
4,ten,no,4,20
4,ten,no,4,20
4,ten,no,4,23
4,ten,no,4,25
4,ten,no,4,17
4,ten,no,4,20
4,ten,no,4,21
4,ten,no,4,17
4,ten,no,4,23
4,ten,no,4,26
4,ten,no,4,20
4,ten,no,4,3
4,ten,no,4,1
4,ten,no,4,17
4,ten,no,4,26
4,ten,no,4,21
4,ten,no,4,21
4,ten,no,4,17
4,ten,no,4,19
4,ten,no,4,25
4,ten,no,4,14
4,ten,no,4,22
4,ten,no,4,22
4,ten,no,4,23
4,ten,no,4,22
4,ten,no,4,23
4,ten,no,4,24
4,ten,no,4,18
4,ten,no,4,20
4,ten,no,4,4
4,ten,no,4,21
4,ten,no,4,20
4,ten,no,4,19
4,ten,no,4,15
4,ten,no,4,13
4,ten,no,4,25
4,ten,no,4,22
4,ten,no,4,19
4,ten,no,4,23
4,ten,no,4,20
4,ten,no,4,24
4,ten,no,4,24
4,ten,no,4,24
4,ten,no,4,4
4,ten,no,4,20
4,ten,no,4,22
4,ten,no,8,28
4,ten,no,8,28
4,ten,no,8,25
4,ten,no,8,30
4,ten,no,8,26
4,ten,no,8,25
4,ten,no,8,23
4,ten,no,8,27
4,ten,no,8,26
4,ten,no,8,23
4,ten,no,8,18
4,ten,no,8,23
4,ten,no,8,30
4,ten,no,8,28
4,ten,no,8,23
4,ten,no,8,24
4,ten,no,8,21
4,ten,no,8,24
4,ten,no,8,20
4,ten,no,8,23
4,ten,no,8,22
4,ten,no,8,18
4,ten,no,8,28
4,ten,no,8,26
4,ten,no,8,26
4,ten,no,8,25
4,ten,no,8,27
4,ten,no,8,23
4,ten,no,8,27
4,ten,no,8,19
4,ten,no,8,25
4,ten,no,8,25
4,ten,no,8,21
4,ten,no,8,9
4,ten,no,8,24
4,ten,no,8,26
4,ten,no,8,25
4,ten,no,8,28
4,ten,no,8,19
4,ten,no,8,20
4,ten,no,8,28
4,ten,no,8,26
4,ten,no,8,27
4,ten,no,8,24
4,ten,no,8,22
4,ten,no,8,28
4,ten,no,8,21
4,ten,no,8,28
4,ten,no,8,22
4,ten,no,8,28
4,ten,no,8,29
4,ten,no,8,27
4,ten,no,8,28
4,ten,no,8,32
4,ten,no,8,28
4,ten,no,8,26
4,ten,no,8,26
4,ten,no,8,26
4,ten,no,8,27
4,ten,no,8,28
4,ten,no,8,25
4,ten,no,8,24
4,ten,no,8,21
4,ten,no,8,25
4,ten,no,8,25
4,ten,no,8,24
4,ten,no,8,27
4,ten,no,8,26
4,ten,no,8,23
4,ten,no,8,26
4,ten,no,8,28
4,ten,no,8,25
4,ten,no,8,27
4,ten,no,8,25
4,ten,no,8,22
4,ten,no,8,27
4,ten,no,8,27
4,ten,no,8,25
4,ten,no,8,21
4,ten,no,8,29
4,ten,no,8,23
4,ten,no,8,25
4,ten,no,8,24
4,ten,no,8,26
4,ten,no,8,20
4,ten,no,8,30
4,ten,no,8,27
4,ten,no,8,24
4,ten,no,8,28
4,ten,no,8,26
4,ten,no,8,28
4,ten,no,8,24
4,ten,no,8,24
4,ten,no,8,27
4,ten,no,8,24
4,ten,no,8,28
4,ten,no,8,21
4,ten,no,8,23
4,ten,no,8,26
4,ten,no,8,27
4,ten,no,16,32
4,ten,no,16,31
4,ten,no,16,30
4,ten,no,16,29
4,ten,no,16,30
4,ten,no,16,30
4,ten,no,16,31
4,ten,no,16,31
4,ten,no,16,33
4,ten,no,16,35
4,ten,no,16,31
4,ten,no,16,34
4,ten,no,16,34
4,ten,no,16,29
4,ten,no,16,29
4,ten,no,16,38
4,ten,no,16,30
4,ten,no,16,33
4,ten,no,16,31
4,ten,no,16,28
4,ten,no,16,29
4,ten,no,16,28
4,ten,no,16,27
4,ten,no,16,33
4,ten,no,16,29
4,ten,no,16,32
4,ten,no,16,26
4,ten,no,16,28
4,ten,no,16,31
4,ten,no,16,34
4,ten,no,16,25
4,ten,no,16,30
4,ten,no,16,32
4,ten,no,16,33
4,ten,no,16,32
4,ten,no,16,32
4,ten,no,16,35
4,ten,no,16,28
4,ten,no,16,24
4,ten,no,16,28
4,ten,no,16,26
4,ten,no,16,34
4,ten,no,16,31
4,ten,no,16,22
4,ten,no,16,30
4,ten,no,16,35
4,ten,no,16,29
4,ten,no,16,37
4,ten,no,16,31
4,ten,no,16,23
4,ten,no,16,34
4,ten,no,16,36
4,ten,no,16,26
4,ten,no,16,31
4,ten,no,16,30
4,ten,no,16,29
4,ten,no,16,28
4,ten,no,16,29
4,ten,no,16,34
4,ten,no,16,28
4,ten,no,16,30
4,ten,no,16,29
4,ten,no,16,34
4,ten,no,16,32
4,ten,no,16,33
4,ten,no,16,30
4,ten,no,16,33
4,ten,no,16,25
4,ten,no,16,31
4,ten,no,16,33
4,ten,no,16,30
4,ten,no,16,30
4,ten,no,16,29
4,ten,no,16,27
4,ten,no,16,33
4,ten,no,16,34
4,ten,no,16,33
4,ten,no,16,28
4,ten,no,16,34
4,ten,no,16,32
4,ten,no,16,30
4,ten,no,16,35
4,ten,no,16,30
4,ten,no,16,31
4,ten,no,16,33
4,ten,no,16,32
4,ten,no,16,27
4,ten,no,16,30
4,ten,no,16,27
4,ten,no,16,31
4,ten,no,16,31
4,ten,no,16,33
4,ten,no,16,31
4,ten,no,16,29
4,ten,no,16,32
4,ten,no,16,29
4,ten,no,16,28
4,ten,no,16,31
4,ten,no,16,33
4,ten,no,16,31
4,ten,no,32,38
4,ten,no,32,33
4,ten,no,32,39
4,ten,no,32,38
4,ten,no,32,32
4,ten,no,32,39
4,ten,no,32,33
4,ten,no,32,43
4,ten,no,32,37
4,ten,no,32,38
4,ten,no,32,37
4,ten,no,32,38
4,ten,no,32,36
4,ten,no,32,43
4,ten,no,32,35
4,ten,no,32,35
4,ten,no,32,38
4,ten,no,32,35
4,ten,no,32,40
4,ten,no,32,37
4,ten,no,32,38
4,ten,no,32,35
4,ten,no,32,39
4,ten,no,32,38
4,ten,no,32,38
4,ten,no,32,39
4,ten,no,32,34
4,ten,no,32,35
4,ten,no,32,36
4,ten,no,32,35
4,ten,no,32,36
4,ten,no,32,40
4,ten,no,32,38
4,ten,no,32,40
4,ten,no,32,40
4,ten,no,32,39
4,ten,no,32,35
4,ten,no,32,36
4,ten,no,32,37
4,ten,no,32,29
4,ten,no,32,36
4,ten,no,32,33
4,ten,no,32,37
4,ten,no,32,38
4,ten,no,32,34
4,ten,no,32,33
4,ten,no,32,36
4,ten,no,32,40
4,ten,no,32,32
4,ten,no,32,36
4,ten,no,32,34
4,ten,no,32,37
4,ten,no,32,37
4,ten,no,32,33
4,ten,no,32,33
4,ten,no,32,37
4,ten,no,32,35
4,ten,no,32,35
4,ten,no,32,37
4,ten,no,32,36
4,ten,no,32,36
4,ten,no,32,40
4,ten,no,32,35
4,ten,no,32,38
4,ten,no,32,36
4,ten,no,32,34
4,ten,no,32,32
4,ten,no,32,35
4,ten,no,32,39
4,ten,no,32,33
4,ten,no,32,40
4,ten,no,32,39
4,ten,no,32,37
4,ten,no,32,38
4,ten,no,32,35
4,ten,no,32,38
4,ten,no,32,39
4,ten,no,32,29
4,ten,no,32,32
4,ten,no,32,35
4,ten,no,32,37
4,ten,no,32,29
4,ten,no,32,31
4,ten,no,32,39
4,ten,no,32,39
4,ten,no,32,34
4,ten,no,32,37
4,ten,no,32,36
4,ten,no,32,35
4,ten,no,32,33
4,ten,no,32,38
4,ten,no,32,38
4,ten,no,32,37
4,ten,no,32,38
4,ten,no,32,30
4,ten,no,32,41
4,ten,no,32,38
4,ten,no,32,40
4,ten,no,32,35
4,ten,no,32,40
4,ten,no,64,41
4,ten,no,64,43
4,ten,no,64,41
4,ten,no,64,44
4,ten,no,64,40
4,ten,no,64,43
4,ten,no,64,47
4,ten,no,64,46
4,ten,no,64,43
4,ten,no,64,43
4,ten,no,64,45
4,ten,no,64,46
4,ten,no,64,43
4,ten,no,64,43
4,ten,no,64,44
4,ten,no,64,44
4,ten,no,64,41
4,ten,no,64,41
4,ten,no,64,42
4,ten,no,64,42
4,ten,no,64,44
4,ten,no,64,41
4,ten,no,64,41
4,ten,no,64,41
4,ten,no,64,45
4,ten,no,64,42
4,ten,no,64,44
4,ten,no,64,47
4,ten,no,64,41
4,ten,no,64,46
4,ten,no,64,42
4,ten,no,64,41
4,ten,no,64,43
4,ten,no,64,43
4,ten,no,64,49
4,ten,no,64,40
4,ten,no,64,48
4,ten,no,64,38
4,ten,no,64,45
4,ten,no,64,45
4,ten,no,64,38
4,ten,no,64,44
4,ten,no,64,45
4,ten,no,64,41
4,ten,no,64,38
4,ten,no,64,45
4,ten,no,64,40
4,ten,no,64,44
4,ten,no,64,44
4,ten,no,64,38
4,ten,no,64,46
4,ten,no,64,45
4,ten,no,64,43
4,ten,no,64,39
4,ten,no,64,39
4,ten,no,64,40
4,ten,no,64,41
4,ten,no,64,44
4,ten,no,64,46
4,ten,no,64,47
4,ten,no,64,47
4,ten,no,64,43
4,ten,no,64,47
4,ten,no,64,41
4,ten,no,64,44
4,ten,no,64,43
4,ten,no,64,45
4,ten,no,64,45
4,ten,no,64,46
4,ten,no,64,42
4,ten,no,64,46
4,ten,no,64,44
4,ten,no,64,42
4,ten,no,64,44
4,ten,no,64,46
4,ten,no,64,41
4,ten,no,64,47
4,ten,no,64,47
4,ten,no,64,45
4,ten,no,64,41
4,ten,no,64,47
4,ten,no,64,46
4,ten,no,64,45
4,ten,no,64,43
4,ten,no,64,42
4,ten,no,64,41
4,ten,no,64,37
4,ten,no,64,45
4,ten,no,64,44
4,ten,no,64,44
4,ten,no,64,42
4,ten,no,64,45
4,ten,no,64,36
4,ten,no,64,45
4,ten,no,64,40
4,ten,no,64,44
4,ten,no,64,45
4,ten,no,64,43
4,ten,no,64,43
4,ten,no,64,42
4,ten,no,128,42
4,ten,no,128,50
4,ten,no,128,56
4,ten,no,128,47
4,ten,no,128,47
4,ten,no,128,50
4,ten,no,128,48
4,ten,no,128,47
4,ten,no,128,53
4,ten,no,128,51
4,ten,no,128,49
4,ten,no,128,46
4,ten,no,128,50
4,ten,no,128,48
4,ten,no,128,47
4,ten,no,128,54
4,ten,no,128,52
4,ten,no,128,49
4,ten,no,128,48
4,ten,no,128,49
4,ten,no,128,53
4,ten,no,128,51
4,ten,no,128,46
4,ten,no,128,56
4,ten,no,128,49
4,ten,no,128,50
4,ten,no,128,48
4,ten,no,128,50
4,ten,no,128,47
4,ten,no,128,47
4,ten,no,128,52
4,ten,no,128,51
4,ten,no,128,51
4,ten,no,128,47
4,ten,no,128,47
4,ten,no,128,49
4,ten,no,128,52
4,ten,no,128,52
4,ten,no,128,47
4,ten,no,128,48
4,ten,no,128,52
4,ten,no,128,50
4,ten,no,128,55
4,ten,no,128,47
4,ten,no,128,54
4,ten,no,128,53
4,ten,no,128,51
4,ten,no,128,48
4,ten,no,128,49
4,ten,no,128,50
4,ten,no,128,42
4,ten,no,128,50
4,ten,no,128,50
4,ten,no,128,49
4,ten,no,128,49
4,ten,no,128,48
4,ten,no,128,48
4,ten,no,128,53
4,ten,no,128,47
4,ten,no,128,52
4,ten,no,128,47
4,ten,no,128,50
4,ten,no,128,48
4,ten,no,128,47
4,ten,no,128,52
4,ten,no,128,53
4,ten,no,128,48
4,ten,no,128,50
4,ten,no,128,50
4,ten,no,128,49
4,ten,no,128,53
4,ten,no,128,50
4,ten,no,128,52
4,ten,no,128,44
4,ten,no,128,47
4,ten,no,128,45
4,ten,no,128,48
4,ten,no,128,46
4,ten,no,128,51
4,ten,no,128,51
4,ten,no,128,49
4,ten,no,128,46
4,ten,no,128,48
4,ten,no,128,51
4,ten,no,128,45
4,ten,no,128,49
4,ten,no,128,50
4,ten,no,128,46
4,ten,no,128,49
4,ten,no,128,44
4,ten,no,128,54
4,ten,no,128,49
4,ten,no,128,48
4,ten,no,128,51
4,ten,no,128,50
4,ten,no,128,52
4,ten,no,128,48
4,ten,no,128,47
4,ten,no,128,52
4,ten,no,128,47
5,twenty,yes,2,5
5,twenty,yes,2,4
5,twenty,yes,2,3
5,twenty,yes,2,3
5,twenty,yes,2,3
5,twenty,yes,2,0
5,twenty,yes,2,1
5,twenty,yes,2,3
5,twenty,yes,2,3
5,twenty,yes,2,0
5,twenty,yes,2,0
5,twenty,yes,2,5
5,twenty,yes,2,0
5,twenty,yes,2,3
5,twenty,yes,2,4
5,twenty,yes,2,0
5,twenty,yes,2,0
5,twenty,yes,2,1
5,twenty,yes,2,5
5,twenty,yes,2,3
5,twenty,yes,2,3
5,twenty,yes,2,3
5,twenty,yes,2,1
5,twenty,yes,2,4
5,twenty,yes,2,0
5,twenty,yes,2,6
5,twenty,yes,2,1
5,twenty,yes,2,3
5,twenty,yes,2,3
5,twenty,yes,2,1
5,twenty,yes,2,1
5,twenty,yes,2,3
5,twenty,yes,2,5
5,twenty,yes,2,3
5,twenty,yes,2,0
5,twenty,yes,2,4
5,twenty,yes,2,2
5,twenty,yes,2,0
5,twenty,yes,2,3
5,twenty,yes,2,1
5,twenty,yes,2,2
5,twenty,yes,2,4
5,twenty,yes,2,4
5,twenty,yes,2,0
5,twenty,yes,2,2
5,twenty,yes,2,3
5,twenty,yes,2,3
5,twenty,yes,2,3
5,twenty,yes,2,3
5,twenty,yes,2,3
5,twenty,yes,2,2
5,twenty,yes,2,2
5,twenty,yes,2,0
5,twenty,yes,2,1
5,twenty,yes,2,1
5,twenty,yes,2,1
5,twenty,yes,2,1
5,twenty,yes,2,3
5,twenty,yes,2,3
5,twenty,yes,2,1
5,twenty,yes,2,4
5,twenty,yes,2,3
5,twenty,yes,2,3
5,twenty,yes,2,2
5,twenty,yes,2,2
5,twenty,yes,2,0
5,twenty,yes,2,3
5,twenty,yes,2,4
5,twenty,yes,2,3
5,twenty,yes,2,3
5,twenty,yes,2,0
5,twenty,yes,2,4
5,twenty,yes,2,1
5,twenty,yes,2,0
5,twenty,yes,2,2
5,twenty,yes,2,0
5,twenty,yes,2,0
5,twenty,yes,2,3
5,twenty,yes,2,3
5,twenty,yes,2,2
5,twenty,yes,2,3
5,twenty,yes,2,0
5,twenty,yes,2,0
5,twenty,yes,2,3
5,twenty,yes,2,2
5,twenty,yes,2,2
5,twenty,yes,2,5
5,twenty,yes,2,5
5,twenty,yes,2,3
5,twenty,yes,2,3
5,twenty,yes,2,0
5,twenty,yes,2,3
5,twenty,yes,2,4
5,twenty,yes,2,2
5,twenty,yes,2,3
5,twenty,yes,2,1
5,twenty,yes,2,1
5,twenty,yes,2,4
5,twenty,yes,2,2
5,twenty,yes,2,0
5,twenty,yes,4,3
5,twenty,yes,4,3
5,twenty,yes,4,4
5,twenty,yes,4,5
5,twenty,yes,4,6
5,twenty,yes,4,4
5,twenty,yes,4,2
5,twenty,yes,4,0
5,twenty,yes,4,4
5,twenty,yes,4,3
5,twenty,yes,4,4
5,twenty,yes,4,5
5,twenty,yes,4,6
5,twenty,yes,4,5
5,twenty,yes,4,3
5,twenty,yes,4,3
5,twenty,yes,4,4
5,twenty,yes,4,3
5,twenty,yes,4,6
5,twenty,yes,4,3
5,twenty,yes,4,5
5,twenty,yes,4,5
5,twenty,yes,4,4
5,twenty,yes,4,3
5,twenty,yes,4,3
5,twenty,yes,4,1
5,twenty,yes,4,4
5,twenty,yes,4,0
5,twenty,yes,4,5
5,twenty,yes,4,6
5,twenty,yes,4,1
5,twenty,yes,4,3
5,twenty,yes,4,4
5,twenty,yes,4,3
5,twenty,yes,4,4
5,twenty,yes,4,4
5,twenty,yes,4,4
5,twenty,yes,4,2
5,twenty,yes,4,4
5,twenty,yes,4,5
5,twenty,yes,4,4
5,twenty,yes,4,3
5,twenty,yes,4,5
5,twenty,yes,4,5
5,twenty,yes,4,3
5,twenty,yes,4,5
5,twenty,yes,4,5
5,twenty,yes,4,5
5,twenty,yes,4,0
5,twenty,yes,4,5
5,twenty,yes,4,3
5,twenty,yes,4,6
5,twenty,yes,4,6
5,twenty,yes,4,5
5,twenty,yes,4,3
5,twenty,yes,4,7
5,twenty,yes,4,4
5,twenty,yes,4,4
5,twenty,yes,4,3
5,twenty,yes,4,6
5,twenty,yes,4,2
5,twenty,yes,4,3
5,twenty,yes,4,2
5,twenty,yes,4,3
5,twenty,yes,4,4
5,twenty,yes,4,2
5,twenty,yes,4,3
5,twenty,yes,4,3
5,twenty,yes,4,5
5,twenty,yes,4,4
5,twenty,yes,4,4
5,twenty,yes,4,4
5,twenty,yes,4,4
5,twenty,yes,4,5
5,twenty,yes,4,3
5,twenty,yes,4,6
5,twenty,yes,4,1
5,twenty,yes,4,1
5,twenty,yes,4,6
5,twenty,yes,4,3
5,twenty,yes,4,3
5,twenty,yes,4,2
5,twenty,yes,4,3
5,twenty,yes,4,5
5,twenty,yes,4,3
5,twenty,yes,4,3
5,twenty,yes,4,3
5,twenty,yes,4,5
5,twenty,yes,4,1
5,twenty,yes,4,3
5,twenty,yes,4,4
5,twenty,yes,4,3
5,twenty,yes,4,4
5,twenty,yes,4,5
5,twenty,yes,4,6
5,twenty,yes,4,4
5,twenty,yes,4,3
5,twenty,yes,4,5
5,twenty,yes,4,3
5,twenty,yes,4,4
5,twenty,yes,8,3
5,twenty,yes,8,6
5,twenty,yes,8,8
5,twenty,yes,8,7
5,twenty,yes,8,5
5,twenty,yes,8,5
5,twenty,yes,8,5
5,twenty,yes,8,3
5,twenty,yes,8,7
5,twenty,yes,8,7
5,twenty,yes,8,5
5,twenty,yes,8,3
5,twenty,yes,8,7
5,twenty,yes,8,4
5,twenty,yes,8,6
5,twenty,yes,8,6
5,twenty,yes,8,6
5,twenty,yes,8,5
5,twenty,yes,8,6
5,twenty,yes,8,8
5,twenty,yes,8,4
5,twenty,yes,8,6
5,twenty,yes,8,4
5,twenty,yes,8,8
5,twenty,yes,8,4
5,twenty,yes,8,5
5,twenty,yes,8,7
5,twenty,yes,8,9
5,twenty,yes,8,5
5,twenty,yes,8,5
5,twenty,yes,8,9
5,twenty,yes,8,4
5,twenty,yes,8,4
5,twenty,yes,8,5
5,twenty,yes,8,5
5,twenty,yes,8,9
5,twenty,yes,8,6
5,twenty,yes,8,6
5,twenty,yes,8,4
5,twenty,yes,8,7
5,twenty,yes,8,5
5,twenty,yes,8,7
5,twenty,yes,8,8
5,twenty,yes,8,4
5,twenty,yes,8,10
5,twenty,yes,8,4
5,twenty,yes,8,7
5,twenty,yes,8,8
5,twenty,yes,8,4
5,twenty,yes,8,9
5,twenty,yes,8,7
5,twenty,yes,8,7
5,twenty,yes,8,6
5,twenty,yes,8,5
5,twenty,yes,8,7
5,twenty,yes,8,6
5,twenty,yes,8,6
5,twenty,yes,8,4
5,twenty,yes,8,7
5,twenty,yes,8,8
5,twenty,yes,8,4
5,twenty,yes,8,6
5,twenty,yes,8,7
5,twenty,yes,8,7
5,twenty,yes,8,6
5,twenty,yes,8,7
5,twenty,yes,8,7
5,twenty,yes,8,7
5,twenty,yes,8,3
5,twenty,yes,8,6
5,twenty,yes,8,8
5,twenty,yes,8,5
5,twenty,yes,8,5
5,twenty,yes,8,6
5,twenty,yes,8,5
5,twenty,yes,8,6
5,twenty,yes,8,5
5,twenty,yes,8,5
5,twenty,yes,8,8
5,twenty,yes,8,7
5,twenty,yes,8,7
5,twenty,yes,8,9
5,twenty,yes,8,5
5,twenty,yes,8,8
5,twenty,yes,8,7
5,twenty,yes,8,4
5,twenty,yes,8,7
5,twenty,yes,8,9
5,twenty,yes,8,7
5,twenty,yes,8,7
5,twenty,yes,8,7
5,twenty,yes,8,4
5,twenty,yes,8,8
5,twenty,yes,8,6
5,twenty,yes,8,6
5,twenty,yes,8,4
5,twenty,yes,8,5
5,twenty,yes,8,6
5,twenty,yes,8,7
5,twenty,yes,8,6
5,twenty,yes,16,9
5,twenty,yes,16,8
5,twenty,yes,16,10
5,twenty,yes,16,6
5,twenty,yes,16,7
5,twenty,yes,16,8
5,twenty,yes,16,10
5,twenty,yes,16,7
5,twenty,yes,16,9
5,twenty,yes,16,8
5,twenty,yes,16,11
5,twenty,yes,16,9
5,twenty,yes,16,10
5,twenty,yes,16,9
5,twenty,yes,16,9
5,twenty,yes,16,9
5,twenty,yes,16,6
5,twenty,yes,16,5
5,twenty,yes,16,11
5,twenty,yes,16,7
5,twenty,yes,16,8
5,twenty,yes,16,6
5,twenty,yes,16,10
5,twenty,yes,16,11
5,twenty,yes,16,5
5,twenty,yes,16,7
5,twenty,yes,16,10
5,twenty,yes,16,9
5,twenty,yes,16,7
5,twenty,yes,16,6
5,twenty,yes,16,10
5,twenty,yes,16,7
5,twenty,yes,16,6
5,twenty,yes,16,9
5,twenty,yes,16,5
5,twenty,yes,16,9
5,twenty,yes,16,8
5,twenty,yes,16,4
5,twenty,yes,16,5
5,twenty,yes,16,9
5,twenty,yes,16,9
5,twenty,yes,16,9
5,twenty,yes,16,7
5,twenty,yes,16,4
5,twenty,yes,16,7
5,twenty,yes,16,5
5,twenty,yes,16,6
5,twenty,yes,16,6
5,twenty,yes,16,8
5,twenty,yes,16,10
5,twenty,yes,16,7
5,twenty,yes,16,8
5,twenty,yes,16,9
5,twenty,yes,16,6
5,twenty,yes,16,7
5,twenty,yes,16,12
5,twenty,yes,16,5
5,twenty,yes,16,6
5,twenty,yes,16,8
5,twenty,yes,16,7
5,twenty,yes,16,9
5,twenty,yes,16,7
5,twenty,yes,16,7
5,twenty,yes,16,7
5,twenty,yes,16,7
5,twenty,yes,16,3
5,twenty,yes,16,10
5,twenty,yes,16,9
5,twenty,yes,16,9
5,twenty,yes,16,8
5,twenty,yes,16,7
5,twenty,yes,16,7
5,twenty,yes,16,9
5,twenty,yes,16,10
5,twenty,yes,16,10
5,twenty,yes,16,9
5,twenty,yes,16,5
5,twenty,yes,16,9
5,twenty,yes,16,11
5,twenty,yes,16,8
5,twenty,yes,16,7
5,twenty,yes,16,7
5,twenty,yes,16,9
5,twenty,yes,16,6
5,twenty,yes,16,9
5,twenty,yes,16,8
5,twenty,yes,16,12
5,twenty,yes,16,9
5,twenty,yes,16,4
5,twenty,yes,16,9
5,twenty,yes,16,4
5,twenty,yes,16,10
5,twenty,yes,16,7
5,twenty,yes,16,9
5,twenty,yes,16,7
5,twenty,yes,16,9
5,twenty,yes,16,9
5,twenty,yes,16,9
5,twenty,yes,16,6
5,twenty,yes,16,8
5,twenty,yes,32,13
5,twenty,yes,32,15
5,twenty,yes,32,11
5,twenty,yes,32,11
5,twenty,yes,32,9
5,twenty,yes,32,12
5,twenty,yes,32,14
5,twenty,yes,32,10
5,twenty,yes,32,10
5,twenty,yes,32,12
5,twenty,yes,32,12
5,twenty,yes,32,12
5,twenty,yes,32,11
5,twenty,yes,32,13
5,twenty,yes,32,12
5,twenty,yes,32,10
5,twenty,yes,32,13
5,twenty,yes,32,9
5,twenty,yes,32,12
5,twenty,yes,32,10
5,twenty,yes,32,14
5,twenty,yes,32,10
5,twenty,yes,32,14
5,twenty,yes,32,11
5,twenty,yes,32,14
5,twenty,yes,32,13
5,twenty,yes,32,10
5,twenty,yes,32,12
5,twenty,yes,32,12
5,twenty,yes,32,11
5,twenty,yes,32,10
5,twenty,yes,32,15
5,twenty,yes,32,13
5,twenty,yes,32,11
5,twenty,yes,32,9
5,twenty,yes,32,13
5,twenty,yes,32,9
5,twenty,yes,32,14
5,twenty,yes,32,12
5,twenty,yes,32,9
5,twenty,yes,32,13
5,twenty,yes,32,10
5,twenty,yes,32,10
5,twenty,yes,32,12
5,twenty,yes,32,11
5,twenty,yes,32,13
5,twenty,yes,32,17
5,twenty,yes,32,12
5,twenty,yes,32,12
5,twenty,yes,32,9
5,twenty,yes,32,11
5,twenty,yes,32,14
5,twenty,yes,32,17
5,twenty,yes,32,10
5,twenty,yes,32,16
5,twenty,yes,32,10
5,twenty,yes,32,13
5,twenty,yes,32,11
5,twenty,yes,32,15
5,twenty,yes,32,13
5,twenty,yes,32,15
5,twenty,yes,32,12
5,twenty,yes,32,9
5,twenty,yes,32,11
5,twenty,yes,32,16
5,twenty,yes,32,11
5,twenty,yes,32,12
5,twenty,yes,32,13
5,twenty,yes,32,11
5,twenty,yes,32,13
5,twenty,yes,32,10
5,twenty,yes,32,15
5,twenty,yes,32,8
5,twenty,yes,32,9
5,twenty,yes,32,10
5,twenty,yes,32,14
5,twenty,yes,32,13
5,twenty,yes,32,12
5,twenty,yes,32,10
5,twenty,yes,32,10
5,twenty,yes,32,11
5,twenty,yes,32,14
5,twenty,yes,32,14
5,twenty,yes,32,11
5,twenty,yes,32,12
5,twenty,yes,32,12
5,twenty,yes,32,12
5,twenty,yes,32,13
5,twenty,yes,32,7
5,twenty,yes,32,12
5,twenty,yes,32,14
5,twenty,yes,32,8
5,twenty,yes,32,11
5,twenty,yes,32,12
5,twenty,yes,32,10
5,twenty,yes,32,12
5,twenty,yes,32,12
5,twenty,yes,32,14
5,twenty,yes,32,11
5,twenty,yes,32,11
5,twenty,yes,64,16
5,twenty,yes,64,15
5,twenty,yes,64,14
5,twenty,yes,64,16
5,twenty,yes,64,20
5,twenty,yes,64,15
5,twenty,yes,64,19
5,twenty,yes,64,14
5,twenty,yes,64,13
5,twenty,yes,64,14
5,twenty,yes,64,14
5,twenty,yes,64,13
5,twenty,yes,64,15
5,twenty,yes,64,12
5,twenty,yes,64,12
5,twenty,yes,64,18
5,twenty,yes,64,10
5,twenty,yes,64,14
5,twenty,yes,64,15
5,twenty,yes,64,14
5,twenty,yes,64,12
5,twenty,yes,64,14
5,twenty,yes,64,14
5,twenty,yes,64,15
5,twenty,yes,64,10
5,twenty,yes,64,14
5,twenty,yes,64,17
5,twenty,yes,64,15
5,twenty,yes,64,18
5,twenty,yes,64,14
5,twenty,yes,64,18
5,twenty,yes,64,13
5,twenty,yes,64,15
5,twenty,yes,64,17
5,twenty,yes,64,14
5,twenty,yes,64,14
5,twenty,yes,64,14
5,twenty,yes,64,11
5,twenty,yes,64,15
5,twenty,yes,64,12
5,twenty,yes,64,13
5,twenty,yes,64,16
5,twenty,yes,64,15
5,twenty,yes,64,11
5,twenty,yes,64,11
5,twenty,yes,64,15
5,twenty,yes,64,17
5,twenty,yes,64,15
5,twenty,yes,64,13
5,twenty,yes,64,9
5,twenty,yes,64,14
5,twenty,yes,64,14
5,twenty,yes,64,12
5,twenty,yes,64,14
5,twenty,yes,64,11
5,twenty,yes,64,13
5,twenty,yes,64,15
5,twenty,yes,64,13
5,twenty,yes,64,15
5,twenty,yes,64,13
5,twenty,yes,64,16
5,twenty,yes,64,15
5,twenty,yes,64,22
5,twenty,yes,64,14
5,twenty,yes,64,11
5,twenty,yes,64,18
5,twenty,yes,64,13
5,twenty,yes,64,16
5,twenty,yes,64,16
5,twenty,yes,64,16
5,twenty,yes,64,16
5,twenty,yes,64,15
5,twenty,yes,64,14
5,twenty,yes,64,13
5,twenty,yes,64,15
5,twenty,yes,64,11
5,twenty,yes,64,14
5,twenty,yes,64,14
5,twenty,yes,64,13
5,twenty,yes,64,16
5,twenty,yes,64,14
5,twenty,yes,64,13
5,twenty,yes,64,15
5,twenty,yes,64,10
5,twenty,yes,64,17
5,twenty,yes,64,17
5,twenty,yes,64,14
5,twenty,yes,64,17
5,twenty,yes,64,13
5,twenty,yes,64,15
5,twenty,yes,64,11
5,twenty,yes,64,12
5,twenty,yes,64,14
5,twenty,yes,64,13
5,twenty,yes,64,12
5,twenty,yes,64,12
5,twenty,yes,64,20
5,twenty,yes,64,14
5,twenty,yes,64,13
5,twenty,yes,64,14
5,twenty,yes,128,17
5,twenty,yes,128,17
5,twenty,yes,128,23
5,twenty,yes,128,17
5,twenty,yes,128,14
5,twenty,yes,128,18
5,twenty,yes,128,21
5,twenty,yes,128,18
5,twenty,yes,128,22
5,twenty,yes,128,18
5,twenty,yes,128,18
5,twenty,yes,128,20
5,twenty,yes,128,19
5,twenty,yes,128,19
5,twenty,yes,128,17
5,twenty,yes,128,21
5,twenty,yes,128,20
5,twenty,yes,128,24
5,twenty,yes,128,20
5,twenty,yes,128,19
5,twenty,yes,128,21
5,twenty,yes,128,18
5,twenty,yes,128,19
5,twenty,yes,128,21
5,twenty,yes,128,22
5,twenty,yes,128,19
5,twenty,yes,128,18
5,twenty,yes,128,21
5,twenty,yes,128,16
5,twenty,yes,128,16
5,twenty,yes,128,20
5,twenty,yes,128,24
5,twenty,yes,128,17
5,twenty,yes,128,21
5,twenty,yes,128,24
5,twenty,yes,128,19
5,twenty,yes,128,18
5,twenty,yes,128,19
5,twenty,yes,128,22
5,twenty,yes,128,16
5,twenty,yes,128,18
5,twenty,yes,128,19
5,twenty,yes,128,22
5,twenty,yes,128,18
5,twenty,yes,128,15
5,twenty,yes,128,18
5,twenty,yes,128,20
5,twenty,yes,128,21
5,twenty,yes,128,21
5,twenty,yes,128,25
5,twenty,yes,128,21
5,twenty,yes,128,20
5,twenty,yes,128,21
5,twenty,yes,128,21
5,twenty,yes,128,21
5,twenty,yes,128,15
5,twenty,yes,128,17
5,twenty,yes,128,20
5,twenty,yes,128,20
5,twenty,yes,128,20
5,twenty,yes,128,15
5,twenty,yes,128,25
5,twenty,yes,128,20
5,twenty,yes,128,25
5,twenty,yes,128,19
5,twenty,yes,128,21
5,twenty,yes,128,23
5,twenty,yes,128,22
5,twenty,yes,128,22
5,twenty,yes,128,18
5,twenty,yes,128,16
5,twenty,yes,128,20
5,twenty,yes,128,18
5,twenty,yes,128,17
5,twenty,yes,128,18
5,twenty,yes,128,19
5,twenty,yes,128,22
5,twenty,yes,128,20
5,twenty,yes,128,21
5,twenty,yes,128,15
5,twenty,yes,128,15
5,twenty,yes,128,20
5,twenty,yes,128,16
5,twenty,yes,128,24
5,twenty,yes,128,23
5,twenty,yes,128,17
5,twenty,yes,128,15
5,twenty,yes,128,19
5,twenty,yes,128,20
5,twenty,yes,128,20
5,twenty,yes,128,19
5,twenty,yes,128,21
5,twenty,yes,128,22
5,twenty,yes,128,21
5,twenty,yes,128,18
5,twenty,yes,128,18
5,twenty,yes,128,15
5,twenty,yes,128,20
5,twenty,yes,128,17
5,twenty,yes,128,18
6,twenty,no,2,11
6,twenty,no,2,5
6,twenty,no,2,62
6,twenty,no,2,11
6,twenty,no,2,58
6,twenty,no,2,5
6,twenty,no,2,66
6,twenty,no,2,5
6,twenty,no,2,17
6,twenty,no,2,16
6,twenty,no,2,0
6,twenty,no,2,60
6,twenty,no,2,18
6,twenty,no,2,14
6,twenty,no,2,22
6,twenty,no,2,57
6,twenty,no,2,3
6,twenty,no,2,11
6,twenty,no,2,14
6,twenty,no,2,62
6,twenty,no,2,59
6,twenty,no,2,61
6,twenty,no,2,65
6,twenty,no,2,61
6,twenty,no,2,61
6,twenty,no,2,2
6,twenty,no,2,14
6,twenty,no,2,3
6,twenty,no,2,58
6,twenty,no,2,61
6,twenty,no,2,14
6,twenty,no,2,67
6,twenty,no,2,61
6,twenty,no,2,14
6,twenty,no,2,61
6,twenty,no,2,4
6,twenty,no,2,60
6,twenty,no,2,66
6,twenty,no,2,60
6,twenty,no,2,3
6,twenty,no,2,1
6,twenty,no,2,61
6,twenty,no,2,5
6,twenty,no,2,61
6,twenty,no,2,61
6,twenty,no,2,3
6,twenty,no,2,61
6,twenty,no,2,62
6,twenty,no,2,61
6,twenty,no,2,11
6,twenty,no,2,60
6,twenty,no,2,4
6,twenty,no,2,60
6,twenty,no,2,20
6,twenty,no,2,14
6,twenty,no,2,61
6,twenty,no,2,10
6,twenty,no,2,4
6,twenty,no,2,14
6,twenty,no,2,17
6,twenty,no,2,0
6,twenty,no,2,11
6,twenty,no,2,10
6,twenty,no,2,63
6,twenty,no,2,3
6,twenty,no,2,13
6,twenty,no,2,61
6,twenty,no,2,18
6,twenty,no,2,1
6,twenty,no,2,59
6,twenty,no,2,60
6,twenty,no,2,61
6,twenty,no,2,61
6,twenty,no,2,59
6,twenty,no,2,4
6,twenty,no,2,18
6,twenty,no,2,12
6,twenty,no,2,3
6,twenty,no,2,10
6,twenty,no,2,60
6,twenty,no,2,63
6,twenty,no,2,62
6,twenty,no,2,13
6,twenty,no,2,2
6,twenty,no,2,61
6,twenty,no,2,11
6,twenty,no,2,60
6,twenty,no,2,59
6,twenty,no,2,3
6,twenty,no,2,0
6,twenty,no,2,66
6,twenty,no,2,59
6,twenty,no,2,5
6,twenty,no,2,14
6,twenty,no,2,10
6,twenty,no,2,15
6,twenty,no,2,2
6,twenty,no,2,14
6,twenty,no,2,59
6,twenty,no,2,60
6,twenty,no,4,68
6,twenty,no,4,14
6,twenty,no,4,18
6,twenty,no,4,17
6,twenty,no,4,69
6,twenty,no,4,25
6,twenty,no,4,69
6,twenty,no,4,73
6,twenty,no,4,69
6,twenty,no,4,67
6,twenty,no,4,68
6,twenty,no,4,69
6,twenty,no,4,23
6,twenty,no,4,20
6,twenty,no,4,73
6,twenty,no,4,64
6,twenty,no,4,15
6,twenty,no,4,65
6,twenty,no,4,69
6,twenty,no,4,20
6,twenty,no,4,73
6,twenty,no,4,72
6,twenty,no,4,64
6,twenty,no,4,68
6,twenty,no,4,68
6,twenty,no,4,28
6,twenty,no,4,66
6,twenty,no,4,66
6,twenty,no,4,65
6,twenty,no,4,69
6,twenty,no,4,74
6,twenty,no,4,77
6,twenty,no,4,78
6,twenty,no,4,17
6,twenty,no,4,5
6,twenty,no,4,63
6,twenty,no,4,71
6,twenty,no,4,68
6,twenty,no,4,64
6,twenty,no,4,69
6,twenty,no,4,72
6,twenty,no,4,79
6,twenty,no,4,67
6,twenty,no,4,66
6,twenty,no,4,75
6,twenty,no,4,20
6,twenty,no,4,67
6,twenty,no,4,77
6,twenty,no,4,22
6,twenty,no,4,63
6,twenty,no,4,74
6,twenty,no,4,69
6,twenty,no,4,25
6,twenty,no,4,65
6,twenty,no,4,14
6,twenty,no,4,68
6,twenty,no,4,15
6,twenty,no,4,17
6,twenty,no,4,17
6,twenty,no,4,68
6,twenty,no,4,63
6,twenty,no,4,69
6,twenty,no,4,24
6,twenty,no,4,13
6,twenty,no,4,15
6,twenty,no,4,61
6,twenty,no,4,16
6,twenty,no,4,69
6,twenty,no,4,66
6,twenty,no,4,31
6,twenty,no,4,65
6,twenty,no,4,69
6,twenty,no,4,63
6,twenty,no,4,5
6,twenty,no,4,69
6,twenty,no,4,74
6,twenty,no,4,66
6,twenty,no,4,70
6,twenty,no,4,78
6,twenty,no,4,15
6,twenty,no,4,73
6,twenty,no,4,65
6,twenty,no,4,66
6,twenty,no,4,63
6,twenty,no,4,63
6,twenty,no,4,70
6,twenty,no,4,66
6,twenty,no,4,70
6,twenty,no,4,60
6,twenty,no,4,61
6,twenty,no,4,7
6,twenty,no,4,65
6,twenty,no,4,75
6,twenty,no,4,68
6,twenty,no,4,21
6,twenty,no,4,80
6,twenty,no,4,70
6,twenty,no,4,66
6,twenty,no,4,19
6,twenty,no,4,72
6,twenty,no,8,70
6,twenty,no,8,81
6,twenty,no,8,83
6,twenty,no,8,86
6,twenty,no,8,77
6,twenty,no,8,88
6,twenty,no,8,73
6,twenty,no,8,75
6,twenty,no,8,74
6,twenty,no,8,73
6,twenty,no,8,35
6,twenty,no,8,73
6,twenty,no,8,73
6,twenty,no,8,71
6,twenty,no,8,66
6,twenty,no,8,80
6,twenty,no,8,71
6,twenty,no,8,73
6,twenty,no,8,82
6,twenty,no,8,70
6,twenty,no,8,77
6,twenty,no,8,73
6,twenty,no,8,82
6,twenty,no,8,82
6,twenty,no,8,85
6,twenty,no,8,75
6,twenty,no,8,75
6,twenty,no,8,79
6,twenty,no,8,73
6,twenty,no,8,72
6,twenty,no,8,81
6,twenty,no,8,80
6,twenty,no,8,79
6,twenty,no,8,71
6,twenty,no,8,68
6,twenty,no,8,82
6,twenty,no,8,79
6,twenty,no,8,26
6,twenty,no,8,78
6,twenty,no,8,70
6,twenty,no,8,87
6,twenty,no,8,82
6,twenty,no,8,20
6,twenty,no,8,81
6,twenty,no,8,86
6,twenty,no,8,71
6,twenty,no,8,90
6,twenty,no,8,74
6,twenty,no,8,75
6,twenty,no,8,82
6,twenty,no,8,77
6,twenty,no,8,77
6,twenty,no,8,70
6,twenty,no,8,79
6,twenty,no,8,76
6,twenty,no,8,81
6,twenty,no,8,77
6,twenty,no,8,82
6,twenty,no,8,78
6,twenty,no,8,70
6,twenty,no,8,69
6,twenty,no,8,76
6,twenty,no,8,89
6,twenty,no,8,81
6,twenty,no,8,88
6,twenty,no,8,82
6,twenty,no,8,76
6,twenty,no,8,76
6,twenty,no,8,76
6,twenty,no,8,91
6,twenty,no,8,78
6,twenty,no,8,79
6,twenty,no,8,75
6,twenty,no,8,77
6,twenty,no,8,26
6,twenty,no,8,89
6,twenty,no,8,74
6,twenty,no,8,82
6,twenty,no,8,74
6,twenty,no,8,78
6,twenty,no,8,74
6,twenty,no,8,85
6,twenty,no,8,70
6,twenty,no,8,85
6,twenty,no,8,80
6,twenty,no,8,82
6,twenty,no,8,68
6,twenty,no,8,79
6,twenty,no,8,79
6,twenty,no,8,76
6,twenty,no,8,20
6,twenty,no,8,69
6,twenty,no,8,62
6,twenty,no,8,81
6,twenty,no,8,76
6,twenty,no,8,75
6,twenty,no,8,90
6,twenty,no,8,75
6,twenty,no,8,70
6,twenty,no,8,20
6,twenty,no,16,85
6,twenty,no,16,82
6,twenty,no,16,88
6,twenty,no,16,85
6,twenty,no,16,90
6,twenty,no,16,86
6,twenty,no,16,86
6,twenty,no,16,83
6,twenty,no,16,95
6,twenty,no,16,79
6,twenty,no,16,78
6,twenty,no,16,95
6,twenty,no,16,93
6,twenty,no,16,75
6,twenty,no,16,82
6,twenty,no,16,88
6,twenty,no,16,93
6,twenty,no,16,86
6,twenty,no,16,93
6,twenty,no,16,91
6,twenty,no,16,84
6,twenty,no,16,85
6,twenty,no,16,90
6,twenty,no,16,98
6,twenty,no,16,94
6,twenty,no,16,87
6,twenty,no,16,89
6,twenty,no,16,78
6,twenty,no,16,83
6,twenty,no,16,84
6,twenty,no,16,87
6,twenty,no,16,90
6,twenty,no,16,95
6,twenty,no,16,97
6,twenty,no,16,94
6,twenty,no,16,93
6,twenty,no,16,78
6,twenty,no,16,89
6,twenty,no,16,89
6,twenty,no,16,85
6,twenty,no,16,77
6,twenty,no,16,90
6,twenty,no,16,77
6,twenty,no,16,87
6,twenty,no,16,92
6,twenty,no,16,97
6,twenty,no,16,82
6,twenty,no,16,95
6,twenty,no,16,86
6,twenty,no,16,83
6,twenty,no,16,98
6,twenty,no,16,86
6,twenty,no,16,90
6,twenty,no,16,88
6,twenty,no,16,87
6,twenty,no,16,91
6,twenty,no,16,82
6,twenty,no,16,90
6,twenty,no,16,89
6,twenty,no,16,85
6,twenty,no,16,86
6,twenty,no,16,88
6,twenty,no,16,94
6,twenty,no,16,84
6,twenty,no,16,75
6,twenty,no,16,89
6,twenty,no,16,88
6,twenty,no,16,96
6,twenty,no,16,85
6,twenty,no,16,89
6,twenty,no,16,79
6,twenty,no,16,85
6,twenty,no,16,91
6,twenty,no,16,73
6,twenty,no,16,86
6,twenty,no,16,94
6,twenty,no,16,78
6,twenty,no,16,77
6,twenty,no,16,92
6,twenty,no,16,94
6,twenty,no,16,93
6,twenty,no,16,92
6,twenty,no,16,87
6,twenty,no,16,84
6,twenty,no,16,98
6,twenty,no,16,96
6,twenty,no,16,95
6,twenty,no,16,96
6,twenty,no,16,93
6,twenty,no,16,77
6,twenty,no,16,78
6,twenty,no,16,86
6,twenty,no,16,79
6,twenty,no,16,87
6,twenty,no,16,81
6,twenty,no,16,97
6,twenty,no,16,95
6,twenty,no,16,93
6,twenty,no,16,96
6,twenty,no,16,76
6,twenty,no,32,103
6,twenty,no,32,93
6,twenty,no,32,98
6,twenty,no,32,108
6,twenty,no,32,96
6,twenty,no,32,97
6,twenty,no,32,90
6,twenty,no,32,104
6,twenty,no,32,105
6,twenty,no,32,107
6,twenty,no,32,98
6,twenty,no,32,104
6,twenty,no,32,101
6,twenty,no,32,92
6,twenty,no,32,105
6,twenty,no,32,90
6,twenty,no,32,91
6,twenty,no,32,99
6,twenty,no,32,97
6,twenty,no,32,102
6,twenty,no,32,95
6,twenty,no,32,91
6,twenty,no,32,103
6,twenty,no,32,97
6,twenty,no,32,90
6,twenty,no,32,106
6,twenty,no,32,104
6,twenty,no,32,101
6,twenty,no,32,97
6,twenty,no,32,100
6,twenty,no,32,99
6,twenty,no,32,91
6,twenty,no,32,103
6,twenty,no,32,99
6,twenty,no,32,106
6,twenty,no,32,96
6,twenty,no,32,95
6,twenty,no,32,100
6,twenty,no,32,103
6,twenty,no,32,92
6,twenty,no,32,92
6,twenty,no,32,104
6,twenty,no,32,104
6,twenty,no,32,99
6,twenty,no,32,108
6,twenty,no,32,103
6,twenty,no,32,100
6,twenty,no,32,104
6,twenty,no,32,82
6,twenty,no,32,102
6,twenty,no,32,96
6,twenty,no,32,103
6,twenty,no,32,102
6,twenty,no,32,100
6,twenty,no,32,94
6,twenty,no,32,101
6,twenty,no,32,106
6,twenty,no,32,99
6,twenty,no,32,108
6,twenty,no,32,101
6,twenty,no,32,101
6,twenty,no,32,106
6,twenty,no,32,105
6,twenty,no,32,95
6,twenty,no,32,101
6,twenty,no,32,100
6,twenty,no,32,98
6,twenty,no,32,106
6,twenty,no,32,106
6,twenty,no,32,95
6,twenty,no,32,98
6,twenty,no,32,103
6,twenty,no,32,95
6,twenty,no,32,90
6,twenty,no,32,100
6,twenty,no,32,104
6,twenty,no,32,90
6,twenty,no,32,109
6,twenty,no,32,107
6,twenty,no,32,106
6,twenty,no,32,107
6,twenty,no,32,104
6,twenty,no,32,94
6,twenty,no,32,101
6,twenty,no,32,96
6,twenty,no,32,107
6,twenty,no,32,103
6,twenty,no,32,105
6,twenty,no,32,103
6,twenty,no,32,101
6,twenty,no,32,103
6,twenty,no,32,98
6,twenty,no,32,94
6,twenty,no,32,104
6,twenty,no,32,109
6,twenty,no,32,92
6,twenty,no,32,104
6,twenty,no,32,102
6,twenty,no,32,103
6,twenty,no,32,95
6,twenty,no,64,117
6,twenty,no,64,108
6,twenty,no,64,108
6,twenty,no,64,116
6,twenty,no,64,106
6,twenty,no,64,114
6,twenty,no,64,112
6,twenty,no,64,119
6,twenty,no,64,111
6,twenty,no,64,109
6,twenty,no,64,114
6,twenty,no,64,113
6,twenty,no,64,114
6,twenty,no,64,116
6,twenty,no,64,115
6,twenty,no,64,107
6,twenty,no,64,109
6,twenty,no,64,110
6,twenty,no,64,111
6,twenty,no,64,115
6,twenty,no,64,117
6,twenty,no,64,117
6,twenty,no,64,110
6,twenty,no,64,108
6,twenty,no,64,116
6,twenty,no,64,109
6,twenty,no,64,109
6,twenty,no,64,109
6,twenty,no,64,118
6,twenty,no,64,120
6,twenty,no,64,112
6,twenty,no,64,112
6,twenty,no,64,112
6,twenty,no,64,116
6,twenty,no,64,117
6,twenty,no,64,113
6,twenty,no,64,116
6,twenty,no,64,103
6,twenty,no,64,116
6,twenty,no,64,111
6,twenty,no,64,114
6,twenty,no,64,111
6,twenty,no,64,110
6,twenty,no,64,110
6,twenty,no,64,117
6,twenty,no,64,113
6,twenty,no,64,112
6,twenty,no,64,109
6,twenty,no,64,108
6,twenty,no,64,116
6,twenty,no,64,121
6,twenty,no,64,115
6,twenty,no,64,116
6,twenty,no,64,111
6,twenty,no,64,103
6,twenty,no,64,112
6,twenty,no,64,117
6,twenty,no,64,114
6,twenty,no,64,116
6,twenty,no,64,115
6,twenty,no,64,110
6,twenty,no,64,108
6,twenty,no,64,114
6,twenty,no,64,108
6,twenty,no,64,115
6,twenty,no,64,115
6,twenty,no,64,115
6,twenty,no,64,112
6,twenty,no,64,117
6,twenty,no,64,118
6,twenty,no,64,113
6,twenty,no,64,109
6,twenty,no,64,114
6,twenty,no,64,117
6,twenty,no,64,104
6,twenty,no,64,113
6,twenty,no,64,110
6,twenty,no,64,113
6,twenty,no,64,110
6,twenty,no,64,120
6,twenty,no,64,111
6,twenty,no,64,107
6,twenty,no,64,111
6,twenty,no,64,120
6,twenty,no,64,100
6,twenty,no,64,106
6,twenty,no,64,112
6,twenty,no,64,117
6,twenty,no,64,114
6,twenty,no,64,113
6,twenty,no,64,112
6,twenty,no,64,108
6,twenty,no,64,107
6,twenty,no,64,115
6,twenty,no,64,119
6,twenty,no,64,105
6,twenty,no,64,112
6,twenty,no,64,112
6,twenty,no,64,118
6,twenty,no,64,114
6,twenty,no,128,131
6,twenty,no,128,126
6,twenty,no,128,124
6,twenty,no,128,129
6,twenty,no,128,129
6,twenty,no,128,127
6,twenty,no,128,133
6,twenty,no,128,122
6,twenty,no,128,131
6,twenty,no,128,125
6,twenty,no,128,122
6,twenty,no,128,132
6,twenty,no,128,128
6,twenty,no,128,126
6,twenty,no,128,123
6,twenty,no,128,120
6,twenty,no,128,119
6,twenty,no,128,125
6,twenty,no,128,133
6,twenty,no,128,129
6,twenty,no,128,129
6,twenty,no,128,129
6,twenty,no,128,121
6,twenty,no,128,128
6,twenty,no,128,123
6,twenty,no,128,120
6,twenty,no,128,122
6,twenty,no,128,121
6,twenty,no,128,125
6,twenty,no,128,122
6,twenty,no,128,131
6,twenty,no,128,126
6,twenty,no,128,130
6,twenty,no,128,135
6,twenty,no,128,124
6,twenty,no,128,124
6,twenty,no,128,126
6,twenty,no,128,123
6,twenty,no,128,127
6,twenty,no,128,126
6,twenty,no,128,121
6,twenty,no,128,125
6,twenty,no,128,120
6,twenty,no,128,122
6,twenty,no,128,126
6,twenty,no,128,125
6,twenty,no,128,125
6,twenty,no,128,128
6,twenty,no,128,120
6,twenty,no,128,121
6,twenty,no,128,116
6,twenty,no,128,126
6,twenty,no,128,126
6,twenty,no,128,119
6,twenty,no,128,126
6,twenty,no,128,122
6,twenty,no,128,126
6,twenty,no,128,126
6,twenty,no,128,125
6,twenty,no,128,123
6,twenty,no,128,125
6,twenty,no,128,126
6,twenty,no,128,115
6,twenty,no,128,125
6,twenty,no,128,124
6,twenty,no,128,127
6,twenty,no,128,122
6,twenty,no,128,122
6,twenty,no,128,122
6,twenty,no,128,119
6,twenty,no,128,122
6,twenty,no,128,124
6,twenty,no,128,122
6,twenty,no,128,122
6,twenty,no,128,122
6,twenty,no,128,129
6,twenty,no,128,120
6,twenty,no,128,129
6,twenty,no,128,129
6,twenty,no,128,128
6,twenty,no,128,131
6,twenty,no,128,128
6,twenty,no,128,119
6,twenty,no,128,125
6,twenty,no,128,122
6,twenty,no,128,126
6,twenty,no,128,130
6,twenty,no,128,133
6,twenty,no,128,119
6,twenty,no,128,129
6,twenty,no,128,134
6,twenty,no,128,126
6,twenty,no,128,134
6,twenty,no,128,121
6,twenty,no,128,125
6,twenty,no,128,122
6,twenty,no,128,129
6,twenty,no,128,114
6,twenty,no,128,123
6,twenty,no,128,121
